date,tn_energy_gwh,kerala_energy_gwh,karnataka_energy_gwh,ap_energy_gwh,sr_max_demand_mw,sr_demand_met_mw,sr_peak_shortage_mw,sr_energy_gwh,sr_wind_gwh,sr_solar_gwh,india_energy_gwh
2013-01-02,247.7,57.7,174.6,253.0,,32126.0,1652.0,739.0,21.0,,2694.0
2013-03-31,223.2,56.0,158.0,253.7,,28778.0,5156.0,697.0,13.0,,2526.0
2013-04-01,234.4,57.6,159.4,248.5,,30828.0,5663.0,706.0,19.0,,2575.0
2013-04-02,229.4,59.5,164.6,249.0,,30407.0,5792.0,709.0,15.0,,2558.0
2013-04-03,224.0,62.0,163.7,249.0,,28887.0,6514.0,705.0,6.0,,2551.0
2013-04-04,227.3,61.4,161.8,253.9,,30916.0,5409.0,711.0,15.0,,2586.0
2013-04-05,230.2,60.5,163.3,246.0,,30563.0,5747.0,707.0,21.0,,2566.0
2013-04-06,241.3,59.4,161.1,248.9,,30691.0,5832.0,717.0,34.0,,2588.0
2013-04-07,227.2,56.3,161.2,246.5,,30510.0,4885.0,697.0,16.0,,2552.0
2013-04-08,227.8,60.3,169.6,250.5,,30599.0,6792.0,715.0,15.0,,2624.0
2013-04-09,233.7,59.3,172.1,249.0,,31129.0,5629.0,721.0,13.0,,2647.0
2013-04-10,236.7,59.4,169.7,245.0,,31219.0,5418.0,717.0,18.0,,2620.0
2013-04-11,233.7,60.8,162.4,246.0,,30220.0,5013.0,709.0,18.0,,2628.0
2013-04-12,228.9,61.2,169.3,248.8,,31115.0,6172.0,715.0,9.0,,2643.0
2013-04-13,225.1,60.5,172.2,250.4,,30500.0,6142.0,715.0,10.0,,2626.0
2013-04-14,237.2,57.4,167.2,249.5,,30337.0,3797.0,717.0,15.0,,2542.0
2013-04-15,224.3,57.9,170.8,249.2,,31781.0,5255.0,709.0,41.0,,2632.0
2013-04-16,246.3,59.6,169.6,249.7,,31565.0,5304.0,732.0,44.0,,2671.0
2013-04-17,241.1,61.1,170.7,241.1,,31071.0,5288.0,721.0,42.0,,2665.0
2013-04-18,243.7,60.4,171.2,245.7,,31009.0,4554.0,728.0,38.0,,2637.0
2013-04-19,236.4,60.7,166.7,247.8,,30759.0,5354.0,718.0,24.0,,2577.0
2013-04-20,236.0,60.0,169.5,238.0,,31028.0,3415.0,710.0,28.0,,2519.0
2013-04-21,230.3,55.4,161.7,231.2,,29057.0,3997.0,685.0,17.0,,2455.0
2013-04-22,232.6,59.8,167.4,234.6,,30034.0,5243.0,701.0,14.0,,2537.0
2013-04-23,233.4,60.5,169.4,235.0,,30248.0,3864.0,705.0,11.0,,2606.0
2013-04-24,231.6,59.7,164.2,232.3,,30423.0,5699.0,694.0,9.0,,2642.0
2013-04-25,232.9,58.9,156.8,239.2,,30038.0,5204.0,695.0,11.0,,2653.0
2013-04-26,232.8,59.0,149.4,238.8,,29801.0,6157.0,687.0,7.0,,2622.0
2013-04-27,231.7,58.3,156.3,242.6,,29412.0,4924.0,695.0,10.0,,2677.0
2013-04-28,241.9,52.9,149.0,240.6,,28344.0,3197.0,691.0,29.0,,2635.0
2013-04-29,238.3,53.6,153.8,242.8,,30311.0,4932.0,695.0,20.0,,2713.0
2013-04-30,233.4,59.0,158.6,245.9,,31151.0,6161.0,703.0,7.0,,2754.0
2013-05-01,220.2,56.7,153.7,240.2,,29384.0,5153.0,677.0,8.0,,2663.0
2013-05-02,225.8,58.8,160.2,236.3,,29748.0,5931.0,688.0,26.0,,2696.0
2013-05-03,249.6,60.4,163.2,242.0,,31801.0,4342.0,722.0,46.0,,2736.0
2013-05-04,238.5,60.0,167.7,240.9,,30451.0,5042.0,714.0,33.0,,2728.0
2013-05-05,223.8,56.4,164.2,237.1,,28160.0,4867.0,688.0,13.0,,2666.0
2013-05-06,221.9,59.6,165.5,242.5,,29951.0,5387.0,696.0,11.0,,2739.0
2013-05-07,228.2,57.9,168.9,239.7,,31505.0,4931.0,701.0,23.0,,2743.0
2013-05-08,254.5,58.7,167.7,241.0,,30590.0,6357.0,729.0,46.0,,2813.0
2013-05-09,259.0,59.0,146.4,242.7,,31307.0,4202.0,714.0,54.0,,2815.0
2013-05-10,259.4,61.2,149.5,244.9,,31238.0,3686.0,722.0,66.0,,2812.0
2013-05-11,258.6,60.7,147.1,247.7,,30402.0,2840.0,721.0,67.0,,2764.0
2013-05-12,257.0,56.2,141.8,229.8,,27675.0,1380.0,691.0,81.0,,2640.0
2013-05-13,250.7,58.5,156.8,240.4,,31045.0,3518.0,712.0,69.0,,2704.0
2013-05-14,267.3,58.0,159.4,241.4,,31174.0,3363.0,732.0,89.0,,2777.0
2013-05-15,265.9,58.1,162.4,238.7,,31005.0,4083.0,731.0,95.0,,2784.0
2013-05-16,263.9,59.0,162.3,236.4,,30877.0,3862.0,728.0,68.0,,2797.0
2013-05-17,233.5,60.2,168.5,239.2,,30997.0,5217.0,708.0,48.0,,2786.0
2013-05-18,232.9,60.2,162.9,235.0,,30408.0,4382.0,698.0,44.0,,2766.0
2013-05-19,239.6,56.8,146.3,240.1,,29784.0,3626.0,689.0,39.0,,2718.0
2013-05-20,238.9,54.5,149.4,239.8,,29544.0,5400.0,689.0,44.0,,2779.0
2013-05-21,252.8,52.8,142.3,243.3,,31439.0,3484.0,698.0,52.0,,2821.0
2013-05-22,262.9,59.2,152.8,245.9,,30928.0,3569.0,727.0,86.0,,2858.0
2013-05-23,260.4,59.2,150.8,243.0,,31002.0,4058.0,720.0,92.0,,2857.0
2013-05-24,264.0,58.5,160.8,242.9,,31514.0,3115.0,732.0,105.0,,2880.0
2013-05-25,255.1,53.1,159.0,244.7,,30641.0,3412.0,719.0,103.0,,2862.0
2013-05-26,241.4,48.8,148.5,244.1,,29312.0,2700.0,689.0,90.0,,2785.0
2013-05-27,246.7,53.6,147.7,240.4,,28839.0,3313.0,695.0,90.0,,2811.0
2013-05-28,250.8,54.1,146.4,242.0,,29518.0,3060.0,700.0,85.0,,2831.0
2013-05-29,246.2,53.8,141.9,235.4,,28556.0,4491.0,684.0,76.0,,2798.0
2013-05-30,230.8,51.4,139.9,224.5,,28504.0,3223.0,653.0,64.0,,2714.0
2013-05-31,230.8,51.4,139.9,224.5,,28504.0,3223.0,653.0,64.0,,2714.0
2013-06-01,226.2,47.6,122.3,225.8,,27662.0,4493.0,628.0,65.0,,2671.0
2013-06-02,224.7,44.1,117.4,216.4,,25009.0,2378.0,609.0,75.0,,2599.0
2013-06-04,238.6,51.0,131.1,223.6,,28483.0,3344.0,651.0,76.0,,2716.0
2013-06-05,246.4,53.1,135.5,227.3,,28404.0,4211.0,669.0,74.0,,2737.0
2013-06-06,245.1,51.3,132.6,221.6,,28492.0,3276.0,657.0,82.0,,2696.0
2013-06-07,242.0,50.2,134.9,222.7,,28326.0,3273.0,656.0,83.0,,2640.0
2013-06-08,246.1,47.9,130.9,210.0,,28038.0,2667.0,641.0,91.0,,2664.0
2013-06-09,237.7,44.2,121.8,208.1,,27246.0,2353.0,618.0,89.0,,2598.0
2013-06-10,238.3,50.3,136.7,216.3,,29379.0,3213.0,648.0,89.0,,2646.0
2013-06-11,247.4,47.3,138.6,218.5,,29020.0,2546.0,658.0,97.0,,2624.0
2013-06-12,243.3,48.5,137.7,212.4,,28864.0,3160.0,649.0,103.0,,2573.0
2013-06-13,241.7,47.4,135.7,209.8,,28414.0,2933.0,641.0,109.0,,2499.0
2013-06-14,251.3,47.5,136.6,203.0,,28324.0,2546.0,645.0,115.0,,2559.0
2013-06-15,248.2,46.5,135.6,207.8,,28308.0,3571.0,645.0,112.0,,2446.0
2013-06-16,244.2,42.8,127.0,213.7,,27834.0,2447.0,634.0,102.0,,2323.0
2013-06-17,251.7,48.4,140.9,227.4,,29948.0,2527.0,675.0,104.0,,2384.0
2013-06-18,257.0,49.8,146.8,233.3,,30167.0,2322.0,694.0,110.0,,2507.0
2013-06-19,258.3,50.9,147.9,235.3,,28727.0,2353.0,699.0,96.0,,2579.0
2013-06-20,263.2,50.9,148.5,240.4,,29223.0,2796.0,710.0,98.0,,2655.0
2013-06-21,266.5,52.1,151.2,240.9,,29506.0,2165.0,717.0,102.0,,2720.0
2013-06-22,265.4,51.0,148.6,231.3,,28503.0,2715.0,703.0,106.0,,2723.0
2013-06-23,249.4,46.2,140.7,224.1,,27355.0,2056.0,667.0,95.0,,2672.0
2013-06-24,256.0,47.9,145.9,221.9,,28631.0,2066.0,678.0,100.0,,2718.0
2013-06-25,254.2,48.3,141.3,214.9,,28726.0,2036.0,665.0,90.0,,2688.0
2013-06-26,262.0,50.8,142.7,223.0,,29034.0,2206.0,685.0,90.0,,2733.0
2013-06-27,263.3,52.3,143.9,229.0,,29138.0,2161.0,695.0,96.0,,2680.0
2013-06-29,258.4,52.9,148.0,227.8,,29113.0,2387.0,693.0,82.0,,2636.0
2013-06-30,246.0,49.3,140.8,231.5,,27400.0,2147.0,674.0,77.0,,2505.0
2013-07-01,256.4,51.4,148.8,234.9,,29296.0,2854.0,698.0,84.0,,2700.0
2013-07-02,255.7,52.3,150.4,228.9,,29843.0,3681.0,694.0,96.0,,2741.0
2013-07-03,260.1,50.6,147.4,230.9,,28260.0,2354.0,695.0,91.0,,2736.0
2013-07-04,259.8,49.8,145.0,223.9,,28926.0,2604.0,685.0,93.0,,2698.0
2013-07-05,261.8,53.0,150.0,223.0,,28899.0,3387.0,694.0,78.0,,2717.0
2013-07-06,258.2,53.3,149.0,224.8,,28970.0,2107.0,692.0,78.0,,2719.0
2013-07-07,237.4,48.5,137.8,218.4,,26472.0,1998.0,648.0,56.0,,2628.0
2013-07-08,245.9,52.0,144.5,219.8,,28900.0,3198.0,668.0,68.0,,2654.0
2013-07-09,253.3,53.4,148.1,225.5,,28910.0,2173.0,687.0,67.0,,2664.0
2013-07-10,249.2,47.5,147.1,223.9,,28345.0,2698.0,674.0,61.0,,2633.0
2013-07-11,245.0,50.9,140.5,214.5,,27812.0,1374.0,657.0,62.0,,2664.0
2013-07-12,251.5,52.4,138.8,205.5,,27898.0,2149.0,655.0,73.0,,2653.0
2013-07-13,254.6,52.2,136.2,209.2,,28168.0,1986.0,658.0,86.0,,2655.0
2013-07-14,244.0,49.2,130.3,215.6,,26248.0,2039.0,645.0,67.0,,2593.0
2013-07-15,250.4,53.5,141.9,221.1,,28469.0,1866.0,673.0,79.0,,2685.0
2013-07-16,249.2,53.0,141.1,221.3,,28261.0,2169.0,671.0,82.0,,2703.0
2013-07-17,251.6,53.1,141.4,211.8,,27628.0,2253.0,664.0,84.0,,2724.0
2013-07-18,251.6,51.4,138.6,214.6,,27674.0,1253.0,662.0,86.0,,2722.0
2013-07-19,245.1,51.2,137.0,206.3,,26865.0,1331.0,646.0,81.0,,2688.0
2013-07-20,238.8,51.2,132.5,207.2,,26940.0,1866.0,636.0,69.0,,2592.0
2013-07-21,228.5,47.3,124.5,213.4,,26007.0,1305.0,619.0,60.0,,2537.0
2013-07-22,243.0,51.1,136.5,209.9,,27921.0,1750.0,646.0,73.0,,2648.0
2013-07-23,246.8,51.2,129.8,202.0,,27451.0,2025.0,636.0,77.0,,2617.0
2013-07-24,247.9,51.5,131.5,213.7,,27654.0,1474.0,651.0,77.0,,2643.0
2013-07-25,242.3,51.0,136.3,226.4,,27709.0,1639.0,662.0,83.0,,2633.0
2013-07-26,253.0,50.0,135.0,233.8,,28272.0,1756.0,678.0,79.0,,2637.0
2013-07-28,246.1,48.5,124.0,235.9,,26931.0,1543.0,661.0,71.0,,2579.0
2013-07-29,254.8,52.6,134.9,243.6,,29627.0,2042.0,692.0,78.0,,2655.0
2013-07-30,261.6,54.4,137.4,238.0,,29378.0,2378.0,698.0,98.0,,2660.0
2013-07-31,258.5,55.6,137.5,220.2,,28585.0,1496.0,678.0,99.0,,2640.0
2013-08-01,257.4,50.8,137.2,223.3,,28910.0,1629.0,675.0,96.0,,2603.0
2013-08-02,260.1,49.0,140.8,234.8,,29493.0,1408.0,691.0,93.0,,2648.0
2013-08-03,252.9,51.9,140.6,247.8,,28734.0,1247.0,700.0,80.0,,2687.0
2013-08-04,238.4,47.8,131.4,247.7,,27826.0,1061.0,672.0,57.0,,2635.0
2013-08-05,239.0,49.2,138.2,245.4,,28848.0,1609.0,678.0,56.0,,2684.0
2013-08-06,245.6,51.0,143.0,240.4,,29164.0,1502.0,686.0,66.0,,2641.0
2013-08-07,245.3,52.7,145.5,246.0,,30195.0,1745.0,696.0,74.0,,2652.0
2013-08-08,253.5,52.5,147.4,256.3,,30683.0,1633.0,716.0,73.0,,2681.0
2013-08-09,246.0,51.6,146.3,256.6,,29133.0,1713.0,706.0,69.0,,2636.0
2013-08-10,236.0,53.3,143.8,253.7,,28777.0,1992.0,692.0,58.0,,2606.0
2013-08-11,221.3,50.9,139.2,250.6,,27680.0,2132.0,668.0,47.0,,2568.0
2013-08-12,229.6,55.3,144.0,235.1,,29080.0,4224.0,670.0,57.0,,2641.0
2013-08-14,233.7,55.6,147.3,241.7,,29906.0,2010.0,684.0,64.0,,2658.0
2013-08-15,215.0,53.1,145.5,227.5,,28318.0,975.0,646.0,48.0,,2417.0
2013-08-16,228.4,55.2,141.5,222.7,,29522.0,1260.0,652.0,52.0,,2478.0
2013-08-17,225.3,55.4,139.8,221.5,,29040.0,750.0,647.0,64.0,,2483.0
2013-08-18,219.7,51.3,137.2,220.6,,27773.0,634.0,635.0,61.0,,2441.0
2013-08-19,242.4,54.1,139.8,230.4,,23694.0,687.0,673.0,82.0,,2533.0
2013-08-20,243.5,55.5,148.6,237.9,,30620.0,600.0,692.0,79.0,,2487.0
2013-08-21,246.5,55.7,153.4,244.6,,30549.0,712.0,706.0,78.0,,2521.0
2013-08-22,250.7,56.8,155.4,246.4,,31255.0,664.0,716.0,82.0,,2594.0
2013-08-23,254.0,56.8,156.4,256.2,,31672.0,690.0,730.0,85.0,,2669.0
2013-08-24,253.6,57.3,155.1,263.2,,32275.0,735.0,736.0,86.0,,2698.0
2013-08-25,251.5,52.6,147.7,261.9,,30412.0,710.0,720.0,81.0,,2662.0
2013-08-26,250.6,56.4,161.8,266.4,,32926.0,855.0,742.0,71.0,,2763.0
2013-08-27,245.3,57.8,164.6,264.2,,33131.0,1098.0,738.0,48.0,,2793.0
2013-08-30,223.7,58.4,171.9,268.2,,31425.0,2394.0,729.0,14.0,,2786.0
2013-08-31,226.3,58.0,166.1,261.0,,31262.0,1548.0,718.0,8.0,,2788.0
2013-09-01,227.6,53.1,150.0,253.2,,29588.0,654.0,690.0,10.0,,2715.0
2013-09-02,231.1,57.5,150.5,255.4,,30879.0,1914.0,701.0,21.0,,2807.0
2013-09-03,241.9,57.5,144.2,254.8,,32465.0,880.0,705.0,41.0,,2839.0
2013-09-04,240.7,56.6,145.8,255.5,,31791.0,909.0,705.0,42.0,,2855.0
2013-09-05,254.9,57.0,148.9,260.5,,32135.0,801.0,728.0,55.0,,2893.0
2013-09-06,248.6,56.4,151.0,262.9,,32205.0,1081.0,725.0,36.0,,2888.0
2013-09-07,233.5,54.0,146.0,257.1,,30257.0,958.0,696.0,33.0,,2850.0
2013-09-08,220.3,50.3,130.0,240.0,,28277.0,719.0,646.0,16.0,,2777.0
2013-09-09,217.8,54.5,119.1,231.6,,28929.0,754.0,628.0,29.0,,2756.0
2013-09-10,230.2,56.2,124.2,242.3,,30333.0,593.0,659.0,37.0,,2832.0
2013-09-11,228.6,56.4,126.1,240.6,,30328.0,652.0,658.0,20.0,,2844.0
2013-09-12,228.6,56.6,126.1,245.0,,29323.0,180.0,662.0,21.0,,2864.0
2013-09-13,231.0,56.3,124.7,244.6,,30073.0,640.0,663.0,20.0,,2844.0
2013-09-15,222.8,51.0,113.4,246.5,,27981.0,522.0,640.0,20.0,,2724.0
2013-09-16,237.5,48.4,124.6,243.5,,30009.0,487.0,660.0,34.0,,2704.0
2013-09-17,240.5,47.8,126.8,237.5,,28859.0,511.0,659.0,38.0,,2742.0
2013-09-18,243.4,51.3,127.3,234.9,,29787.0,495.0,663.0,43.0,,2756.0
2013-09-19,248.0,54.5,125.0,239.5,,30282.0,511.0,673.0,48.0,,2795.0
2013-09-21,247.0,55.7,123.0,228.8,,29240.0,488.0,661.0,55.0,,2681.0
2013-09-22,244.6,52.4,116.5,231.3,,28639.0,448.0,651.0,60.0,,2586.0
2013-09-24,263.4,57.9,139.7,260.7,,28161.0,712.0,728.0,73.0,,2716.0
2013-09-25,261.7,58.5,147.8,264.8,,28341.0,697.0,739.0,60.0,,2675.0
2013-09-26,263.6,59.2,152.6,270.6,,32666.0,390.0,753.0,52.0,,2704.0
2013-09-27,265.2,59.7,156.7,268.7,,33001.0,1120.0,757.0,51.0,,2719.0
2013-09-28,267.8,59.3,156.6,267.0,,31859.0,503.0,757.0,63.0,,2706.0
2013-09-29,255.5,54.3,149.4,255.6,,30398.0,663.0,721.0,57.0,,2587.0
2013-09-30,264.8,56.4,157.9,264.5,,32501.0,803.0,750.0,59.0,,2661.0
2013-10-01,270.0,57.1,158.4,266.3,,32080.0,1259.0,758.0,48.0,,2674.0
2013-10-02,252.1,55.1,147.8,251.4,,30041.0,980.0,712.0,37.0,,2590.0
2013-10-03,258.3,57.3,155.5,237.7,,31344.0,1198.0,715.0,57.0,,2627.0
2013-10-04,262.2,57.6,160.3,234.4,,29342.0,2753.0,720.0,71.0,,2594.0
2013-10-05,262.6,57.2,158.1,230.0,,30108.0,2886.0,713.0,65.0,,2594.0
2013-10-06,255.3,52.9,148.5,215.4,,28639.0,1767.0,678.0,44.0,,2552.0
2013-10-07,264.9,57.3,160.4,208.8,,29900.0,4520.0,698.0,45.0,,2626.0
2013-10-08,254.4,58.9,158.6,211.8,,29538.0,3699.0,690.0,39.0,,2640.0
2013-10-09,246.2,56.8,157.6,202.2,,30114.0,3137.0,669.0,38.0,,2624.0
2013-10-10,245.0,58.0,159.8,225.5,,31086.0,1546.0,695.0,32.0,,2663.0
2013-10-11,251.6,58.4,164.8,230.4,,31705.0,1350.0,711.0,51.0,,2578.0
2013-10-12,251.8,56.8,158.7,236.3,,29977.0,1471.0,710.0,57.0,,2508.0
2013-10-13,223.9,52.0,151.9,230.5,,27727.0,1219.0,664.0,41.0,,2251.0
2013-10-14,245.8,56.1,150.8,236.4,,30028.0,1615.0,695.0,46.0,,2346.0
2013-10-16,248.9,57.6,155.4,236.2,,30156.0,2681.0,704.0,16.0,,2554.0
2013-10-17,246.8,56.5,155.2,238.0,,31073.0,2457.0,703.0,6.0,,2576.0
2013-10-18,245.5,56.9,157.5,248.1,,30708.0,2774.0,714.0,8.0,,2615.0
2013-10-19,232.4,56.1,156.2,253.4,,30192.0,2538.0,705.0,11.0,,2601.0
2013-10-20,214.3,51.8,145.2,251.8,,29322.0,939.0,669.0,7.0,,2528.0
2013-10-21,218.9,56.6,151.2,246.4,,29768.0,1351.0,679.0,12.0,,2572.0
2013-10-22,225.4,56.7,146.0,233.7,,29450.0,1233.0,668.0,16.0,,2564.0
2013-10-23,231.1,57.8,138.1,219.6,,29613.0,1012.0,653.0,18.0,,2530.0
2013-10-24,236.0,57.2,133.8,205.9,,29075.0,1069.0,639.0,20.0,,2505.0
2013-10-25,241.9,57.7,132.9,197.6,,29041.0,1130.0,636.0,29.0,,2531.0
2013-10-26,236.4,57.7,127.5,195.4,,28832.0,1178.0,623.0,33.0,,2507.0
2013-10-27,236.2,53.0,121.4,192.1,,27900.0,1073.0,608.0,34.0,,2448.0
2013-10-28,246.3,57.2,134.1,207.9,,30651.0,1193.0,651.0,29.0,,2533.0
2013-10-29,237.6,58.0,140.8,216.4,,29635.0,2391.0,659.0,8.0,,2566.0
2013-10-30,240.3,59.6,143.8,222.5,,30344.0,2511.0,673.0,8.0,,2584.0
2013-10-31,253.3,58.7,150.8,225.3,,31191.0,1136.0,695.0,6.0,,2606.0
2013-11-01,237.4,58.9,144.4,226.7,,29905.0,1089.0,674.0,10.0,,2594.0
2013-11-02,201.6,55.9,144.5,227.2,,27253.0,837.0,634.0,11.0,,2551.0
2013-11-03,193.7,50.5,136.3,209.9,,26253.0,1313.0,595.0,18.0,,2388.0
2013-11-04,205.0,57.1,137.0,219.6,,28759.0,1191.0,624.0,18.0,,2359.0
2013-11-05,212.2,59.0,151.5,227.3,,30835.0,1259.0,656.0,23.0,,2420.0
2013-11-06,220.1,60.2,159.5,231.1,,30871.0,1217.0,676.0,21.0,,2496.0
2013-11-07,224.0,58.9,164.8,234.0,,29623.0,3032.0,687.0,22.0,,2518.0
2013-11-08,228.7,60.6,168.6,234.5,,31173.0,2302.0,698.0,15.0,,2528.0
2013-11-09,229.4,60.1,168.0,232.9,,30650.0,2491.0,696.0,21.0,,2530.0
2013-11-10,230.7,55.8,161.1,228.1,,29391.0,1751.0,681.0,18.0,,2490.0
2013-11-11,225.5,59.5,168.9,232.1,,30226.0,2686.0,692.0,16.0,,2546.0
2013-11-12,232.3,58.8,172.6,234.6,,30929.0,2253.0,704.0,9.0,,2592.0
2013-11-13,228.1,58.4,171.7,230.1,,29914.0,3244.0,694.0,8.0,,2595.0
2013-11-14,221.6,60.0,172.4,227.4,,29540.0,3332.0,687.0,8.0,,2578.0
2013-11-15,227.6,59.4,172.5,223.2,,30145.0,2935.0,689.0,14.0,,2568.0
2013-11-16,213.9,58.1,166.4,238.2,,28870.0,1659.0,666.0,15.0,,2554.0
2013-11-17,195.3,53.4,150.2,216.4,,27742.0,1772.0,621.0,19.0,,2462.0
2013-11-18,201.8,52.9,162.0,224.9,,29108.0,2384.0,647.0,15.0,,2544.0
2013-11-19,200.4,57.5,164.7,234.5,,29765.0,2792.0,663.0,9.0,,2594.0
2013-11-20,204.6,59.7,168.4,240.3,,29246.0,3249.0,679.0,8.0,,2613.0
2013-11-21,200.0,59.4,166.8,239.4,,28780.0,3780.0,672.0,5.0,,2614.0
2013-11-22,204.9,60.0,172.0,229.4,,29003.0,3336.0,672.0,4.0,,2609.0
2013-11-23,205.3,58.7,169.6,225.7,,28710.0,3230.0,665.0,5.0,,2612.0
2013-11-24,194.9,52.7,152.9,222.9,,27425.0,2053.0,629.0,6.0,,2534.0
2013-11-25,207.0,56.8,163.9,226.5,,29372.0,2835.0,660.0,5.0,,2575.0
2013-11-26,208.7,57.5,166.3,229.0,,29589.0,3269.0,667.0,6.0,,2611.0
2013-11-27,217.2,58.7,166.9,229.6,,29465.0,3201.0,678.0,8.0,,2638.0
2013-11-28,221.4,59.4,168.1,225.1,,29331.0,3032.0,680.0,9.0,,2627.0
2013-11-29,215.8,58.3,150.7,219.7,,28722.0,3699.0,650.0,9.0,,2597.0
2013-11-30,225.7,58.4,160.4,226.3,,29133.0,3441.0,677.0,12.0,,2622.0
2013-12-01,226.9,54.1,157.8,220.0,,28552.0,1755.0,664.0,15.0,,2569.0
2013-12-02,219.8,55.1,160.8,224.1,,29635.0,2717.0,665.0,14.0,,2598.0
2013-12-03,228.8,57.2,165.2,227.7,,30497.0,1677.0,684.0,25.0,,2616.0
2013-12-04,228.2,58.0,167.1,229.2,,30975.0,1645.0,688.0,31.0,,2644.0
2013-12-05,228.2,57.6,168.0,229.9,,30576.0,2240.0,689.0,24.0,,2624.0
2013-12-06,227.3,58.9,170.2,239.1,,31055.0,1967.0,701.0,12.0,,2663.0
2013-12-07,226.5,57.3,168.2,235.1,,30376.0,2135.0,693.0,12.0,,2649.0
2013-12-08,229.0,53.4,161.6,234.5,,29500.0,1175.0,684.0,9.0,,2595.0
2013-12-09,223.4,57.1,169.1,235.5,,29854.0,2406.0,691.0,7.0,,2637.0
2013-12-10,239.0,58.3,168.9,242.1,,31398.0,1627.0,714.0,7.0,,2682.0
2013-12-11,240.8,58.6,171.7,243.3,,31576.0,2823.0,720.0,10.0,,2687.0
2013-12-12,230.8,58.1,169.4,243.9,,30436.0,1220.0,708.0,22.0,,2681.0
2013-12-13,223.2,56.9,174.4,245.2,,31367.0,1128.0,705.0,27.0,,2677.0
2013-12-14,227.4,58.3,171.8,234.6,,30293.0,2785.0,698.0,16.0,,2666.0
2013-12-15,220.3,54.3,164.5,231.5,,29127.0,450.0,676.0,8.0,,2594.0
2013-12-16,223.8,59.3,167.5,235.5,,30683.0,2531.0,692.0,18.0,,2649.0
2013-12-17,236.1,57.5,168.9,240.8,,30660.0,1956.0,709.0,26.0,,2687.0
2013-12-18,240.8,56.9,165.7,241.5,,30069.0,2929.0,711.0,18.0,,2681.0
2013-12-19,237.6,57.4,160.4,242.2,,30362.0,2283.0,703.0,9.0,,2663.0
2013-12-20,246.8,58.5,163.3,246.2,,30605.0,2732.0,721.0,10.0,,2674.0
2013-12-21,248.9,58.6,168.3,247.8,,31648.0,1282.0,729.0,16.0,,2631.0
2013-12-22,240.6,53.6,165.5,244.3,,29672.0,1288.0,709.0,24.0,,2594.0
2013-12-23,244.5,56.7,173.2,245.3,,31712.0,1481.0,725.0,32.0,,2660.0
2013-12-24,247.1,56.4,173.5,242.1,,31712.0,2558.0,725.0,38.0,,2687.0
2013-12-25,235.7,53.1,172.0,252.6,,30557.0,2034.0,719.0,23.0,,2702.0
2013-12-26,237.0,56.4,176.6,255.5,,31562.0,1445.0,731.0,26.0,,2698.0
2013-12-27,236.8,57.0,177.5,255.5,,31164.0,1550.0,733.0,17.0,,2722.0
2013-12-28,245.5,56.6,174.8,252.0,,31755.0,1091.0,735.0,14.0,,2723.0
2013-12-29,240.2,52.2,166.3,249.2,,29670.0,1329.0,713.0,16.0,,2682.0
2013-12-30,248.4,56.6,174.8,248.3,,31583.0,2568.0,734.0,21.0,,2702.0
2013-12-31,252.7,57.3,177.3,252.1,,31623.0,1178.0,745.0,29.0,,2651.0
2014-01-01,245.3,57.1,171.7,247.4,,31623.0,1233.0,727.0,28.0,,2630.0
2014-01-02,247.7,57.7,174.6,253.0,,32126.0,1652.0,739.0,21.0,,2694.0
2014-01-04,252.2,58.8,177.2,252.6,,31636.0,1198.0,747.0,15.0,,2760.0
2014-01-05,243.9,53.9,167.0,248.6,,29973.0,1053.0,719.0,11.0,,2651.0
2014-01-06,254.5,57.8,176.6,251.5,,32793.0,1683.0,746.0,8.0,,2717.0
2014-01-07,262.3,58.6,179.7,257.9,,32928.0,1609.0,764.0,22.0,,2747.0
2014-01-08,256.6,58.7,181.5,265.1,,33025.0,1230.0,768.0,23.0,,2791.0
2014-01-09,254.6,59.6,182.4,261.0,,33011.0,1533.0,764.0,18.0,,2775.0
2014-01-10,255.3,60.3,184.9,260.0,,33288.0,2126.0,766.0,17.0,,2789.0
2014-01-11,256.3,59.5,183.6,254.5,,32409.0,2139.0,760.0,13.0,,2751.0
2014-01-12,248.8,54.7,175.4,257.4,,30224.0,1559.0,742.0,13.0,,2707.0
2014-01-13,253.6,59.2,182.0,263.2,,31314.0,1606.0,764.0,17.0,,2763.0
2014-01-14,224.0,58.9,181.5,260.6,,30190.0,1086.0,730.0,16.0,,2696.0
2014-01-15,202.1,60.5,177.5,258.4,,29256.0,1084.0,703.0,14.0,,2679.0
2014-01-16,217.0,60.7,182.0,259.5,,30868.0,1180.0,723.0,14.0,,2723.0
2014-01-17,237.5,60.9,184.6,266.1,,31083.0,1284.0,754.0,16.0,,2741.0
2014-01-18,246.3,60.0,182.4,270.0,,32647.0,1949.0,764.0,17.0,,2648.0
2014-01-19,240.1,55.1,174.2,267.1,,30621.0,1712.0,742.0,20.0,,2653.0
2014-01-20,243.3,59.3,181.4,269.1,,32774.0,1905.0,759.0,37.0,,2714.0
2014-01-21,245.8,59.9,180.4,268.2,,32519.0,1708.0,760.0,31.0,,2669.0
2014-01-22,252.2,60.2,182.1,265.9,,32770.0,1769.0,766.0,23.0,,2634.0
2014-01-23,251.2,60.4,183.2,268.8,,32865.0,1635.0,769.0,17.0,,2613.0
2014-01-24,258.1,60.6,185.8,269.3,,33146.0,1485.0,779.0,16.0,,2662.0
2014-01-25,253.5,60.3,184.5,269.7,,33132.0,1606.0,773.0,24.0,,2652.0
2014-01-26,234.1,53.5,173.2,267.6,,30029.0,1251.0,733.0,26.0,,2542.0
2014-01-27,244.4,58.6,181.1,261.9,,32638.0,2196.0,752.0,37.0,,2622.0
2014-01-28,252.9,59.9,185.9,263.8,,32959.0,1521.0,768.0,23.0,,2707.0
2014-01-29,252.4,59.9,187.9,262.0,,33002.0,2494.0,768.0,21.0,,2716.0
2014-01-30,251.5,60.4,180.4,261.3,,32959.0,2827.0,760.0,22.0,,2718.0
2014-01-31,253.9,61.2,185.2,256.5,,33545.0,1957.0,763.0,26.0,,2725.0
2014-02-01,258.1,61.3,184.4,258.5,,32983.0,1916.0,768.0,28.0,,2729.0
2014-02-02,250.0,55.8,175.8,259.0,,31523.0,1011.0,746.0,28.0,,2656.0
2014-02-03,250.0,60.5,187.3,258.2,,32876.0,1887.0,761.0,20.0,,2717.0
2014-02-04,251.7,61.4,188.9,265.8,,32699.0,2227.0,774.0,13.0,,2767.0
2014-02-05,247.7,61.8,188.6,263.2,,32505.0,2996.0,767.0,9.0,,2795.0
2014-02-06,251.9,61.8,185.5,264.0,,32765.0,2564.0,769.0,16.0,,2771.0
2014-02-07,253.7,61.3,186.6,262.3,,32914.0,2185.0,770.0,17.0,,2749.0
2014-02-08,260.8,60.6,184.0,266.8,,32631.0,1985.0,778.0,15.0,,2761.0
2014-02-09,245.0,55.6,178.2,262.6,,30714.0,1433.0,747.0,9.0,,2687.0
2014-02-10,251.2,59.9,186.1,266.7,,32466.0,1256.0,770.0,6.0,,2758.0
2014-02-11,255.1,61.2,193.2,266.4,,32829.0,2327.0,782.0,10.0,,2794.0
2014-02-12,258.4,61.2,192.5,267.8,,33391.0,2394.0,786.0,10.0,,2816.0
2014-02-13,263.0,61.4,194.0,273.1,,33879.0,1599.0,798.0,11.0,,2820.0
2014-02-14,261.7,62.5,194.9,273.7,,34242.0,2511.0,799.0,10.0,,2743.0
2014-02-15,258.2,62.0,191.1,273.6,,33097.0,1795.0,791.0,8.0,,2701.0
2014-02-16,248.1,56.8,181.4,262.7,,30829.0,1440.0,755.0,11.0,,2628.0
2014-02-17,254.1,61.2,190.0,261.6,,33374.0,2183.0,773.0,9.0,,2695.0
2014-02-18,252.0,62.9,192.1,265.0,,33348.0,2277.0,778.0,25.0,,2745.0
2014-02-19,249.1,63.5,192.8,267.2,,32997.0,3141.0,779.0,16.0,,2763.0
2014-02-20,253.8,63.4,192.6,265.0,,33570.0,2893.0,781.0,15.0,,2780.0
2014-02-21,259.7,62.3,192.6,268.2,,34275.0,2845.0,789.0,11.0,,2779.0
2014-02-22,261.1,61.1,192.3,276.1,,33551.0,2207.0,797.0,9.0,,2742.0
2014-02-23,249.8,58.4,187.9,265.9,,31564.0,1409.0,767.0,14.0,,2662.0
2014-02-24,257.2,61.6,191.3,272.1,,33086.0,1803.0,788.0,24.0,,2718.0
2014-02-25,251.2,64.0,194.0,272.5,,33928.0,2228.0,787.0,28.0,,2710.0
2014-02-26,252.6,64.8,190.5,264.9,,33353.0,2234.0,779.0,19.0,,2691.0
2014-02-27,254.0,64.3,187.4,265.2,,33444.0,2380.0,777.0,13.0,,2639.0
2014-02-28,257.0,65.2,186.5,258.2,,32815.0,3275.0,773.0,11.0,,2544.0
2014-03-01,252.3,64.0,182.4,256.7,,33117.0,2517.0,761.0,9.0,,2542.0
2014-03-02,249.8,58.6,172.8,258.6,,30733.0,1243.0,745.0,11.0,,2511.0
2014-03-03,250.5,63.2,176.7,253.8,,32111.0,2038.0,750.0,11.0,,2578.0
2014-03-04,253.8,64.0,178.7,244.8,,32201.0,2229.0,748.0,10.0,,2577.0
2014-03-05,267.4,64.8,181.4,248.7,,33435.0,1297.0,768.0,13.0,,2623.0
2014-03-06,264.5,64.4,179.5,250.4,,33014.0,2291.0,765.0,11.0,,2638.0
2014-03-07,261.7,64.7,175.2,256.8,,32715.0,1306.0,765.0,18.0,,2658.0
2014-03-08,266.6,65.3,159.8,253.3,,32602.0,881.0,751.0,24.0,,2640.0
2014-03-09,257.8,59.6,151.1,252.9,,30675.0,1505.0,727.0,25.0,,2577.0
2014-03-10,265.2,64.6,165.6,258.1,,32825.0,1551.0,760.0,14.0,,2605.0
2014-03-11,267.3,65.8,173.6,262.9,,34217.0,1606.0,776.0,30.0,,2613.0
2014-03-12,262.0,65.6,176.6,267.6,,33712.0,1696.0,778.0,30.0,,2645.0
2014-03-13,266.9,64.6,182.1,272.6,,33697.0,1711.0,792.0,36.0,,2710.0
2014-03-14,266.7,64.9,188.3,273.6,,33111.0,1551.0,800.0,31.0,,2751.0
2014-03-15,264.3,64.8,187.6,279.9,,32949.0,1549.0,803.0,25.0,,2783.0
2014-03-16,259.5,59.5,179.6,277.8,,31003.0,2109.0,782.0,30.0,,2709.0
2014-03-17,262.9,64.1,189.5,271.6,,32715.0,1907.0,794.0,22.0,,2584.0
2014-03-18,262.3,66.4,190.8,272.9,,34943.0,2496.0,798.0,25.0,,2653.0
2014-03-19,268.3,66.7,192.3,264.3,,34167.0,3217.0,798.0,16.0,,2789.0
2014-03-20,256.5,66.2,186.6,277.4,,32877.0,4765.0,793.0,9.0,,2818.0
2014-03-21,250.8,67.2,188.4,281.7,,34200.0,3533.0,795.0,10.0,,2809.0
2014-03-22,262.2,68.1,199.9,284.8,,34990.0,2008.0,822.0,10.0,,2853.0
2014-03-23,273.6,63.2,193.2,281.5,,34511.0,1918.0,818.0,10.0,,2800.0
2014-03-24,273.7,68.0,200.8,283.5,,36126.0,2702.0,832.0,10.0,,2786.0
2014-03-25,283.6,68.4,199.2,282.1,,35616.0,2726.0,840.0,16.0,,2822.0
2014-03-26,285.2,68.3,203.4,281.2,,35976.0,2178.0,845.0,31.0,,2902.0
2014-03-27,273.2,68.0,203.2,283.6,,35904.0,3126.0,834.0,18.0,,2890.0
2014-03-28,267.1,68.1,201.4,280.6,,35017.0,2954.0,824.0,13.0,,2865.0
2014-03-29,267.0,67.4,202.4,278.1,,34201.0,4076.0,822.0,18.0,,2861.0
2014-03-30,262.4,63.6,196.1,279.6,,33746.0,1775.0,808.0,15.0,,2802.0
2014-03-31,271.6,68.7,194.8,281.6,,34569.0,2018.0,823.0,17.0,,2860.0
2014-04-01,276.9,68.8,194.4,284.0,,34872.0,2235.0,831.0,20.0,,2874.0
2014-04-02,276.0,69.1,197.2,278.4,,35661.0,3027.0,828.0,15.0,,2877.0
2014-04-03,268.2,70.1,204.1,279.4,,35608.0,3350.0,829.0,12.0,,2905.0
2014-04-04,266.3,70.1,205.0,276.4,,34404.0,4494.0,825.0,9.0,,2911.0
2014-04-05,256.1,68.3,203.1,266.9,,33789.0,4175.0,801.0,8.0,,2885.0
2014-04-06,256.0,62.7,193.3,268.0,,33112.0,3192.0,787.0,11.0,,2826.0
2014-04-07,269.7,63.0,206.7,269.6,,34552.0,2765.0,816.0,14.0,,2880.0
2014-04-08,274.2,61.7,201.2,268.1,,34516.0,3043.0,812.0,25.0,,2902.0
2014-04-09,285.2,64.2,185.6,269.7,,33891.0,1810.0,813.0,38.0,,2896.0
2014-04-10,263.9,59.6,185.9,267.4,,34107.0,3138.0,784.0,17.0,,2872.0
2014-04-11,279.4,62.9,194.3,263.4,,33289.0,2619.0,807.0,27.0,,2900.0
2014-04-12,274.0,63.4,191.6,263.6,,33097.0,3363.0,800.0,17.0,,2884.0
2014-04-13,268.5,56.8,182.4,258.1,,32535.0,2845.0,773.0,12.0,,2769.0
2014-04-14,267.6,59.2,190.0,261.5,,32134.0,1980.0,785.0,13.0,,2832.0
2014-04-15,273.6,57.6,185.0,261.7,,32987.0,2590.0,785.0,9.0,,2903.0
2014-04-16,276.7,61.7,188.5,264.3,,33228.0,2682.0,798.0,17.0,,2898.0
2014-04-17,289.4,63.5,177.9,266.0,,31951.0,2529.0,804.0,28.0,,2884.0
2014-04-18,286.6,60.1,168.2,265.3,,32245.0,2235.0,787.0,23.0,,2755.0
2014-04-19,278.7,63.3,169.8,266.4,,33049.0,2016.0,785.0,9.0,,2791.0
2014-04-20,262.2,60.4,159.8,261.7,,31900.0,2553.0,751.0,12.0,,2703.0
2014-04-21,274.4,65.6,181.6,261.0,,33870.0,2720.0,789.0,9.0,,2816.0
2014-04-22,280.9,66.6,191.4,262.4,,34344.0,3066.0,809.0,11.0,,2893.0
2014-04-23,289.7,66.9,195.0,250.4,,33908.0,3419.0,809.0,9.0,,2921.0
2014-04-24,258.4,65.2,196.3,256.0,,32399.0,2433.0,782.0,15.0,,2918.0
2014-04-25,278.1,66.3,195.0,257.7,,34327.0,3173.0,804.0,16.0,,2975.0
2014-04-26,280.5,66.2,181.8,263.0,,33252.0,2723.0,800.0,15.0,,2989.0
2014-04-27,270.2,59.7,169.1,258.5,,32087.0,1976.0,764.0,13.0,,2919.0
2014-04-28,279.1,63.7,181.8,255.7,,33808.0,3425.0,788.0,9.0,,2985.0
2014-04-30,276.1,61.4,176.9,260.9,,32365.0,3238.0,783.0,11.0,,2994.0
2014-05-01,273.3,54.2,162.3,256.3,,30543.0,981.0,753.0,13.0,,2934.0
2014-05-02,273.1,60.6,162.4,256.0,,32315.0,2620.0,759.0,11.0,,2904.0
2014-05-03,274.5,61.4,162.7,254.4,,31884.0,2652.0,760.0,8.0,,2886.0
2014-05-04,276.7,57.5,154.0,246.5,,30632.0,1757.0,741.0,4.0,,2821.0
2014-05-05,265.0,59.1,170.2,245.9,,31126.0,1670.0,746.0,12.0,,2859.0
2014-05-06,257.6,60.8,170.4,253.1,,31242.0,1720.0,748.0,12.0,,2940.0
2014-05-07,227.4,56.5,169.3,238.2,,30134.0,2268.0,697.0,9.0,,2907.0
2014-05-08,225.2,50.9,142.4,242.2,,27993.0,690.0,666.0,14.0,,2830.0
2014-05-09,237.9,56.7,134.0,220.5,,29948.0,1331.0,655.0,23.0,,2825.0
2014-05-10,253.9,60.1,145.5,218.8,,30952.0,1935.0,685.0,42.0,,2832.0
2014-05-11,245.3,58.1,145.0,233.3,,28858.0,1723.0,688.0,24.0,,2774.0
2014-05-12,256.6,61.4,162.0,243.1,,30326.0,3645.0,730.0,23.0,,2866.0
2014-05-13,270.1,63.3,170.0,250.4,,32385.0,2721.0,761.0,32.0,,2818.0
2014-05-14,276.7,64.1,175.4,251.8,,31935.0,2443.0,775.0,49.0,,2763.0
2014-05-15,274.6,65.5,182.1,251.9,,32880.0,1982.0,780.0,58.0,,2869.0
2014-05-16,290.1,67.4,188.6,251.3,,33296.0,2482.0,804.0,68.0,,2946.0
2014-05-17,283.7,63.7,178.5,248.7,,32452.0,2766.0,782.0,60.0,,2914.0
2014-05-18,263.6,60.8,165.4,246.9,,30683.0,1469.0,743.0,25.0,,2830.0
2014-05-19,263.2,65.8,171.2,244.5,,30536.0,2583.0,750.0,31.0,,2896.0
2014-05-20,273.7,64.4,157.6,237.1,,31803.0,2816.0,740.0,44.0,,2934.0
2014-05-21,282.5,63.7,154.3,246.6,,31063.0,2050.0,754.0,56.0,,2976.0
2014-05-22,281.0,63.7,157.2,249.7,,32529.0,1958.0,759.0,66.0,,3006.0
2014-05-23,282.6,66.0,168.5,249.6,,31760.0,2175.0,774.0,64.0,,2985.0
2014-05-24,266.4,64.1,172.4,249.8,,31792.0,1920.0,760.0,65.0,,2948.0
2014-05-25,261.7,60.0,159.4,227.3,,27729.0,2886.0,715.0,64.0,,2796.0
2014-05-26,268.3,65.0,173.0,182.5,,28790.0,5158.0,695.0,55.0,,2826.0
2014-05-27,258.2,66.0,166.4,227.4,,30875.0,2136.0,725.0,40.0,,2898.0
2014-05-28,248.9,62.2,159.6,239.5,,30357.0,2318.0,718.0,24.0,,2920.0
2014-05-29,264.2,60.5,158.0,236.5,,31297.0,2760.0,726.0,51.0,,2969.0
2014-05-30,275.6,62.9,158.7,243.1,,32650.0,2220.0,748.0,68.0,,2958.0
2014-05-31,274.7,65.2,158.6,247.6,,31912.0,2470.0,754.0,76.0,,2939.0
2014-06-01,267.7,59.7,148.9,248.3,,30991.0,730.0,731.0,76.0,,2834.0
2014-06-02,270.9,61.5,153.8,106.9,,29648.0,1150.0,744.0,86.0,,2917.0
2014-06-03,252.3,57.7,135.4,93.5,,29623.0,4785.0,665.0,56.0,,2890.0
2014-06-04,276.4,61.0,149.2,122.7,,31425.0,2550.0,734.0,73.0,,3011.0
2014-06-05,277.5,60.3,151.4,120.0,,32043.0,1900.0,741.0,78.0,,3040.0
2014-06-06,278.3,59.7,145.0,125.8,,31410.0,1525.0,744.0,86.0,,3069.0
2014-06-07,276.7,57.5,143.8,129.1,,31433.0,1950.0,740.0,92.0,,3095.0
2014-06-08,265.3,52.4,136.4,130.8,,29709.0,1500.0,716.0,104.0,,3028.0
2014-06-09,256.8,55.7,149.4,119.9,,30712.0,2075.0,713.0,91.0,,3055.0
2014-06-10,272.3,55.6,156.0,114.5,,30495.0,3430.0,724.0,87.0,,3077.0
2014-06-11,280.9,54.6,163.0,123.1,,32717.0,2000.0,750.0,109.0,,3102.0
2014-06-12,283.9,55.3,164.4,125.0,,32024.0,2450.0,756.0,108.0,,3023.0
2014-06-13,287.2,55.1,159.2,118.1,,31897.0,2660.0,748.0,104.0,,2971.0
2014-06-14,289.5,56.8,156.6,127.8,,31450.0,2090.0,758.0,101.0,,2990.0
2014-06-15,277.2,52.7,151.9,124.2,,29523.0,1400.0,724.0,105.0,,2941.0
2014-06-16,291.3,58.1,160.6,122.1,,32410.0,2900.0,755.0,100.0,,3077.0
2014-06-17,297.6,58.0,164.0,122.9,,32695.0,2950.0,772.0,117.0,,3113.0
2014-06-18,293.3,55.5,165.0,127.0,,31888.0,1900.0,761.0,112.0,,3078.0
2014-06-19,294.8,53.0,161.2,121.9,,31062.0,1075.0,759.0,119.0,,3085.0
2014-06-20,294.9,55.0,164.3,132.4,,31933.0,1410.0,773.0,120.0,,3090.0
2014-06-21,286.1,55.3,166.8,134.6,,31705.0,1625.0,773.0,107.0,,3058.0
2014-06-22,274.9,52.1,153.6,132.3,,29618.0,2050.0,738.0,93.0,,2965.0
2014-06-23,286.0,57.6,165.2,128.4,,32100.0,2250.0,765.0,106.0,,3058.0
2014-06-24,292.8,58.4,168.7,132.0,,32360.0,3600.0,779.0,119.0,,3101.0
2014-06-25,292.8,59.4,171.7,134.1,,32866.0,2750.0,785.0,125.0,,3120.0
2014-06-26,288.5,60.8,176.1,126.0,,32712.0,2900.0,781.0,90.0,,3109.0
2014-06-27,287.6,63.3,180.3,128.2,,33219.0,2000.0,782.0,63.0,,3105.0
2014-06-28,278.7,64.0,173.3,125.3,,32653.0,1825.0,765.0,56.0,,3119.0
2014-06-29,272.3,59.0,169.4,129.5,,30812.0,1750.0,752.0,76.0,,3060.0
2014-06-30,267.8,60.1,175.2,128.3,,33048.0,1550.0,756.0,72.0,,3115.0
2014-07-01,273.4,59.1,176.9,131.1,,33157.0,2350.0,769.0,90.0,,3102.0
2014-07-02,277.3,58.8,180.6,138.6,,32804.0,2200.0,785.0,102.0,,3131.0
2014-07-03,284.2,61.0,177.0,130.4,,33319.0,2100.0,785.0,106.0,,3080.0
2014-07-04,285.1,61.6,175.4,128.1,,32691.0,2450.0,778.0,96.0,,3087.0
2014-07-05,286.4,59.5,161.1,122.7,,31719.0,2470.0,753.0,97.0,,3078.0
2014-07-06,267.1,53.4,150.2,124.3,,30697.0,950.0,725.0,79.0,,3012.0
2014-07-07,273.1,58.1,155.6,126.6,,31424.0,1780.0,742.0,76.0,,3066.0
2014-07-08,277.3,59.2,156.3,124.9,,32219.0,1400.0,739.0,85.0,,3117.0
2014-07-09,273.3,59.2,156.6,125.2,,30815.0,2050.0,737.0,95.0,,3106.0
2014-07-10,262.2,56.6,147.0,124.8,,30410.0,1850.0,717.0,91.0,,3085.0
2014-07-11,261.0,56.7,143.0,119.3,,30588.0,400.0,707.0,104.0,,3064.0
2014-07-12,265.4,53.8,143.8,118.7,,29662.0,1330.0,709.0,109.0,,3032.0
2014-07-13,246.6,48.0,136.4,121.7,,28553.0,300.0,682.0,83.0,,2968.0
2014-07-14,262.8,52.8,147.4,125.2,,30664.0,1380.0,715.0,101.0,,3025.0
2014-07-15,271.1,53.7,147.0,128.8,,31088.0,450.0,726.0,111.0,,3019.0
2014-07-16,276.0,54.3,147.2,130.0,,31283.0,1050.0,730.0,116.0,,2943.0
2014-07-17,283.1,56.1,151.5,134.6,,31885.0,1300.0,757.0,121.0,,2954.0
2014-07-18,290.7,57.3,155.0,135.4,,32384.0,1800.0,768.0,123.0,,2869.0
2014-07-19,278.3,56.0,150.4,132.6,,31905.0,1250.0,748.0,124.0,,2861.0
2014-07-20,266.9,51.0,143.2,132.4,,30172.0,300.0,726.0,116.0,,2822.0
2014-07-21,278.2,54.4,156.5,132.9,,32371.0,1865.0,750.0,122.0,,2910.0
2014-07-22,282.5,55.0,157.6,132.7,,32115.0,1380.0,755.0,124.0,,2906.0
2014-07-23,281.9,53.4,150.6,132.4,,31241.0,1050.0,748.0,121.0,,2885.0
2014-07-24,286.2,55.8,151.6,135.6,,32452.0,1000.0,763.0,116.0,,2895.0
2014-07-25,285.4,55.7,155.0,136.1,,32334.0,1650.0,765.0,111.0,,2919.0
2014-07-26,279.3,55.6,152.3,136.8,,31608.0,1650.0,762.0,115.0,,2942.0
2014-07-27,262.8,52.7,144.2,131.8,,29622.0,950.0,725.0,113.0,,2878.0
2014-07-28,274.8,55.0,152.0,127.6,,31839.0,1103.0,738.0,119.0,,2892.0
2014-07-29,278.4,56.5,155.2,124.5,,31200.0,880.0,740.0,126.0,,2870.0
2014-07-30,278.0,56.8,157.1,130.5,,31499.0,1280.0,747.0,119.0,,2893.0
2014-07-31,283.0,55.9,148.6,135.2,,32204.0,1070.0,754.0,116.0,,2938.0
2014-08-01,283.0,53.0,153.0,133.8,,32373.0,1200.0,751.0,108.0,,2909.0
2014-08-02,271.2,53.2,150.8,141.4,,31793.0,1745.0,742.0,115.0,,2921.0
2014-08-03,246.0,50.4,143.4,137.9,,29639.0,1875.0,706.0,101.0,,2835.0
2014-08-04,261.6,54.2,153.4,138.6,,32594.0,1350.0,744.0,118.0,,2881.0
2014-08-05,271.1,53.2,154.0,144.4,,32723.0,1280.0,758.0,126.0,,2834.0
2014-08-06,271.6,53.3,155.0,146.4,,32502.0,890.0,767.0,108.0,,2880.0
2014-08-07,279.7,55.2,158.2,147.9,,32316.0,1290.0,783.0,96.0,,2909.0
2014-08-08,271.4,55.0,159.4,147.8,,31394.0,690.0,779.0,90.0,,2917.0
2014-08-09,258.6,54.2,156.4,145.5,,30856.0,670.0,758.0,75.0,,2896.0
2014-08-10,241.2,51.1,148.8,142.7,,28904.0,1550.0,728.0,62.0,,2765.0
2014-08-11,256.0,54.6,157.8,147.7,,32400.0,1350.0,768.0,60.0,,2837.0
2014-08-12,258.2,54.2,159.6,146.3,,33022.0,750.0,759.0,65.0,,2911.0
2014-08-13,261.6,55.1,161.6,146.1,,33554.0,1580.0,772.0,68.0,,2973.0
2014-08-14,271.0,55.6,162.1,143.4,,32474.0,1470.0,778.0,74.0,,2992.0
2014-08-15,243.3,53.0,157.2,147.7,,29139.0,580.0,744.0,65.0,,2820.0
2014-08-16,242.5,55.8,159.7,143.0,,31408.0,2350.0,741.0,61.0,,2861.0
2014-08-17,235.9,54.2,156.3,141.0,,30193.0,1875.0,730.0,42.0,,2853.0
2014-08-18,242.3,58.2,158.3,137.9,,32387.0,2953.0,742.0,15.0,,2937.0
2014-08-19,248.1,59.2,152.1,140.0,,31074.0,2416.0,740.0,11.0,,3004.0
2014-08-20,254.9,58.7,147.8,138.8,,32572.0,3451.0,735.0,21.0,,3021.0
2014-08-21,262.0,59.8,144.4,135.2,,32611.0,1600.0,740.0,22.0,,3086.0
2014-08-22,265.7,57.6,141.8,138.1,,32254.0,1550.0,749.0,22.0,,3104.0
2014-08-23,256.8,55.0,136.8,139.5,,31768.0,1975.0,732.0,33.0,,3075.0
2014-08-24,235.4,52.8,126.4,139.9,,29897.0,600.0,701.0,32.0,,2993.0
2014-08-25,254.3,57.7,138.6,135.1,,32010.0,1150.0,735.0,50.0,,3052.0
2014-08-26,265.4,59.3,136.9,130.8,,31318.0,960.0,739.0,71.0,,3076.0
2014-08-27,270.4,59.0,135.3,121.2,,31071.0,1000.0,729.0,76.0,,3020.0
2014-08-28,267.0,58.0,133.0,116.0,,31247.0,970.0,708.0,85.0,,2964.0
2014-08-29,258.0,57.5,123.6,114.4,,29484.0,600.0,679.0,69.0,,2912.0
2014-08-30,261.6,54.6,121.6,119.9,,31305.0,550.0,681.0,85.0,,2936.0
2014-08-31,248.9,50.8,120.7,120.8,,29489.0,625.0,666.0,70.0,,2796.0
2014-09-01,266.6,55.2,129.7,124.8,,30590.0,670.0,706.0,84.0,,2785.0
2014-09-02,275.0,52.5,139.0,130.2,,31479.0,1195.0,730.0,76.0,,2777.0
2014-09-03,274.9,56.7,143.8,136.4,,31181.0,1280.0,758.0,74.0,,2795.0
2014-09-04,272.7,57.7,146.0,136.3,,32902.0,470.0,765.0,76.0,,2723.0
2014-09-05,274.0,57.7,150.9,135.8,,31945.0,500.0,775.0,82.0,,2670.0
2014-09-06,264.6,54.9,142.7,126.3,,30670.0,575.0,737.0,81.0,,2633.0
2014-09-07,250.6,49.9,133.5,123.5,,28354.0,350.0,686.0,65.0,,2584.0
2014-09-08,261.0,51.3,144.0,130.9,,31120.0,400.0,719.0,82.0,,2649.0
2014-09-09,268.0,55.6,150.5,134.2,,32679.0,610.0,749.0,90.0,,2747.0
2014-09-10,280.4,58.4,155.6,141.0,,33998.0,645.0,784.0,87.0,,2796.0
2014-09-11,284.7,59.7,160.5,140.1,,33932.0,475.0,798.0,79.0,,2832.0
2014-09-12,284.3,61.1,165.6,142.1,,34380.0,700.0,807.0,77.0,,2830.0
2014-09-13,280.9,60.4,165.9,139.3,,34239.0,500.0,798.0,75.0,,2824.0
2014-09-14,258.4,53.6,155.6,137.7,,31285.0,500.0,756.0,52.0,,2748.0
2014-09-15,260.7,58.2,160.0,134.8,,33211.0,800.0,762.0,55.0,,2829.0
2014-09-16,261.2,60.2,161.4,128.8,,32908.0,850.0,758.0,67.0,,2882.0
2014-09-17,267.4,59.7,160.2,125.7,,33506.0,630.0,757.0,65.0,,2910.0
2014-09-18,272.8,60.3,157.6,125.7,,32217.0,1600.0,764.0,66.0,,2965.0
2014-09-19,275.1,60.5,156.4,129.7,,33542.0,650.0,769.0,69.0,,3039.0
2014-09-20,270.4,60.2,150.9,129.1,,32714.0,995.0,755.0,69.0,,3003.0
2014-09-21,264.2,56.1,145.8,125.0,,31197.0,1000.0,732.0,49.0,,2934.0
2014-09-22,269.4,61.4,156.5,127.1,,33036.0,1990.0,761.0,26.0,,3009.0
2014-09-23,251.1,62.1,153.5,133.5,,32739.0,2525.0,750.0,17.0,,3033.0
2014-09-24,253.5,62.4,150.2,134.4,,32585.0,2977.0,744.0,9.0,,3062.0
2014-09-25,259.2,61.3,143.8,134.9,,33191.0,2721.0,748.0,9.0,,3062.0
2014-09-26,255.7,60.2,144.3,137.6,,32167.0,3020.0,745.0,9.0,,3069.0
2014-09-27,247.8,59.2,143.9,137.2,,31635.0,2787.0,735.0,9.0,,3057.0
2014-09-28,238.3,54.8,140.8,136.2,,30335.0,1879.0,718.0,12.0,,3028.0
2014-09-29,246.0,58.4,143.8,138.4,,31442.0,4799.0,731.0,7.0,,3059.0
2014-09-30,234.7,59.1,147.6,143.9,,30627.0,4443.0,730.0,9.0,,3077.0
2014-10-01,239.5,58.8,142.8,146.8,,29676.0,4193.0,735.0,7.0,,3060.0
2014-10-02,238.6,57.4,139.9,142.2,,29772.0,1181.0,721.0,5.0,,3013.0
2014-10-03,241.1,58.9,141.7,139.7,,29746.0,2452.0,727.0,7.0,,2993.0
2014-10-04,254.2,59.8,146.2,144.1,,31796.0,1833.0,745.0,14.0,,3044.0
2014-10-05,252.5,55.4,143.4,145.6,,30271.0,1871.0,741.0,20.0,,3059.0
2014-10-06,253.1,58.8,140.6,140.4,,31120.0,3336.0,747.0,35.0,,3096.0
2014-10-07,256.7,60.6,143.5,139.0,,31899.0,2020.0,751.0,37.0,,3063.0
2014-10-08,252.2,59.8,142.4,138.9,,32852.0,1988.0,741.0,27.0,,2992.0
2014-10-09,256.3,61.6,142.9,138.0,,32514.0,2255.0,747.0,14.0,,3004.0
2014-10-10,259.0,58.8,145.7,138.4,,31885.0,1825.0,756.0,38.0,,3014.0
2014-10-11,261.2,60.4,143.8,133.6,,31971.0,2329.0,750.0,51.0,,3027.0
2014-10-12,248.1,55.2,136.0,108.5,,28163.0,3180.0,683.0,50.0,,2839.0
2014-10-13,261.5,59.5,150.5,109.2,,32169.0,4761.0,719.0,38.0,,2864.0
2014-10-14,265.6,59.9,157.5,114.0,,31661.0,4760.0,738.0,11.0,,2828.0
2014-10-15,256.0,59.5,161.2,117.6,,31747.0,4821.0,737.0,10.0,,2831.0
2014-10-16,249.5,60.0,164.5,120.4,,31875.0,4540.0,745.0,11.0,,2868.0
2014-10-17,243.5,59.3,162.2,122.1,,30622.0,3991.0,738.0,11.0,,2874.0
2014-10-18,228.9,58.2,151.9,120.3,,30374.0,3202.0,709.0,9.0,,2825.0
2014-10-19,211.9,53.0,148.3,112.6,,29061.0,3068.0,669.0,10.0,,2759.0
2014-10-20,214.6,57.1,154.3,113.9,,30219.0,2943.0,685.0,18.0,,2839.0
2014-10-21,203.5,57.9,156.4,120.7,,29790.0,3634.0,685.0,22.0,,2877.0
2014-10-22,161.1,56.0,158.3,120.2,,27701.0,3051.0,644.0,18.0,,2833.0
2014-10-23,166.6,55.5,151.6,106.6,,27091.0,2076.0,627.0,12.0,,2682.0
2014-10-24,192.4,57.5,147.6,115.4,,29678.0,2169.0,658.0,11.0,,2628.0
2014-10-25,203.1,58.8,128.4,120.8,,29037.0,2133.0,652.0,6.0,,2634.0
2014-10-26,204.2,54.1,112.2,104.8,,27898.0,1619.0,600.0,4.0,,2550.0
2014-10-27,218.0,58.5,128.4,101.2,,29785.0,2038.0,631.0,4.0,,2660.0
2014-10-28,223.8,59.0,132.6,105.3,,30552.0,2034.0,650.0,5.0,,2709.0
2014-10-29,227.6,60.3,137.2,115.7,,30248.0,2325.0,674.0,8.0,,2729.0
2014-10-30,230.6,59.6,142.0,114.6,,31081.0,1665.0,681.0,10.0,,2757.0
2014-10-31,237.1,60.1,149.2,122.4,,30913.0,3149.0,701.0,7.0,,2803.0
2014-11-01,229.6,59.6,140.3,122.8,,30268.0,1300.0,685.0,9.0,,2770.0
2014-11-02,209.4,53.9,138.2,119.4,,28865.0,2050.0,652.0,7.0,,2702.0
2014-11-03,216.8,58.5,155.0,122.9,,30590.0,1250.0,683.0,9.0,,2779.0
2014-11-04,227.0,59.3,161.0,127.7,,30829.0,2329.0,707.0,5.0,,2802.0
2014-11-05,233.2,60.4,161.5,126.2,,31563.0,2126.0,715.0,6.0,,2822.0
2014-11-06,237.3,61.2,166.9,126.2,,31547.0,2071.0,726.0,4.0,,2844.0
2014-11-07,238.0,61.1,169.5,127.9,,31718.0,3100.0,732.0,6.0,,2851.0
2014-11-08,237.2,60.7,168.1,133.0,,31697.0,2737.0,731.0,10.0,,2852.0
2014-11-09,233.2,55.6,162.2,125.7,,29956.0,1951.0,704.0,9.0,,2789.0
2014-11-10,241.6,60.7,166.4,127.3,,32151.0,2912.0,725.0,6.0,,2836.0
2014-11-11,245.9,59.6,166.8,129.6,,32370.0,2732.0,732.0,11.0,,2870.0
2014-11-12,231.6,58.2,166.4,130.6,,30459.0,1823.0,715.0,16.0,,2841.0
2014-11-13,225.4,59.0,152.6,120.4,,30288.0,2045.0,680.0,24.0,,2820.0
2014-11-14,221.2,59.8,142.6,118.8,,29948.0,2502.0,666.0,18.0,,2773.0
2014-11-15,222.3,61.4,139.0,124.5,,30621.0,2063.0,670.0,19.0,,2744.0
2014-11-16,216.5,56.2,131.5,124.7,,29102.0,900.0,650.0,21.0,,2662.0
2014-11-17,227.8,60.9,147.0,129.0,,31441.0,1527.0,691.0,28.0,,2740.0
2014-11-18,236.2,61.2,152.8,130.8,,31610.0,1528.0,709.0,31.0,,2767.0
2014-11-19,234.4,61.3,156.5,125.5,,31267.0,2225.0,704.0,25.0,,2766.0
2014-11-20,236.6,60.6,161.2,130.4,,31458.0,1358.0,715.0,23.0,,2800.0
2014-11-21,242.6,60.7,162.8,129.6,,31598.0,1691.0,724.0,17.0,,2865.0
2014-11-22,238.1,60.2,163.0,131.7,,30889.0,2670.0,719.0,11.0,,2797.0
2014-11-23,216.8,54.7,155.4,129.4,,29761.0,1794.0,680.0,18.0,,2695.0
2014-11-24,227.2,59.8,164.1,132.6,,31195.0,2151.0,711.0,24.0,,2788.0
2014-11-25,233.2,60.0,166.7,129.6,,31402.0,3885.0,717.0,25.0,,2816.0
2014-11-26,237.9,59.2,168.9,131.3,,30723.0,2952.0,724.0,24.0,,2833.0
2014-11-27,236.8,59.2,171.0,131.0,,31070.0,2878.0,725.0,17.0,,2832.0
2014-11-28,230.1,59.2,168.0,129.4,,30755.0,2975.0,716.0,9.0,,2814.0
2014-11-29,228.0,58.5,166.8,124.4,,30687.0,2541.0,704.0,9.0,,2814.0
2014-11-30,215.2,52.9,158.8,128.4,,28541.0,1402.0,679.0,17.0,,2742.0
2014-12-01,225.2,57.0,164.4,128.0,,30768.0,2351.0,701.0,27.0,,2780.0
2014-12-02,235.0,58.0,166.8,133.6,,31196.0,2002.0,721.0,26.0,,2809.0
2014-12-03,236.9,57.7,168.8,133.0,,31286.0,2507.0,725.0,19.0,,2822.0
2014-12-04,248.3,59.4,170.7,132.6,,31652.0,1751.0,741.0,17.0,,2854.0
2014-12-05,247.7,58.2,173.7,135.1,,32146.0,1780.0,747.0,16.0,,2816.0
2014-12-06,251.0,61.7,171.5,135.0,,31845.0,1269.0,746.0,20.0,,2830.0
2014-12-07,238.2,53.0,166.1,131.7,,29920.0,1727.0,712.0,15.0,,2767.0
2014-12-08,249.4,58.5,177.3,135.3,,32442.0,1367.0,745.0,10.0,,2841.0
2014-12-09,258.2,60.5,181.8,139.0,,33343.0,1319.0,769.0,12.0,,2899.0
2014-12-10,242.7,58.3,180.5,137.7,,32073.0,1454.0,749.0,13.0,,2872.0
2014-12-11,238.9,58.3,171.4,134.2,,32185.0,1349.0,730.0,11.0,,2865.0
2014-12-12,244.2,57.9,161.6,129.4,,31269.0,1507.0,721.0,15.0,,2821.0
2014-12-13,238.3,57.8,151.8,129.3,,31222.0,1256.0,704.0,12.0,,2706.0
2014-12-14,218.2,53.6,144.6,127.4,,29062.0,1106.0,664.0,6.0,,2530.0
2014-12-15,235.4,60.2,158.0,132.1,,32175.0,1068.0,714.0,10.0,,2639.0
2014-12-16,242.0,61.0,162.5,136.6,,32043.0,1562.0,733.0,24.0,,2695.0
2014-12-17,237.1,61.5,162.2,133.0,,31118.0,1466.0,721.0,28.0,,2701.0
2014-12-18,234.7,60.4,163.4,131.3,,31598.0,1457.0,717.0,30.0,,2725.0
2014-12-19,236.0,60.8,166.4,129.9,,31892.0,1592.0,722.0,24.0,,2747.0
2014-12-20,237.1,59.8,166.9,130.0,,31087.0,1363.0,725.0,22.0,,2760.0
2014-12-21,218.1,55.0,158.1,127.6,,29695.0,1291.0,691.0,12.0,,2700.0
2014-12-22,228.5,61.1,168.0,132.5,,31483.0,1288.0,723.0,17.0,,2771.0
2014-12-23,230.3,62.1,175.2,128.9,,31576.0,2553.0,732.0,18.0,,2804.0
2014-12-24,238.9,62.1,175.1,125.0,,32265.0,1835.0,739.0,14.0,,2820.0
2014-12-25,237.2,56.5,172.3,130.8,,30586.0,2620.0,734.0,10.0,,2824.0
2014-12-26,236.3,59.2,175.6,129.3,,31400.0,2772.0,736.0,15.0,,2829.0
2014-12-27,236.6,58.0,173.4,127.6,,31735.0,2225.0,732.0,18.0,,2858.0
2014-12-28,227.2,54.2,164.0,129.8,,29550.0,1323.0,709.0,17.0,,2747.0
2014-12-29,228.3,60.5,173.6,125.5,,31590.0,1390.0,726.0,7.0,,2810.0
2014-12-30,233.3,61.2,177.3,125.2,,32256.0,1642.0,738.0,8.0,,2833.0
2014-12-31,239.6,61.8,178.9,129.8,,32621.0,1983.0,752.0,7.0,,2816.0
2015-01-01,235.5,60.9,166.1,131.5,,30810.0,1616.0,736.0,14.0,,2662.0
2015-01-02,243.1,59.7,173.8,135.5,,32624.0,1610.0,751.0,6.0,,2648.0
2015-01-03,243.8,58.0,175.0,135.8,,32205.0,2186.0,744.0,5.0,,2669.0
2015-01-04,236.1,53.8,167.4,136.8,,30111.0,1299.0,720.0,8.0,,2639.0
2015-01-05,245.6,59.3,176.1,138.3,,32479.0,2147.0,749.0,15.0,,2699.0
2015-01-06,251.1,60.9,179.1,138.8,,33033.0,1903.0,763.0,12.0,,2762.0
2015-01-07,255.1,61.2,179.6,137.3,,33104.0,1616.0,768.0,5.0,,2779.0
2015-01-08,256.2,61.3,179.8,138.0,,33428.0,1511.0,773.0,5.0,,2797.0
2015-01-09,260.3,61.2,180.4,135.2,,32890.0,1357.0,778.0,12.0,,2825.0
2015-01-10,262.4,60.8,180.8,135.9,,32927.0,1384.0,776.0,19.0,,2829.0
2015-01-11,248.1,53.6,168.0,131.1,,30970.0,1326.0,738.0,18.0,,2760.0
2015-01-12,251.1,57.0,174.6,132.7,,32231.0,1436.0,752.0,17.0,,2822.0
2015-01-13,253.3,57.1,178.3,137.0,,32858.0,1225.0,758.0,15.0,,2835.0
2015-01-14,250.7,57.6,179.8,134.4,,31544.0,1169.0,753.0,10.0,,2749.0
2015-01-15,221.9,58.3,174.1,127.4,,28787.0,1001.0,705.0,12.0,,2721.0
2015-01-16,206.2,58.4,176.4,125.2,,29963.0,1273.0,692.0,12.0,,2744.0
2015-01-17,215.9,58.8,179.5,128.7,,30473.0,1505.0,712.0,15.0,,2779.0
2015-01-18,224.5,55.0,174.0,127.6,,29709.0,1322.0,709.0,15.0,,2741.0
2015-01-19,238.2,60.0,179.4,131.7,,32476.0,1444.0,742.0,18.0,,2821.0
2015-01-20,251.1,61.1,179.3,134.9,,33147.0,1466.0,761.0,17.0,,2859.0
2015-01-21,253.0,60.7,180.5,134.2,,33008.0,1481.0,763.0,19.0,,2859.0
2015-01-22,251.6,60.6,184.8,136.6,,33514.0,1405.0,768.0,14.0,,2765.0
2015-01-23,253.9,60.3,187.0,139.8,,33407.0,1313.0,778.0,15.0,,2788.0
2015-01-24,258.9,59.7,181.9,137.1,,32815.0,1700.0,773.0,16.0,,2798.0
2015-01-25,245.3,55.4,170.0,137.0,,30621.0,1183.0,738.0,20.0,,2701.0
2015-01-26,237.2,56.3,172.0,134.6,,29865.0,1208.0,728.0,20.0,,2608.0
2015-01-27,254.3,55.1,181.0,137.3,,32896.0,1334.0,760.0,23.0,,2708.0
2015-01-28,260.7,60.3,186.3,140.0,,33341.0,1348.0,783.0,18.0,,2794.0
2015-01-29,261.6,61.7,189.8,139.4,,33849.0,1575.0,790.0,14.0,,2809.0
2015-01-30,263.3,62.3,189.4,140.6,,33776.0,1424.0,795.0,21.0,,2835.0
2015-01-31,259.7,62.2,187.5,141.1,,33382.0,1262.0,787.0,25.0,,2841.0
2015-02-01,246.5,56.9,178.3,138.1,,31149.0,300.0,753.0,17.0,,2750.0
2015-02-02,254.5,62.0,185.9,137.4,,33415.0,1288.0,777.0,32.0,,2813.0
2015-02-03,262.4,61.6,188.4,138.2,,33471.0,1363.0,790.0,31.0,,2793.0
2015-02-04,264.9,61.7,189.0,137.4,,33990.0,1389.0,792.0,33.0,,2842.0
2015-02-05,265.1,63.1,190.6,139.2,,34179.0,1223.0,797.0,28.0,,2861.0
2015-02-06,267.1,63.4,191.0,141.0,,33747.0,1262.0,803.0,28.0,,2860.0
2015-02-07,257.6,63.6,193.0,143.3,,33763.0,2431.0,797.0,25.0,,2850.0
2015-02-08,250.5,57.6,179.3,140.7,,31790.0,1152.0,764.0,14.0,,2768.0
2015-02-09,260.8,62.1,189.6,142.1,,34576.0,1383.0,794.0,20.0,,2830.0
2015-02-10,263.6,63.6,189.7,145.4,,34607.0,1372.0,804.0,22.0,,2875.0
2015-02-11,265.5,62.9,192.2,143.0,,34299.0,1856.0,806.0,16.0,,2861.0
2015-02-12,270.2,64.5,190.8,140.5,,34221.0,1954.0,809.0,14.0,,2874.0
2015-02-13,274.2,64.8,197.5,143.6,,34737.0,1696.0,825.0,8.0,,2908.0
2015-02-14,269.6,64.2,194.7,143.0,,34126.0,1833.0,814.0,8.0,,2900.0
2015-02-15,257.4,59.4,186.1,142.9,,31679.0,1114.0,786.0,6.0,,2913.0
2015-02-16,269.4,61.7,193.6,144.2,,34238.0,1872.0,813.0,13.0,,2885.0
2015-02-17,272.3,62.7,199.1,144.8,,33916.0,1314.0,827.0,7.0,,2928.0
2015-02-18,269.1,63.3,195.6,143.0,,32960.0,1832.0,817.0,8.0,,2926.0
2015-02-19,271.6,63.9,192.9,144.2,,34640.0,1988.0,819.0,9.0,,2952.0
2015-02-20,274.2,63.5,199.8,142.2,,34829.0,2182.0,828.0,19.0,,2942.0
2015-02-21,271.3,61.8,195.5,146.5,,34433.0,1919.0,822.0,30.0,,2954.0
2015-02-22,258.9,57.6,187.4,141.3,,31424.0,676.0,788.0,24.0,,2884.0
2015-02-23,264.6,61.2,193.3,142.4,,33792.0,1264.0,808.0,27.0,,2953.0
2015-02-24,275.8,62.0,194.7,143.7,,34275.0,1408.0,827.0,21.0,,2998.0
2015-02-25,272.7,63.5,195.8,147.4,,34693.0,1966.0,830.0,11.0,,2967.0
2015-02-26,276.0,64.0,200.8,145.4,,34506.0,1596.0,837.0,9.0,,2973.0
2015-02-27,274.7,64.1,200.1,147.4,,33978.0,1894.0,838.0,10.0,,2974.0
2015-02-28,273.9,62.3,191.0,143.0,,33122.0,1433.0,820.0,10.0,,2899.0
2015-03-01,264.0,57.4,168.3,135.6,,31141.0,1094.0,757.0,16.0,,2461.0
2015-03-02,268.1,62.8,183.4,138.0,,33649.0,1267.0,783.0,14.0,,2494.0
2015-03-03,273.0,63.3,186.3,140.9,,33155.0,1358.0,803.0,9.0,,2658.0
2015-03-04,274.1,63.1,183.6,137.8,,33213.0,1246.0,800.0,7.0,,2683.0
2015-03-05,273.9,64.0,189.8,141.8,,33766.0,1799.0,815.0,6.0,,2720.0
2015-03-06,272.4,63.1,183.1,138.0,,32581.0,1025.0,792.0,9.0,,2509.0
2015-03-07,269.6,61.4,176.7,142.3,,32918.0,1459.0,786.0,9.0,,2587.0
2015-03-08,260.1,57.5,163.6,137.6,,30322.0,1078.0,759.0,11.0,,2597.0
2015-03-09,276.5,62.7,168.8,143.1,,33360.0,1562.0,785.0,10.0,,2725.0
2015-03-10,280.6,64.7,178.5,143.7,,33704.0,1218.0,809.0,20.0,,2795.0
2015-03-11,282.3,65.6,184.2,144.0,,34268.0,932.0,818.0,27.0,,2827.0
2015-03-12,282.8,66.6,189.1,145.9,,34577.0,1200.0,829.0,29.0,,2841.0
2015-03-13,285.9,68.0,194.8,145.8,,34846.0,1178.0,843.0,26.0,,2826.0
2015-03-14,282.0,61.4,192.4,146.7,,33482.0,1458.0,832.0,18.0,,2746.0
2015-03-15,268.2,58.2,181.2,146.2,,31797.0,1118.0,799.0,11.0,,2586.0
2015-03-16,274.5,61.6,194.0,146.4,,34283.0,1300.0,827.0,10.0,,2706.0
2015-03-17,272.7,64.7,198.1,145.9,,34281.0,2026.0,833.0,14.0,,2767.0
2015-03-18,275.1,67.1,201.0,148.6,,35455.0,1702.0,845.0,8.0,,2825.0
2015-03-19,291.8,67.5,205.1,150.5,,35113.0,1442.0,871.0,9.0,,2900.0
2015-03-21,284.1,67.5,193.6,148.5,,34327.0,1390.0,845.0,14.0,,2902.0
2015-03-22,273.3,63.0,186.7,144.3,,33172.0,1317.0,815.0,10.0,,2848.0
2015-03-23,289.5,68.3,199.9,148.6,,34788.0,1752.0,861.0,8.0,,2973.0
2015-03-24,292.2,70.4,200.0,152.3,,34863.0,1833.0,870.0,10.0,,3037.0
2015-03-25,293.8,70.1,206.9,151.7,,36072.0,1344.0,880.0,12.0,,3075.0
2015-03-26,295.6,71.0,211.7,153.7,,36518.0,1305.0,893.0,16.0,,3130.0
2015-03-27,292.4,69.8,207.7,149.1,,36098.0,1361.0,878.0,18.0,,3059.0
2015-03-28,288.7,69.8,202.9,149.4,,35650.0,1780.0,870.0,14.0,,3040.0
2015-03-29,278.4,64.5,196.0,148.4,,33351.0,1893.0,841.0,10.0,,2900.0
2015-03-30,288.4,68.9,199.1,147.6,,35178.0,1757.0,856.0,12.0,,2849.0
2015-03-31,293.1,68.6,196.4,151.2,,35576.0,1936.0,861.0,7.0,,2903.0
2015-04-01,290.3,65.9,196.8,150.4,,35009.0,1387.0,859.0,8.0,,2910.0
2015-04-02,289.4,65.3,199.0,149.9,,34712.0,1278.0,862.0,11.0,,2922.0
2015-04-03,292.2,61.3,197.4,151.5,,34213.0,1586.0,862.0,20.0,,2859.0
2015-04-04,278.4,63.8,199.8,153.6,,35021.0,1330.0,855.0,14.0,,2818.0
2015-04-05,280.2,65.0,190.4,150.0,,33182.0,1188.0,838.0,11.0,,2787.0
2015-04-07,294.8,64.8,198.9,150.6,,34185.0,1574.0,864.0,15.0,,2897.0
2015-04-08,295.0,62.3,195.7,152.0,,34562.0,2201.0,858.0,10.0,,2915.0
2015-04-09,294.4,64.5,193.1,150.1,,34135.0,1856.0,857.0,10.0,,2934.0
2015-04-10,295.5,63.0,197.9,152.4,,33765.0,1359.0,861.0,12.0,,2968.0
2015-04-11,296.8,63.6,180.4,149.0,,33088.0,1375.0,830.0,14.0,,2872.0
2015-04-12,274.4,58.5,157.7,134.9,,29324.0,1425.0,745.0,9.0,,2643.0
2015-04-13,258.3,61.6,158.1,128.0,,30960.0,1386.0,723.0,7.0,,2685.0
2015-04-14,248.3,62.1,161.9,123.4,,30912.0,1235.0,706.0,7.0,,2689.0
2015-04-15,251.1,59.3,166.7,121.8,,30993.0,1410.0,718.0,8.0,,2760.0
2015-04-16,246.5,62.7,171.8,127.8,,31473.0,1411.0,734.0,6.0,,2797.0
2015-04-17,255.1,64.0,170.1,129.8,,32253.0,1428.0,748.0,9.0,,2855.0
2015-04-18,242.0,63.8,163.1,133.6,,31603.0,1445.0,735.0,9.0,,2840.0
2015-04-19,239.8,59.2,170.9,134.2,,30803.0,1298.0,738.0,14.0,,2834.0
2015-04-20,260.7,63.8,185.1,140.6,,33278.0,1773.0,792.0,10.0,,2986.0
2015-04-21,270.4,59.8,186.3,143.8,,32544.0,1571.0,804.0,7.0,,3000.0
2015-04-22,276.2,59.0,181.0,143.5,,33311.0,1262.0,805.0,13.0,,3027.0
2015-04-23,278.8,65.8,169.4,148.9,,31097.0,1291.0,800.0,18.0,,3013.0
2015-04-24,269.7,62.9,165.1,126.8,,32233.0,1322.0,757.0,12.0,,2950.0
2015-04-25,235.4,60.3,163.6,130.5,,30470.0,1480.0,722.0,10.0,,2850.0
2015-04-26,236.8,55.1,158.1,130.9,,29211.0,1180.0,709.0,5.0,,2793.0
2015-04-27,254.6,59.9,174.8,124.2,,32009.0,1505.0,745.0,5.0,,2901.0
2015-04-28,260.0,60.0,178.3,142.5,,31893.0,2145.0,780.0,10.0,,2935.0
2015-04-29,274.4,64.7,176.2,137.4,,32096.0,1637.0,794.0,17.0,,2987.0
2015-04-30,276.7,62.5,167.9,139.8,,32131.0,1554.0,786.0,22.0,,2993.0
2015-05-01,259.6,61.0,161.1,138.8,,29172.0,1412.0,751.0,20.0,,2902.0
2015-05-03,258.6,61.1,155.5,135.4,,31514.0,1336.0,740.0,18.0,,2911.0
2015-05-04,271.4,62.1,170.6,142.1,,32124.0,1360.0,778.0,12.0,,3006.0
2015-05-05,279.9,62.3,172.8,142.9,,33817.0,1459.0,784.0,7.0,,3031.0
2015-05-06,282.2,64.4,170.6,144.4,,31877.0,1704.0,791.0,10.0,,3080.0
2015-05-07,286.6,64.2,174.7,142.9,,33992.0,1669.0,801.0,12.0,,3113.0
2015-05-08,283.1,63.2,179.3,147.6,,33244.0,1396.0,809.0,10.0,,3157.0
2015-05-09,281.6,62.2,172.1,145.3,,33141.0,1526.0,795.0,18.0,,3169.0
2015-05-10,264.1,57.0,164.1,145.4,,31909.0,1404.0,760.0,14.0,,3064.0
2015-05-11,264.8,57.2,174.6,146.8,,32444.0,1386.0,777.0,8.0,,3103.0
2015-05-12,262.5,58.7,170.2,149.5,,32278.0,1396.0,774.0,8.0,,3067.0
2015-05-13,245.2,57.4,164.6,149.5,,32310.0,1402.0,745.0,7.0,,2991.0
2015-05-14,246.2,61.1,163.8,148.1,,32480.0,1348.0,751.0,10.0,,2978.0
2015-05-15,246.3,63.8,166.2,143.7,,31317.0,1348.0,750.0,8.0,,3006.0
2015-05-16,236.0,61.3,150.5,137.6,,30241.0,1357.0,708.0,7.0,,2954.0
2015-05-17,216.0,54.4,137.4,131.0,,28076.0,1132.0,659.0,8.0,,2890.0
2015-05-18,224.2,60.0,145.4,137.3,,31155.0,1387.0,696.0,23.0,,3009.0
2015-05-19,243.6,60.5,147.0,147.3,,31259.0,915.0,732.0,40.0,,3050.0
2015-05-20,257.1,63.3,155.0,144.5,,33644.0,1230.0,758.0,39.0,,3044.0
2015-05-21,271.7,66.0,163.8,148.3,,33709.0,1474.0,788.0,61.0,,3163.0
2015-05-22,277.0,67.9,173.2,157.2,,34807.0,1605.0,816.0,63.0,,3201.0
2015-05-23,281.2,67.2,172.1,152.7,,33938.0,1431.0,811.0,61.0,,3182.0
2015-05-24,268.8,62.0,164.4,149.6,,31493.0,1355.0,777.0,57.0,,3087.0
2015-05-25,279.7,64.8,181.5,151.2,,35550.0,1424.0,815.0,71.0,,3215.0
2015-05-26,290.3,68.3,190.5,153.6,,35293.0,1386.0,844.0,79.0,,3247.0
2015-05-27,278.0,68.8,185.0,147.5,,31956.0,1610.0,820.0,67.0,,3251.0
2015-05-28,258.8,64.7,162.7,143.3,,33539.0,1794.0,771.0,34.0,,3186.0
2015-05-29,264.7,66.6,162.0,149.2,,30116.0,1269.0,783.0,50.0,,3232.0
2015-05-30,270.1,66.2,141.8,146.5,,34096.0,1249.0,761.0,27.0,,3185.0
2015-05-31,259.7,61.5,136.5,144.1,,29383.0,929.0,734.0,43.0,,3052.0
2015-06-01,263.4,64.1,133.9,135.3,,32488.0,1143.0,726.0,35.0,,2989.0
2015-06-02,271.7,65.4,145.2,132.1,,31081.0,1367.0,745.0,50.0,,3030.0
2015-06-03,275.5,63.5,150.5,127.2,,32495.0,1372.0,752.0,21.0,,3009.0
2015-06-04,275.5,62.1,150.5,137.4,,32394.0,1201.0,761.0,21.0,,3049.0
2015-06-05,278.9,62.5,150.4,134.2,,32904.0,550.0,755.0,26.0,,3062.0
2015-06-06,268.9,64.0,153.2,126.3,,32743.0,867.0,744.0,33.0,,3074.0
2015-06-07,264.0,59.1,143.9,117.4,,31668.0,527.0,707.0,44.0,,3010.0
2015-06-08,273.2,59.4,159.1,129.7,,33430.0,400.0,749.0,54.0,,3107.0
2015-06-09,282.1,61.8,160.2,127.3,,33493.0,425.0,763.0,63.0,,3136.0
2015-06-10,279.0,61.9,161.4,133.1,,33733.0,425.0,767.0,59.0,,3164.0
2015-06-11,286.2,61.1,167.0,141.3,,32589.0,350.0,788.0,74.0,,3143.0
2015-06-12,281.8,60.0,164.6,134.2,,31193.0,425.0,769.0,64.0,,3099.0
2015-06-13,281.8,60.6,159.4,135.9,,32349.0,456.0,758.0,72.0,,2953.0
2015-06-14,264.1,54.4,145.4,125.2,,31048.0,499.0,697.0,59.0,,2775.0
2015-06-15,281.4,59.6,153.1,130.4,,33689.0,300.0,740.0,68.0,,2950.0
2015-06-16,281.6,58.5,157.5,128.4,,33216.0,406.0,744.0,67.0,,2999.0
2015-06-17,275.3,57.4,156.6,129.3,,32505.0,313.0,734.0,71.0,,3047.0
2015-06-18,270.5,56.2,153.9,123.5,,32221.0,467.0,720.0,66.0,,3065.0
2015-06-19,263.6,54.7,148.0,117.6,,31803.0,350.0,698.0,75.0,,3057.0
2015-06-20,248.3,57.2,138.5,123.4,,31879.0,300.0,677.0,77.0,,2999.0
2015-06-21,241.0,50.4,124.6,113.3,,28289.0,370.0,633.0,77.0,,2849.0
2015-06-22,259.8,50.8,138.0,117.4,,32963.0,1643.0,674.0,94.0,,2918.0
2015-06-23,278.9,57.9,141.2,129.4,,32133.0,1028.0,725.0,87.0,,2950.0
2015-06-24,281.7,60.0,144.4,137.7,,32815.0,2116.0,749.0,101.0,,2862.0
2015-06-25,278.6,59.4,152.4,138.8,,34682.0,452.0,753.0,111.0,,2802.0
2015-06-26,294.2,55.0,157.8,143.5,,33720.0,535.0,777.0,113.0,,2941.0
2015-06-27,292.5,52.8,154.3,132.2,,33326.0,350.0,758.0,102.0,,3006.0
2015-06-28,275.7,51.2,151.6,138.9,,30783.0,300.0,742.0,92.0,,2977.0
2015-06-29,291.6,57.2,165.8,142.1,,33911.0,313.0,789.0,77.0,,3040.0
2015-06-30,296.2,59.8,168.0,142.2,,33057.0,15.0,802.0,76.0,,3044.0
2015-07-01,298.7,61.6,170.1,142.8,,34510.0,715.0,810.0,89.0,,3098.0
2015-07-02,303.5,62.1,171.9,145.6,,35261.0,300.0,818.0,89.0,,3161.0
2015-07-04,294.4,61.8,172.6,147.9,,35054.0,425.0,818.0,111.0,,3248.0
2015-07-05,284.3,56.6,165.4,145.5,,33230.0,350.0,787.0,112.0,,3179.0
2015-07-06,293.8,61.1,177.1,147.8,,35288.0,560.0,823.0,124.0,,3176.0
2015-07-07,298.7,62.3,181.7,151.2,,34682.0,592.0,841.0,118.0,,3208.0
2015-07-08,302.8,61.5,180.9,152.9,,35769.0,583.0,846.0,127.0,,3213.0
2015-07-09,300.8,59.9,179.6,151.7,,35529.0,640.0,840.0,120.0,,3185.0
2015-07-10,304.1,59.8,178.8,156.4,,35696.0,726.0,847.0,120.0,,3073.0
2015-07-11,303.6,59.8,175.2,150.9,,35336.0,435.0,837.0,117.0,,3010.0
2015-07-14,305.3,62.9,188.6,152.9,,35467.0,450.0,858.0,90.0,,3217.0
2015-07-15,295.7,60.4,187.3,145.9,,35439.0,300.0,833.0,92.0,,3289.0
2015-07-16,297.3,60.8,186.7,145.6,,35013.0,425.0,836.0,112.0,,3276.0
2015-07-17,296.0,59.2,184.3,132.7,,34704.0,300.0,822.0,121.0,,3234.0
2015-07-18,281.0,54.4,173.4,151.1,,33219.0,300.0,804.0,112.0,,3154.0
2015-07-19,261.3,49.2,151.4,142.8,,30595.0,0.0,740.0,103.0,,2976.0
2015-07-20,273.1,55.4,161.5,138.8,,33583.0,300.0,773.0,99.0,,3048.0
2015-07-21,287.4,57.6,164.3,143.8,,34123.0,350.0,799.0,102.0,,3079.0
2015-07-22,277.4,57.5,169.8,141.0,,33851.0,300.0,792.0,89.0,,3061.0
2015-07-23,275.9,57.7,170.4,138.6,,34300.0,451.0,788.0,91.0,,3082.0
2015-07-24,273.7,57.5,175.6,143.2,,34914.0,313.0,798.0,83.0,,3070.0
2015-07-25,279.6,58.9,172.7,145.6,,33658.0,350.0,805.0,102.0,,3027.0
2015-07-26,263.2,53.8,159.9,143.5,,32323.0,300.0,762.0,94.0,,2878.0
2015-07-27,265.5,58.4,173.3,145.6,,34447.0,350.0,792.0,88.0,,2944.0
2015-07-28,270.4,60.9,178.7,148.2,,34391.0,313.0,810.0,74.0,,2961.0
2015-07-29,275.8,62.2,181.9,147.7,,34074.0,1025.0,821.0,79.0,,3011.0
2015-07-30,283.2,63.0,181.4,150.6,,35062.0,500.0,834.0,90.0,,3051.0
2015-07-31,283.6,63.4,174.9,149.7,,33469.0,2110.0,827.0,77.0,,3055.0
2015-08-01,275.7,62.8,167.8,143.1,,33410.0,525.0,801.0,66.0,,2976.0
2015-08-02,264.7,56.1,160.9,140.7,,32393.0,517.0,770.0,59.0,,2890.0
2015-08-03,258.7,59.9,175.0,140.5,,33599.0,706.0,788.0,71.0,,3003.0
2015-08-04,264.0,60.6,176.9,140.5,,34819.0,538.0,793.0,92.0,,3027.0
2015-08-05,263.6,60.1,173.5,140.5,,34393.0,300.0,787.0,101.0,,3020.0
2015-08-06,278.4,60.8,167.4,138.5,,35138.0,500.0,796.0,97.0,,3083.0
2015-08-07,283.8,61.8,174.8,134.3,,35296.0,510.0,812.0,102.0,,3121.0
2015-08-08,288.0,61.3,174.3,137.4,,35013.0,300.0,819.0,113.0,,3128.0
2015-08-09,270.8,55.5,166.6,141.0,,32588.0,300.0,778.0,104.0,,3025.0
2015-08-10,286.5,59.8,171.0,142.0,,33686.0,1173.0,809.0,110.0,,3136.0
2015-08-11,288.7,59.9,166.2,142.1,,33094.0,1309.0,803.0,116.0,,3136.0
2015-08-12,291.7,61.4,161.7,137.0,,32080.0,1959.0,794.0,112.0,,3102.0
2015-08-13,293.0,61.6,161.9,138.1,,33092.0,1876.0,795.0,98.0,,3125.0
2015-08-14,298.6,62.2,159.9,139.5,,33416.0,1825.0,809.0,96.0,,3133.0
2015-08-15,272.4,58.8,159.8,144.0,,32647.0,800.0,778.0,82.0,,2938.0
2015-08-16,249.5,56.9,159.5,136.2,,30914.0,500.0,743.0,35.0,,2867.0
2015-08-17,263.1,62.1,155.6,136.2,,32581.0,1758.0,767.0,12.0,,3024.0
2015-08-18,277.0,61.3,154.5,141.7,,31644.0,2652.0,784.0,9.0,,3078.0
2015-08-19,280.0,62.0,150.3,146.1,,31967.0,1700.0,788.0,18.0,,3094.0
2015-08-20,286.3,64.8,152.3,143.2,,32253.0,2319.0,791.0,41.0,,3131.0
2015-08-21,273.9,64.5,152.1,129.9,,32712.0,1500.0,769.0,54.0,,3146.0
2015-08-22,262.1,62.7,147.9,127.1,,32565.0,1200.0,743.0,58.0,,3097.0
2015-08-23,236.4,58.1,147.6,129.2,,31454.0,450.0,715.0,61.0,,3029.0
2015-08-24,259.1,63.2,157.6,132.1,,33812.0,800.0,762.0,75.0,,3158.0
2015-08-25,277.1,65.5,161.8,138.7,,33277.0,100.0,794.0,83.0,,3249.0
2015-08-26,280.7,64.4,159.2,140.2,,32918.0,938.0,801.0,79.0,,3290.0
2015-08-27,279.3,60.9,155.1,137.8,,33133.0,1000.0,790.0,81.0,,3289.0
2015-08-28,282.4,55.5,161.9,136.3,,32243.0,1000.0,788.0,89.0,,3320.0
2015-08-29,263.6,57.7,160.2,163.7,,32204.0,1000.0,783.0,84.0,,3228.0
2015-08-30,273.8,57.3,153.7,138.0,,31636.0,1000.0,764.0,77.0,,3185.0
2015-08-31,286.0,64.3,161.5,139.3,,33937.0,1430.0,798.0,62.0,,3305.0
2015-09-01,295.8,66.0,163.1,138.8,,34107.0,1275.0,812.0,58.0,,3328.0
2015-09-02,289.9,60.1,159.0,140.3,,33300.0,1150.0,793.0,45.0,,3309.0
2015-09-03,276.8,64.9,157.9,137.0,,32614.0,3347.0,791.0,16.0,,3321.0
2015-09-06,267.5,56.5,137.3,124.1,,30201.0,1512.0,734.0,23.0,,3208.0
2015-09-07,265.0,60.3,132.9,118.8,,31130.0,2400.0,723.0,25.0,,3270.0
2015-09-08,275.5,60.4,132.9,119.8,,31130.0,2025.0,728.0,35.0,,3279.0
2015-09-09,282.6,61.1,128.0,127.0,,31923.0,1825.0,739.0,39.0,,3301.0
2015-09-10,281.9,61.8,130.6,121.3,,32531.0,1125.0,739.0,51.0,,3317.0
2015-09-11,285.2,62.6,133.0,124.4,,32862.0,1635.0,748.0,61.0,,3342.0
2015-09-12,286.3,63.1,140.6,127.0,,33235.0,1135.0,757.0,62.0,,3309.0
2015-09-13,261.9,58.8,141.4,124.9,,32742.0,600.0,724.0,71.0,,3172.0
2015-09-14,277.5,62.1,151.9,124.8,,34373.0,600.0,754.0,80.0,,3272.0
2015-09-15,293.2,59.2,155.2,125.1,,35175.0,800.0,772.0,85.0,,3299.0
2015-09-16,293.0,59.6,159.0,126.1,,34661.0,400.0,779.0,99.0,,3288.0
2015-09-17,289.5,60.4,148.2,126.7,,32781.0,0.0,751.0,91.0,,3131.0
2015-09-18,293.2,61.8,149.6,134.3,,34425.0,905.0,772.0,96.0,,3131.0
2015-09-19,295.7,62.4,154.0,134.0,,34558.0,840.0,788.0,79.0,,3076.0
2015-09-20,279.2,57.0,146.7,127.5,,32797.0,500.0,750.0,79.0,,2907.0
2015-09-21,280.6,61.0,154.0,129.6,,34293.0,1000.0,771.0,54.0,,2938.0
2015-09-22,296.7,62.2,155.2,136.2,,34321.0,1470.0,801.0,48.0,,2966.0
2015-09-23,277.8,64.4,153.2,143.9,,32340.0,4293.0,795.0,21.0,,2960.0
2015-09-24,272.7,61.5,153.4,135.0,,31904.0,3625.0,776.0,13.0,,2981.0
2015-09-25,278.1,61.8,152.1,136.5,,32612.0,1545.0,781.0,19.0,,3010.0
2015-09-26,276.2,62.8,142.9,130.8,,33340.0,1970.0,762.0,23.0,,3020.0
2015-09-27,262.1,55.8,140.0,123.6,,31090.0,1000.0,735.0,16.0,,2962.0
2015-09-28,265.8,60.0,144.2,132.3,,32954.0,1895.0,754.0,8.0,,3095.0
2015-09-29,270.0,60.7,150.5,133.2,,33251.0,1700.0,769.0,9.0,,3141.0
2015-09-30,265.8,59.6,147.7,136.3,,34240.0,1400.0,762.0,15.0,,3155.0
2015-10-01,263.7,60.5,150.5,125.4,,33491.0,1000.0,750.0,8.0,,3173.0
2015-10-02,244.5,58.7,141.0,125.2,,32062.0,800.0,708.0,14.0,,3085.0
2015-10-03,252.4,59.8,144.2,124.7,,34115.0,1000.0,728.0,30.0,,3109.0
2015-10-04,239.6,54.2,130.1,123.4,,30773.0,600.0,686.0,17.0,,3048.0
2015-10-05,246.1,58.4,129.3,123.0,,32772.0,1000.0,703.0,17.0,,3141.0
2015-10-06,253.5,59.1,134.6,128.0,,33899.0,1000.0,724.0,13.0,,3177.0
2015-10-07,262.2,60.5,134.4,130.6,,33479.0,1400.0,740.0,15.0,,3226.0
2015-10-08,270.6,66.5,139.8,129.8,,33479.0,1200.0,760.0,18.0,,3248.0
2015-10-09,277.0,58.6,142.7,133.4,,33829.0,1700.0,768.0,26.0,,3270.0
2015-10-10,279.8,59.1,143.1,135.0,,34078.0,1020.0,771.0,41.0,,3240.0
2015-10-11,252.6,55.6,136.7,134.9,,32473.0,1000.0,730.0,19.0,,3128.0
2015-10-12,253.2,61.1,140.1,141.3,,33414.0,1930.0,750.0,4.0,,3195.0
2015-10-13,263.3,61.2,146.5,143.0,,33769.0,1325.0,770.0,4.0,,3243.0
2015-10-14,275.9,62.4,152.0,144.8,,33795.0,1625.0,794.0,6.0,,3228.0
2015-10-15,279.1,63.4,149.8,144.6,,34487.0,1400.0,798.0,5.0,,3221.0
2015-10-16,286.4,62.6,149.2,145.9,,33703.0,1950.0,820.0,7.0,,3258.0
2015-10-17,283.2,63.4,149.5,149.3,,34231.0,1550.0,804.0,9.0,,3248.0
2015-10-18,270.3,57.8,144.6,147.8,,31976.0,1600.0,775.0,8.0,,3151.0
2015-10-19,273.0,63.6,155.7,151.6,,33935.0,1523.0,804.0,11.0,,3261.0
2015-10-20,280.4,65.1,162.4,152.0,,34701.0,1400.0,819.0,9.0,,3301.0
2015-10-21,261.4,65.0,167.1,152.8,,34007.0,1500.0,802.0,11.0,,3228.0
2015-10-22,270.7,61.8,163.6,148.1,,32508.0,1200.0,790.0,9.0,,3066.0
2015-10-23,281.3,63.3,159.4,149.7,,32826.0,1200.0,806.0,9.0,,3131.0
2015-10-24,286.7,64.0,162.4,151.4,,33723.0,1000.0,818.0,18.0,,3126.0
2015-10-25,270.0,58.4,163.3,147.7,,32606.0,1000.0,788.0,18.0,,3044.0
2015-10-26,278.4,63.3,167.4,148.6,,33689.0,1567.0,812.0,13.0,,3076.0
2015-10-27,285.6,63.5,171.9,149.3,,35004.0,1500.0,823.0,7.0,,3127.0
2015-10-28,274.6,62.1,166.2,147.2,,34056.0,1200.0,801.0,9.0,,3013.0
2015-10-29,274.9,60.9,167.6,112.0,,34495.0,1500.0,769.0,6.0,,2898.0
2015-10-30,275.2,63.1,165.8,148.3,,34491.0,2000.0,805.0,6.0,,2955.0
2015-10-31,258.6,60.6,165.5,148.8,,33326.0,1500.0,782.0,9.0,,2948.0
2015-11-01,234.2,53.2,164.6,142.8,,31429.0,600.0,736.0,11.0,,2875.0
2015-11-02,241.5,57.5,165.2,139.4,,33198.0,1200.0,751.0,7.0,,2959.0
2015-11-03,255.8,61.3,155.6,140.8,,34255.0,1500.0,763.0,5.0,,2996.0
2015-11-04,252.5,61.7,153.8,141.8,,34996.0,800.0,761.0,5.0,,3004.0
2015-11-05,248.9,57.6,157.5,144.5,,35540.0,1000.0,759.0,4.0,,2966.0
2015-11-06,254.9,60.4,159.8,148.2,,34898.0,300.0,772.0,10.0,,2997.0
2015-11-07,246.8,60.7,159.5,150.2,,34529.0,1000.0,764.0,12.0,,2972.0
2015-11-08,216.4,55.6,155.9,140.4,,31438.0,1288.0,709.0,18.0,,2880.0
2015-11-09,174.4,55.6,163.0,126.9,,28619.0,800.0,657.0,27.0,,2895.0
2015-11-10,144.0,60.7,154.5,112.9,,27823.0,1000.0,608.0,34.0,,2801.0
2015-11-11,170.1,60.4,152.7,113.6,,27823.0,1000.0,624.0,32.0,,2668.0
2015-11-12,196.9,61.3,147.8,119.3,,29229.0,642.0,659.0,14.0,,2627.0
2015-11-13,205.1,60.5,151.6,126.5,,30556.0,1224.0,681.0,9.0,,2700.0
2015-11-14,211.0,59.6,154.9,125.2,,31217.0,1000.0,686.0,17.0,,2758.0
2015-11-15,187.8,53.6,153.1,119.4,,28549.0,1033.0,646.0,10.0,,2705.0
2015-11-16,190.6,59.4,154.8,113.7,,29991.0,1500.0,650.0,14.0,,2774.0
2015-11-17,212.2,61.0,157.4,96.8,,29867.0,982.0,652.0,10.0,,2784.0
2015-11-18,220.1,62.0,162.0,101.2,,31491.0,1024.0,674.0,15.0,,2804.0
2015-11-19,222.6,62.0,158.4,105.9,,31634.0,800.0,677.0,21.0,,2805.0
2015-11-20,222.8,61.8,155.6,107.4,,31506.0,400.0,677.0,16.0,,2816.0
2015-11-21,215.3,61.7,153.1,108.8,,30929.0,925.0,668.0,15.0,,2804.0
2015-11-22,198.3,57.0,145.6,105.3,,28193.0,900.0,632.0,17.0,,2721.0
2015-11-23,207.1,61.0,150.6,114.0,,30942.0,900.0,665.0,11.0,,2787.0
2015-11-24,216.7,62.2,152.6,116.6,,31679.0,800.0,683.0,13.0,,2834.0
2015-11-25,228.7,62.9,154.8,117.4,,31741.0,600.0,698.0,13.0,,2845.0
2015-11-26,228.7,63.4,157.8,116.6,,32024.0,600.0,698.0,8.0,,2842.0
2015-11-27,238.3,63.2,155.8,123.2,,31343.0,600.0,714.0,11.0,,2859.0
2015-11-28,235.1,62.8,158.1,120.2,,31340.0,1000.0,708.0,11.0,,2840.0
2015-11-29,214.2,57.4,154.4,116.6,,28863.0,1000.0,668.0,19.0,,2747.0
2015-11-30,212.7,62.2,152.8,113.1,,30872.0,1100.0,672.0,9.0,,2824.0
2015-12-01,208.4,63.1,152.0,111.4,,29126.0,1200.0,666.0,2.0,,2860.0
2015-12-02,185.7,62.8,154.0,114.4,,28313.0,1100.0,651.0,5.0,,2795.0
2015-12-03,185.0,61.5,156.7,123.1,,28781.0,1100.0,658.0,9.0,,2809.0
2015-12-04,193.7,63.5,158.7,115.8,,28628.0,1100.0,665.0,24.0,,2828.0
2015-12-05,197.4,62.2,162.0,119.6,,29241.0,824.0,672.0,31.0,,2832.0
2015-12-06,183.4,57.0,155.7,113.8,,27887.0,300.0,635.0,28.0,,2733.0
2015-12-07,200.9,61.5,161.1,119.5,,30606.0,500.0,673.0,22.0,,2819.0
2015-12-08,211.7,61.6,163.9,120.5,,30606.0,1260.0,689.0,18.0,,2843.0
2015-12-09,211.1,62.2,165.0,121.8,,31104.0,1500.0,692.0,21.0,,2836.0
2015-12-10,217.2,63.9,167.3,120.2,,31686.0,1200.0,700.0,13.0,,2871.0
2015-12-11,227.4,64.7,165.2,123.9,,31631.0,1200.0,717.0,7.0,,2879.0
2015-12-12,230.5,63.2,159.6,122.9,,31563.0,600.0,713.0,6.0,,2871.0
2015-12-13,212.6,56.9,165.5,122.2,,29561.0,300.0,692.0,6.0,,2809.0
2015-12-14,231.7,61.2,171.4,128.9,,31996.0,1500.0,730.0,5.0,,2880.0
2015-12-15,232.2,62.5,170.1,128.4,,31809.0,1000.0,733.0,7.0,,2910.0
2015-12-16,238.2,62.8,168.3,127.4,,31459.0,1510.0,735.0,8.0,,2924.0
2015-12-17,242.1,62.9,169.1,130.8,,32665.0,1000.0,745.0,13.0,,2931.0
2015-12-18,246.7,62.9,171.8,130.8,,32753.0,700.0,754.0,8.0,,2970.0
2015-12-19,244.2,62.2,171.8,132.3,,32575.0,800.0,750.0,8.0,,2952.0
2015-12-20,231.7,56.6,166.7,130.8,,30388.0,750.0,721.0,15.0,,2871.0
2015-12-21,250.0,63.2,173.9,130.6,,32963.0,1100.0,757.0,14.0,,2933.0
2015-12-22,258.4,63.2,173.4,132.5,,33754.0,1000.0,770.0,10.0,,2960.0
2015-12-23,264.6,62.7,171.0,134.4,,33908.0,1508.0,776.0,12.0,,2965.0
2015-12-24,266.2,61.4,172.1,135.6,,33352.0,800.0,777.0,11.0,,2955.0
2015-12-25,260.6,55.2,170.4,132.0,,32062.0,800.0,754.0,22.0,,2915.0
2015-12-26,255.8,57.8,171.7,126.2,,32354.0,800.0,743.0,25.0,,2907.0
2015-12-27,242.4,55.0,174.1,122.8,,29436.0,700.0,721.0,34.0,,2815.0
2015-12-28,255.1,61.2,175.3,126.5,,32840.0,850.0,749.0,38.0,,2892.0
2015-12-29,261.8,62.6,175.0,128.4,,32307.0,500.0,763.0,33.0,,2927.0
2015-12-30,262.5,63.3,177.7,130.7,,32800.0,600.0,769.0,30.0,,2935.0
2015-12-31,264.9,61.4,181.2,135.7,,32444.0,500.0,777.0,41.0,,2955.0
2016-01-01,254.6,59.7,174.7,131.3,,30369.0,400.0,741.0,44.0,,2901.0
2016-01-02,249.6,59.1,179.7,129.5,,30985.0,400.0,752.0,31.0,,2928.0
2016-01-03,245.6,53.1,173.6,129.0,,30432.0,600.0,732.0,24.0,,2882.0
2016-01-04,271.2,58.0,182.4,126.6,,32714.0,600.0,774.0,25.0,,2972.0
2016-01-05,257.2,58.9,182.5,140.6,,31921.0,800.0,779.0,23.0,,2996.0
2016-01-06,272.8,60.4,184.9,138.2,,33078.0,679.0,794.0,22.0,,3013.0
2016-01-07,272.0,60.8,185.1,135.2,,33721.0,500.0,792.0,26.0,,3005.0
2016-01-08,276.0,62.1,183.0,136.3,,33758.0,1000.0,794.0,20.0,,2990.0
2016-01-09,275.6,61.3,184.4,112.8,,33530.0,400.0,768.0,23.0,,2956.0
2016-01-10,256.9,56.0,176.8,129.9,,31209.0,400.0,749.0,22.0,,2892.0
2016-01-11,258.7,61.0,183.5,135.2,,34105.0,500.0,772.0,23.0,,2960.0
2016-01-12,274.0,62.6,182.5,135.7,,34301.0,500.0,790.0,22.0,,3014.0
2016-01-13,274.2,62.6,186.6,133.9,,34151.0,700.0,794.0,12.0,,3008.0
2016-01-14,265.1,62.6,186.0,131.6,,32576.0,695.0,780.0,15.0,,2907.0
2016-01-15,225.9,62.0,180.4,124.0,,29378.0,400.0,716.0,15.0,,2847.0
2016-01-16,213.4,61.7,183.3,120.1,,30161.0,400.0,704.0,10.0,,2837.0
2016-01-17,217.2,56.6,182.3,110.4,,29337.0,400.0,691.0,6.0,,2812.0
2016-01-18,250.1,62.0,187.6,126.6,,32766.0,500.0,758.0,8.0,,2905.0
2016-01-19,269.3,63.5,181.8,123.7,,33150.0,500.0,772.0,7.0,,2881.0
2016-01-20,277.2,63.9,175.4,126.7,,33435.0,500.0,776.0,4.0,,2879.0
2016-01-21,278.0,65.2,177.0,126.6,,33896.0,700.0,779.0,7.0,,2893.0
2016-01-22,276.9,65.4,180.2,125.6,,32856.0,600.0,782.0,20.0,,2918.0
2016-01-23,271.9,65.0,179.8,126.7,,33549.0,500.0,777.0,22.0,,2932.0
2016-01-24,259.5,60.1,177.3,124.0,,31524.0,576.0,751.0,18.0,,2878.0
2016-01-25,268.6,65.7,187.2,131.4,,34549.0,500.0,788.0,15.0,,2948.0
2016-01-26,257.1,63.4,178.4,131.7,,31689.0,500.0,760.0,14.0,,2823.0
2016-01-27,275.8,65.4,189.6,134.4,,34911.0,800.0,803.0,7.0,,2971.0
2016-01-28,284.4,66.2,191.2,143.3,,34684.0,500.0,824.0,9.0,,3029.0
2016-01-29,283.6,65.7,194.0,142.8,,34724.0,650.0,826.0,13.0,,3022.0
2016-01-30,274.2,64.0,193.0,140.4,,34029.0,300.0,812.0,21.0,,3008.0
2016-01-31,263.4,57.9,184.2,133.9,,31484.0,513.0,774.0,23.0,,2915.0
2016-02-01,273.5,61.8,191.8,135.3,,34702.0,400.0,803.0,17.0,,2982.0
2016-02-02,278.0,62.1,194.3,141.4,,35125.0,400.0,813.0,13.0,,3014.0
2016-02-03,284.2,61.5,193.6,143.2,,34976.0,500.0,826.0,11.0,,3039.0
2016-02-04,278.9,61.8,196.2,143.6,,35547.0,500.0,826.0,17.0,,3023.0
2016-02-05,283.2,62.2,194.5,127.1,,35061.0,500.0,814.0,19.0,,3022.0
2016-02-06,281.6,62.7,192.1,142.1,,34892.0,450.0,823.0,15.0,,3010.0
2016-02-07,260.6,58.7,188.7,135.0,,33038.0,500.0,784.0,8.0,,2910.0
2016-02-08,283.9,65.0,197.0,146.1,,35174.0,400.0,835.0,13.0,,2978.0
2016-02-09,289.0,66.8,200.0,144.7,,34766.0,400.0,845.0,10.0,,3048.0
2016-02-10,288.9,75.8,190.6,146.4,,35406.0,400.0,848.0,9.0,,3058.0
2016-02-11,292.2,65.4,199.6,147.9,,35631.0,300.0,853.0,8.0,,3038.0
2016-02-12,289.8,67.4,201.8,149.7,,35492.0,400.0,858.0,8.0,,3051.0
2016-02-13,293.3,66.5,198.3,145.4,,35053.0,400.0,849.0,8.0,,3021.0
2016-02-14,269.1,61.3,183.6,145.6,,32667.0,600.0,801.0,15.0,,2927.0
2016-02-15,288.3,66.4,195.0,145.5,,35338.0,450.0,838.0,15.0,,3018.0
2016-02-16,292.9,66.0,197.7,143.0,,35351.0,450.0,842.0,25.0,,3059.0
2016-02-17,294.3,67.2,197.2,147.8,,35405.0,450.0,849.0,35.0,,3074.0
2016-02-18,291.5,68.5,194.0,148.4,,35504.0,800.0,847.0,47.0,,3060.0
2016-02-19,298.8,69.5,197.0,146.1,,35639.0,300.0,857.0,22.0,,3088.0
2016-02-20,299.0,69.9,199.7,148.2,,35573.0,500.0,863.0,11.0,,3048.0
2016-02-21,288.4,64.9,194.8,144.1,,34057.0,400.0,834.0,8.0,,2972.0
2016-02-22,300.1,70.6,204.3,147.3,,36756.0,614.0,872.0,13.0,,3052.0
2016-02-23,297.1,71.1,201.3,153.4,,36126.0,400.0,874.0,15.0,,3100.0
2016-02-24,301.6,71.0,204.1,154.6,,36173.0,400.0,882.0,14.0,,3120.0
2016-02-25,304.3,70.7,206.1,152.6,,36259.0,662.0,886.0,10.0,,3115.0
2016-02-26,305.1,71.2,207.0,152.0,,35636.0,400.0,887.0,19.0,,3123.0
2016-02-27,300.4,70.2,202.6,153.0,,34597.0,513.0,874.0,19.0,,3098.0
2016-02-28,285.1,65.0,193.0,149.1,,33378.0,427.0,835.0,23.0,,3006.0
2016-02-29,292.8,69.5,208.1,148.9,,36382.0,500.0,867.0,19.0,,3093.0
2016-03-01,303.6,69.3,205.8,149.9,,36737.0,500.0,870.0,26.0,,3124.0
2016-03-02,303.9,70.4,203.9,151.9,,36260.0,800.0,876.0,20.0,,3139.0
2016-03-03,305.6,71.3,201.2,152.8,,36745.0,400.0,879.0,27.0,,3146.0
2016-03-04,310.4,71.0,207.6,152.2,,36588.0,450.0,891.0,18.0,,3128.0
2016-03-05,307.2,70.4,202.6,153.6,,36473.0,600.0,880.0,15.0,,3040.0
2016-03-06,286.7,66.0,195.3,153.6,,33896.0,400.0,846.0,13.0,,2896.0
2016-03-08,308.8,72.6,209.4,150.9,,36586.0,450.0,887.0,12.0,,3060.0
2016-03-09,314.4,74.1,210.4,152.6,,37270.0,450.0,901.0,8.0,,3142.0
2016-03-10,310.6,74.7,210.1,153.7,,36355.0,835.0,899.0,11.0,,3158.0
2016-03-11,312.8,73.3,208.4,155.1,,36437.0,500.0,902.0,10.0,,3149.0
2016-03-12,311.2,71.0,207.8,152.9,,35864.0,450.0,893.0,12.0,,3011.0
2016-03-13,296.8,66.4,192.6,153.7,,33830.0,600.0,857.0,17.0,,2892.0
2016-03-14,305.1,74.0,205.5,151.5,,36148.0,400.0,887.0,10.0,,2997.0
2016-03-15,318.4,73.5,199.3,154.6,,35895.0,1443.0,898.0,17.0,,3058.0
2016-03-16,321.0,73.0,200.9,155.6,,36494.0,1200.0,901.0,17.0,,3072.0
2016-03-17,320.3,73.6,198.7,159.1,,36848.0,1200.0,905.0,10.0,,3111.0
2016-03-18,323.6,74.5,194.3,157.5,,36402.0,1791.0,907.0,10.0,,3126.0
2016-03-19,316.1,75.0,197.7,158.8,,36893.0,500.0,904.0,11.0,,3125.0
2016-03-20,296.7,70.3,195.1,155.3,,34973.0,400.0,868.0,13.0,,3043.0
2016-03-21,312.4,76.0,206.0,158.8,,37282.0,700.0,908.0,14.0,,3128.0
2016-03-22,325.8,76.6,209.8,161.0,,37404.0,1004.0,930.0,24.0,,3147.0
2016-03-24,321.6,75.1,209.5,160.6,,36593.0,400.0,920.0,11.0,,2938.0
2016-03-26,319.3,73.2,210.7,156.6,,36601.0,800.0,917.0,11.0,,3124.0
2016-03-27,304.8,73.2,199.9,150.6,,35018.0,500.0,879.0,10.0,,3039.0
2016-03-28,312.4,75.1,209.6,151.8,,37227.0,300.0,901.0,14.0,,3093.0
2016-03-29,325.1,74.6,214.6,154.6,,36819.0,788.0,925.0,10.0,,3170.0
2016-03-30,323.6,75.7,210.9,155.1,,37371.0,525.0,921.0,9.0,,3168.0
2016-03-31,321.4,76.7,213.0,156.3,,37309.0,849.0,922.0,8.0,,3197.0
2016-04-01,323.3,76.4,208.7,157.6,,37609.0,0.0,925.0,10.0,,3188.0
2016-04-02,322.8,76.2,207.6,157.4,,36905.0,0.0,925.0,12.0,,3206.0
2016-04-03,310.6,70.8,198.0,153.7,,35308.0,0.0,889.0,14.0,,3144.0
2016-04-04,314.2,75.9,209.8,155.9,,37551.0,125.0,918.0,13.0,,3237.0
2016-04-05,321.6,76.6,208.7,158.1,,37355.0,125.0,928.0,20.0,,3246.0
2016-04-06,329.0,76.8,207.9,156.8,,37706.0,0.0,930.0,20.0,,3241.0
2016-04-07,326.5,77.2,210.1,157.9,,38085.0,425.0,932.0,10.0,,3246.0
2016-04-08,330.3,76.8,200.6,156.8,,35183.0,600.0,916.0,12.0,,3217.0
2016-04-09,322.2,72.0,195.0,154.6,,36083.0,0.0,899.0,18.0,,3209.0
2016-04-10,303.6,67.8,191.1,153.9,,34497.0,0.0,866.0,16.0,,3139.0
2016-04-11,319.2,74.3,204.2,156.5,,37516.0,514.0,910.0,18.0,,3235.0
2016-04-12,327.4,76.1,208.9,162.5,,38632.0,0.0,933.0,29.0,,3268.0
2016-04-13,334.4,77.3,211.2,161.5,,39094.0,125.0,944.0,41.0,,3295.0
2016-04-14,321.6,72.9,209.5,163.8,,36232.0,0.0,928.0,23.0,,3301.0
2016-04-15,330.2,76.7,200.6,163.4,,37798.0,1025.0,932.0,17.0,,3313.0
2016-04-16,334.5,77.6,205.2,160.6,,37168.0,525.0,937.0,20.0,,3350.0
2016-04-17,315.0,71.8,194.8,154.9,,34776.0,166.0,884.0,21.0,,3245.0
2016-04-18,330.4,77.2,207.5,157.2,,38394.0,725.0,924.0,14.0,,3369.0
2016-04-19,337.6,77.9,211.7,157.9,,37824.0,125.0,939.0,14.0,,3400.0
2016-04-20,338.1,77.3,212.6,158.1,,38332.0,125.0,941.0,18.0,,3401.0
2016-04-21,338.3,78.0,210.8,160.8,,38558.0,125.0,944.0,30.0,,3357.0
2016-04-22,333.9,70.2,207.0,159.3,,38112.0,141.0,925.0,51.0,,3321.0
2016-04-23,337.9,76.9,204.7,161.7,,37984.0,125.0,931.0,58.0,,3329.0
2016-04-24,316.4,71.7,201.4,151.6,,36259.0,0.0,886.0,35.0,,3221.0
2016-04-25,330.4,77.6,205.1,154.6,,37660.0,200.0,919.0,25.0,,3321.0
2016-04-26,337.0,78.6,205.1,156.5,,37114.0,740.0,928.0,15.0,,3358.0
2016-04-27,336.0,80.3,208.9,165.0,,37534.0,0.0,939.0,14.0,,3366.0
2016-04-28,344.2,80.4,209.9,160.4,,37070.0,0.0,945.0,16.0,,3395.0
2016-04-29,340.7,80.5,209.6,159.3,,38701.0,125.0,941.0,16.0,,3395.0
2016-04-30,335.7,77.6,205.1,161.7,,36230.0,125.0,920.0,18.0,,3376.0
2016-05-01,312.9,70.3,194.3,153.2,,34266.0,0.0,861.0,22.0,,3202.0
2016-05-02,330.2,79.1,203.7,158.4,,37146.0,0.0,911.0,24.0,,3373.0
2016-05-03,341.1,79.3,204.4,153.0,,36092.0,125.0,915.0,19.0,,3387.0
2016-05-04,344.3,77.2,203.1,143.4,,34184.0,300.0,889.0,17.0,,3281.0
2016-05-05,341.7,75.0,196.7,145.0,,35516.0,738.0,881.0,16.0,,3221.0
2016-05-06,332.0,75.4,183.2,133.3,,33598.0,0.0,829.0,23.0,,3190.0
2016-05-07,317.2,71.8,183.1,139.9,,35486.0,125.0,834.0,13.0,,3242.0
2016-05-08,298.8,68.9,170.5,140.7,,32363.0,0.0,794.0,11.0,,3159.0
2016-05-09,308.3,75.3,188.7,146.6,,35946.0,0.0,847.0,13.0,,3296.0
2016-05-10,321.6,69.1,193.8,150.7,,34586.0,400.0,855.0,13.0,,3275.0
2016-05-11,311.7,65.2,178.8,154.0,,35192.0,75.0,841.0,13.0,,3238.0
2016-05-12,309.7,66.5,171.7,150.9,,34966.0,0.0,835.0,19.0,,3331.0
2016-05-13,325.0,69.9,180.5,150.2,,37374.0,300.0,868.0,31.0,,3347.0
2016-05-14,322.9,67.6,176.9,150.1,,34531.0,0.0,853.0,20.0,,3325.0
2016-05-15,297.2,60.0,157.9,150.8,,34106.0,0.0,794.0,13.0,,3237.0
2016-05-16,224.0,61.6,174.1,155.3,,32986.0,0.0,753.0,10.0,,3279.0
2016-05-17,228.2,61.7,177.2,145.8,,33589.0,300.0,753.0,22.0,,3307.0
2016-05-18,231.4,64.2,156.8,113.9,,30939.0,0.0,706.0,42.0,,3281.0
2016-05-19,243.6,68.5,149.0,103.4,,32339.0,0.0,701.0,53.0,,3287.0
2016-05-20,251.2,64.0,145.1,113.5,,33184.0,0.0,699.0,75.0,,3236.0
2016-05-21,276.0,68.0,180.9,127.0,,35156.0,300.0,779.0,109.0,,3234.0
2016-05-22,269.4,66.5,177.6,135.4,,33250.0,0.0,781.0,98.0,,3200.0
2016-05-23,296.9,71.7,191.2,145.5,,37180.0,200.0,846.0,115.0,,3156.0
2016-05-24,316.4,73.6,198.8,155.9,,37223.0,178.0,892.0,104.0,,3127.0
2016-05-25,321.8,70.2,185.7,154.5,,36575.0,0.0,875.0,114.0,,3163.0
2016-05-26,315.1,69.2,189.4,152.9,,37415.0,0.0,876.0,97.0,,3232.0
2016-05-27,311.8,69.2,186.1,154.0,,36340.0,43.0,870.0,90.0,,3274.0
2016-05-28,295.4,64.9,177.0,147.4,,34380.0,0.0,827.0,72.0,,3222.0
2016-05-29,280.1,74.3,166.1,133.3,,33832.0,200.0,788.0,72.0,,2969.0
2016-05-30,298.3,64.9,177.8,151.3,,35847.0,0.0,834.0,89.0,,3092.0
2016-05-31,314.3,63.8,175.9,148.1,,36194.0,0.0,847.0,89.0,,3209.0
2016-06-01,307.9,61.9,171.6,147.9,,35725.0,0.0,834.0,88.0,,3248.0
2016-06-02,303.0,62.3,160.1,131.1,,36381.0,131.0,797.0,81.0,,3269.0
2016-06-03,308.4,64.2,165.9,138.6,,34327.0,0.0,810.0,79.0,,3332.0
2016-06-04,299.1,64.0,147.8,121.7,,34866.0,0.0,755.0,71.0,,3294.0
2016-06-05,276.1,59.0,143.4,123.2,,32100.0,225.0,723.0,61.0,,3176.0
2016-06-06,288.0,64.0,160.0,131.0,,35266.0,200.0,769.0,74.0,,3265.0
2016-06-07,289.0,63.0,163.0,128.0,,34485.0,0.0,767.0,52.0,,3276.0
2016-06-08,286.0,60.0,154.0,121.0,,33594.0,0.0,746.0,53.0,,3273.0
2016-06-09,283.0,61.0,145.0,129.0,,34688.0,0.0,746.0,52.0,,3275.0
2016-06-10,292.0,59.0,144.0,132.0,,34534.0,0.0,760.0,67.0,,3266.0
2016-06-11,301.0,57.0,138.0,133.0,,33658.0,0.0,754.0,102.0,,3200.0
2016-06-12,288.0,55.0,132.0,137.0,,32732.0,0.0,736.0,109.0,,3150.0
2016-06-13,304.0,61.0,141.0,144.0,,35338.0,0.0,780.0,121.0,,3255.0
2016-06-14,314.0,63.0,148.0,146.0,,35946.0,0.0,806.0,124.0,,3299.0
2016-06-15,312.0,63.0,154.0,148.0,,37000.0,0.0,812.0,129.0,,3332.0
2016-06-16,320.0,61.0,162.0,153.0,,36206.0,0.0,840.0,119.0,,3369.0
2016-06-17,316.0,60.0,165.0,139.0,,35249.0,0.0,822.0,103.0,,3393.0
2016-06-18,302.0,59.0,159.0,142.0,,33801.0,0.0,795.0,89.0,,3349.0
2016-06-19,284.0,53.0,142.0,133.0,,32284.0,25.0,735.0,90.0,,3237.0
2016-06-20,292.0,59.0,159.0,126.0,,34436.0,0.0,764.0,87.0,,3308.0
2016-06-21,294.0,59.0,155.0,133.0,,33954.0,0.0,774.0,97.0,,3291.0
2016-06-22,284.4,57.2,150.7,133.8,,34073.0,200.0,759.0,97.0,,3207.0
2016-06-23,271.2,55.2,137.7,134.8,,33141.0,0.0,733.0,100.0,,3226.0
2016-06-24,276.5,57.8,144.4,136.2,,34107.0,0.0,748.0,111.0,,3266.0
2016-06-25,275.8,52.2,143.9,132.1,,32950.0,0.0,731.0,111.0,,3228.0
2016-06-26,261.1,54.2,141.4,125.2,,31498.0,413.0,700.0,100.0,,3159.0
2016-06-27,279.1,58.3,151.5,125.3,,33409.0,40.0,739.0,110.0,,3243.0
2016-06-28,281.0,57.7,148.9,121.0,,32854.0,0.0,730.0,108.0,,3214.0
2016-06-29,277.0,58.0,135.0,113.0,,33182.0,294.0,706.0,104.0,,3205.0
2016-06-30,279.0,58.0,140.0,116.0,,33313.0,0.0,707.0,112.0,,3261.0
2016-07-01,285.0,62.0,140.0,121.0,,33962.0,0.0,732.0,140.0,,3207.0
2016-07-02,289.0,63.0,139.0,125.0,,34160.0,0.0,742.0,141.0,,2980.0
2016-07-03,282.0,55.0,136.0,128.0,,32744.0,0.0,722.0,128.0,,2835.0
2016-07-04,305.7,54.3,152.4,139.0,,34860.0,0.0,784.0,132.0,,2986.0
2016-07-05,313.4,56.0,150.0,142.5,,34817.0,265.0,794.0,130.0,,3090.0
2016-07-06,311.6,57.3,148.1,141.5,,34250.0,0.0,790.0,123.0,,3065.0
2016-07-07,308.1,60.0,149.6,140.4,,34287.0,460.0,791.0,124.0,,3189.0
2016-07-08,300.5,60.2,146.7,136.4,,33737.0,200.0,777.0,140.0,,3189.0
2016-07-09,299.3,58.1,141.0,131.3,,33950.0,0.0,755.0,140.0,,3096.0
2016-07-10,276.9,53.4,126.8,134.9,,30872.0,0.0,711.0,141.0,,2997.0
2016-07-11,294.2,58.3,139.4,192.8,,34167.0,0.0,806.0,155.0,,3167.0
2016-07-12,305.6,57.8,149.3,145.8,,34965.0,0.0,787.0,149.0,,3132.0
2016-07-13,315.1,59.5,161.7,151.2,,35925.0,30.0,823.0,136.0,,3195.0
2016-07-14,318.3,60.0,166.0,157.1,,36240.0,0.0,843.0,106.0,,3246.0
2016-07-15,315.9,60.9,169.7,162.7,,35653.0,0.0,858.0,81.0,,3203.0
2016-07-16,297.0,60.8,167.1,155.3,,34955.0,0.0,826.0,58.0,,3049.0
2016-07-17,276.8,56.2,157.6,146.2,,32602.0,0.0,780.0,64.0,,2871.0
2016-07-18,285.8,60.4,161.7,195.0,,34826.0,0.0,853.0,91.0,,3047.0
2016-07-19,287.1,61.0,159.7,138.4,,34575.0,0.0,790.0,84.0,,3102.0
2016-07-20,288.8,62.3,157.9,139.9,,33907.0,0.0,793.0,88.0,,3207.0
2016-07-21,288.6,62.4,151.5,140.0,,34870.0,0.0,787.0,101.0,,3256.0
2016-07-22,292.6,62.2,151.5,138.2,,34405.0,111.0,792.0,118.0,,3267.0
2016-07-23,287.3,59.5,150.8,139.5,,34165.0,42.0,785.0,104.0,,3203.0
2016-07-24,276.2,54.7,137.9,131.4,,32316.0,100.0,748.0,94.0,,3113.0
2016-07-25,281.4,60.8,151.4,135.3,,35045.0,0.0,781.0,63.0,,3239.0
2016-07-26,275.0,63.0,150.2,132.7,,34760.0,0.0,769.0,20.0,,3225.0
2016-07-27,281.8,62.7,146.5,122.8,,34013.0,0.0,760.0,36.0,,3110.0
2016-07-28,284.0,62.7,147.2,129.4,,34249.0,0.0,774.0,36.0,,3142.0
2016-07-29,272.5,62.8,140.0,130.4,,33906.0,0.0,758.0,61.0,,3085.0
2016-07-30,270.1,62.6,123.0,131.9,,32618.0,0.0,738.0,81.0,,3041.0
2016-07-31,244.6,57.8,124.3,124.9,,31465.0,0.0,695.0,84.0,,2949.0
2016-08-01,271.7,62.7,135.8,121.6,,33329.0,0.0,732.0,123.0,,3010.0
2016-08-02,271.6,63.9,136.7,123.0,,32875.0,0.0,736.0,132.0,,2996.0
2016-08-03,283.0,64.5,140.2,127.1,,34446.0,0.0,753.0,150.0,,3056.0
2016-08-04,298.0,64.0,147.9,132.0,,34798.0,0.0,788.0,148.0,,3150.0
2016-08-05,302.7,62.5,151.3,135.6,,35022.0,0.0,806.0,151.0,,3175.0
2016-08-06,291.5,63.6,148.3,141.7,,35190.0,0.0,799.0,155.0,,3096.0
2016-08-07,287.7,57.9,146.2,144.3,,33433.0,13.0,793.0,140.0,,2973.0
2016-08-08,305.3,62.7,161.3,152.9,,36592.0,0.0,848.0,131.0,,3097.0
2016-08-09,312.5,64.0,168.0,158.2,,37297.0,0.0,872.0,138.0,,3161.0
2016-08-10,314.1,64.1,173.2,160.5,,37786.0,0.0,886.0,136.0,,3160.0
2016-08-11,314.6,65.4,177.1,166.8,,38387.0,0.0,901.0,121.0,,3137.0
2016-08-12,314.0,64.7,175.2,169.5,,37584.0,0.0,902.0,109.0,,3125.0
2016-08-13,309.6,64.7,173.2,165.5,,36835.0,0.0,887.0,125.0,,3159.0
2016-08-14,280.3,58.7,163.1,158.9,,34151.0,0.0,830.0,138.0,,3069.0
2016-08-15,271.5,58.4,163.7,156.3,,34429.0,0.0,812.0,138.0,,2994.0
2016-08-16,297.8,62.5,170.6,158.3,,37701.0,30.0,864.0,154.0,,3188.0
2016-08-17,305.1,63.9,176.9,159.8,,37662.0,0.0,884.0,145.0,,3219.0
2016-08-18,311.9,63.6,186.4,165.4,,37807.0,0.0,909.0,135.0,,3153.0
2016-08-19,315.4,64.6,185.1,175.9,,38387.0,200.0,923.0,122.0,,3241.0
2016-08-20,309.3,65.3,188.4,170.2,,38573.0,0.0,915.0,90.0,,3272.0
2016-08-21,300.6,60.8,183.6,174.6,,36294.0,0.0,897.0,92.0,,3226.0
2016-08-22,309.0,65.8,187.5,178.5,,38719.0,0.0,926.0,87.0,,3278.0
2016-08-23,313.9,65.3,189.0,182.5,,39363.0,0.0,938.0,115.0,,3336.0
2016-08-24,310.8,66.6,193.9,170.1,,38771.0,0.0,925.0,111.0,,3281.0
2016-08-25,314.8,65.4,196.7,167.4,,38014.0,0.0,918.0,116.0,,3219.0
2016-08-26,301.3,65.2,197.0,163.0,,37962.0,0.0,901.0,101.0,,3222.0
2016-08-27,283.4,64.6,188.3,158.0,,36254.0,0.0,867.0,114.0,,3203.0
2016-08-28,266.2,58.4,175.0,155.4,,34562.0,0.0,816.0,115.0,,3115.0
2016-08-29,282.2,63.7,190.7,170.2,,38137.0,0.0,873.0,117.0,,3191.0
2016-08-30,284.8,63.4,189.0,155.5,,37598.0,0.0,856.0,89.0,,3188.0
2016-08-31,272.4,63.3,177.3,152.3,,36549.0,0.0,813.0,80.0,,3107.0
2016-09-01,269.8,63.2,176.8,150.3,,35934.0,0.0,811.0,94.0,,3076.0
2016-09-02,275.2,54.6,172.2,154.2,,34448.0,0.0,807.0,105.0,,3109.0
2016-09-03,274.5,61.5,181.8,149.7,,36484.0,0.0,825.0,102.0,,3168.0
2016-09-04,256.0,58.8,172.3,147.0,,34231.0,0.0,792.0,106.0,,3127.0
2016-09-05,257.8,63.6,170.7,147.4,,34826.0,0.0,800.0,92.0,,3181.0
2016-09-06,285.4,65.6,190.0,154.9,,38057.0,0.0,866.0,105.0,,3329.0
2016-09-07,296.7,65.6,197.4,160.8,,38105.0,0.0,897.0,92.0,,3425.0
2016-09-08,300.6,65.4,203.5,167.4,,39324.0,0.0,917.0,96.0,,3512.0
2016-09-09,303.8,65.8,192.5,169.9,,38622.0,0.0,913.0,71.0,,3539.0
2016-09-10,302.9,65.8,203.4,160.8,,37277.0,0.0,901.0,94.0,,3540.0
2016-09-11,275.9,62.0,194.6,150.0,,34892.0,0.0,830.0,86.0,,3394.0
2016-09-12,292.0,62.8,196.8,151.3,,37404.0,0.0,856.0,94.0,,3490.0
2016-09-13,300.6,61.6,193.6,146.8,,35914.0,0.0,842.0,93.0,,3463.0
2016-09-14,297.3,56.0,177.5,140.8,,34820.0,0.0,808.0,94.0,,3390.0
2016-09-15,298.0,58.8,169.8,135.8,,35109.0,0.0,796.0,115.0,,3328.0
2016-09-16,292.2,60.8,171.4,138.1,,35484.0,0.0,799.0,127.0,,3319.0
2016-09-17,284.6,62.2,171.4,138.2,,35566.0,0.0,794.0,124.0,,3242.0
2016-09-18,280.6,58.2,169.8,141.2,,34579.0,0.0,791.0,132.0,,3185.0
2016-09-19,295.4,63.8,184.2,151.4,,37720.0,0.0,846.0,118.0,,3303.0
2016-09-20,303.6,65.3,183.4,150.6,,36980.0,0.0,857.0,125.0,,3364.0
2016-09-21,301.5,64.5,176.8,137.3,,35826.0,0.0,818.0,128.0,,3300.0
2016-09-22,302.1,64.4,174.5,129.3,,36075.0,0.0,801.0,130.0,,3246.0
2016-09-23,305.8,65.0,175.5,130.7,,35758.0,0.0,798.0,135.0,,3255.0
2016-09-24,311.0,64.2,173.2,136.1,,35633.0,0.0,803.0,142.0,,3204.0
2016-09-25,289.0,58.8,163.0,134.5,,33273.0,0.0,760.0,126.0,,3075.0
2016-09-26,308.1,64.0,172.4,138.4,,36416.0,0.0,803.0,107.0,,3211.0
2016-09-27,317.2,65.2,177.3,141.7,,36752.0,0.0,826.0,87.0,9.4,3231.0
2016-09-28,311.9,65.8,170.0,143.0,,36859.0,0.0,821.0,77.0,8.4,3231.0
2016-09-29,295.3,65.0,166.3,145.8,,36382.0,0.0,808.0,93.0,8.5,3233.0
2016-09-30,293.8,65.3,175.7,143.9,,35660.0,0.0,819.0,111.0,9.4,3244.0
2016-10-01,294.7,65.0,182.2,135.2,,35210.0,0.0,810.0,101.0,10.1,3235.0
2016-10-02,271.6,58.0,165.4,138.7,,34306.0,0.0,760.0,70.0,12.2,3095.0
2016-10-03,298.4,64.6,182.3,143.7,,36771.0,0.0,828.0,59.0,12.3,3231.0
2016-10-04,313.6,66.8,190.9,148.1,,37920.0,31.0,869.0,87.0,12.0,3266.0
2016-10-05,309.3,67.4,193.1,149.8,,38017.0,0.0,875.0,79.0,11.8,3189.0
2016-10-06,312.2,67.3,192.9,146.2,,38311.0,0.0,878.0,85.0,12.4,3175.0
2016-10-07,315.7,66.5,197.0,158.3,,37650.0,0.0,897.0,84.0,12.3,3217.0
2016-10-08,310.2,65.2,195.1,153.9,,36538.0,0.0,865.0,102.0,11.7,3164.0
2016-10-09,288.7,59.7,185.4,143.6,,33800.0,0.0,809.0,102.0,11.9,3029.0
2016-10-10,271.6,61.5,183.0,143.4,,33393.0,0.0,795.0,104.0,13.2,3041.0
2016-10-11,287.1,62.5,177.3,145.4,,33524.0,0.0,804.0,88.0,14.2,2919.0
2016-10-12,300.3,66.4,180.5,150.9,,35864.0,0.0,838.0,47.0,12.3,3014.0
2016-10-13,292.9,60.3,179.7,156.7,,35966.0,0.0,839.0,19.0,11.2,3073.0
2016-10-14,290.7,63.5,186.0,157.6,,36406.0,0.0,854.0,16.0,13.1,3097.0
2016-10-15,299.1,64.4,190.0,158.6,,36478.0,0.0,870.0,15.0,13.5,3132.0
2016-10-16,282.5,59.4,184.5,158.8,,34465.0,0.0,841.0,12.0,15.5,3058.0
2016-10-17,300.8,65.6,200.5,163.2,,37405.0,0.0,891.0,14.0,14.3,3179.0
2016-10-18,306.5,67.1,206.4,164.1,,37496.0,0.0,907.0,13.0,14.7,3234.0
2016-10-19,314.0,67.7,203.9,164.6,,38586.0,600.0,916.0,23.0,14.1,3254.0
2016-10-20,304.1,67.3,200.0,163.9,,38223.0,700.0,901.0,18.0,11.0,3214.0
2016-10-21,302.8,66.1,202.0,162.5,,37652.0,1090.0,900.0,16.0,10.5,3237.0
2016-10-22,295.0,65.2,189.9,155.4,,37018.0,0.0,870.0,29.0,11.9,3209.0
2016-10-23,281.3,59.5,196.0,155.5,,34996.0,0.0,852.0,41.0,11.8,3132.0
2016-10-24,291.2,65.3,196.0,167.2,,37587.0,0.0,884.0,31.0,13.1,3223.0
2016-10-25,303.7,66.7,204.9,166.9,,37888.0,600.0,908.0,17.0,14.5,3231.0
2016-10-26,307.4,67.2,208.4,164.0,,38538.0,15.0,913.0,12.0,14.2,3224.0
2016-10-27,309.3,66.7,205.4,152.3,,37659.0,576.0,898.0,15.0,14.7,3221.0
2016-10-28,283.8,66.9,205.7,163.2,,36541.0,500.0,885.0,33.0,14.3,3215.0
2016-10-29,245.4,65.3,207.7,165.5,,35143.0,0.0,849.0,40.0,12.8,3123.0
2016-10-30,230.9,59.4,197.0,154.8,,32055.0,0.0,793.0,15.0,9.4,2908.0
2016-10-31,244.4,62.8,192.6,168.2,,35350.0,41.0,822.0,20.0,10.2,2855.0
2016-11-01,265.7,64.2,181.8,155.1,,35337.0,0.0,824.0,17.0,12.7,2903.0
2016-11-02,267.6,64.7,193.1,160.6,,35641.0,700.0,845.0,14.0,10.0,2995.0
2016-11-03,267.1,65.3,199.1,160.3,,36612.0,700.0,851.0,12.0,11.2,3042.0
2016-11-04,277.2,65.1,198.6,162.1,,36157.0,750.0,864.0,24.0,12.2,3088.0
2016-11-05,271.4,65.3,205.8,163.6,,36652.0,414.0,866.0,27.0,14.5,3093.0
2016-11-06,268.9,58.4,198.0,162.1,,34611.0,0.0,840.0,27.0,14.1,3010.0
2016-11-07,286.0,62.8,204.7,149.8,,36423.0,1200.0,856.0,13.0,13.8,3048.0
2016-11-08,294.6,64.0,205.4,163.0,,37116.0,200.0,881.0,17.0,14.1,3104.0
2016-11-09,292.4,63.6,206.1,158.5,,36708.0,400.0,874.0,14.0,12.9,3090.0
2016-11-10,292.8,64.3,206.0,159.3,,36599.0,0.0,874.0,14.0,15.2,3090.0
2016-11-11,296.9,64.9,206.1,157.2,,36555.0,0.0,874.0,14.0,15.2,3105.0
2016-11-12,296.6,65.2,199.5,158.7,,36593.0,13.0,865.0,13.0,14.4,3054.0
2016-11-13,271.6,60.4,194.5,154.9,,34013.0,0.0,821.0,14.0,10.1,2946.0
2016-11-14,285.3,65.5,198.6,159.6,,37493.0,0.0,854.0,15.0,10.6,3014.0
2016-11-15,294.6,65.3,198.2,161.1,,37663.0,0.0,866.0,16.0,12.5,3046.0
2016-11-16,294.8,66.5,198.7,148.1,,38026.0,0.0,853.0,31.0,11.7,3013.0
2016-11-17,298.5,67.1,200.5,158.6,,38133.0,0.0,869.0,42.0,10.6,3010.0
2016-11-18,294.2,67.7,202.4,156.2,,37466.0,0.0,865.0,29.0,11.6,3004.0
2016-11-19,291.9,67.1,198.4,155.0,,37365.0,13.0,853.0,18.0,10.0,2984.0
2016-11-20,273.5,60.7,190.0,150.9,,34524.0,0.0,809.0,16.0,11.5,2873.0
2016-11-21,288.8,65.7,200.0,152.9,,37724.0,0.0,847.0,18.0,10.9,2969.0
2016-11-22,300.4,67.1,202.5,151.6,,38257.0,0.0,863.0,17.0,14.4,3021.0
2016-11-23,298.4,67.4,202.2,156.3,,37756.0,0.0,868.0,22.0,14.1,3028.0
2016-11-24,299.6,67.2,202.7,154.6,,37502.0,13.0,868.0,30.0,15.8,3033.0
2016-11-25,293.8,66.8,201.5,153.6,,36308.0,0.0,861.0,28.0,15.8,3022.0
2016-11-26,290.8,65.0,197.6,153.1,,36290.0,75.0,849.0,14.0,15.3,3004.0
2016-11-27,277.1,60.3,190.9,149.8,,34494.0,0.0,816.0,12.0,15.1,2933.0
2016-11-28,287.8,59.7,201.2,149.6,,37448.0,14.0,842.0,10.0,14.7,3022.0
2016-11-29,290.8,65.0,202.1,156.9,,37714.0,0.0,861.0,7.0,13.2,3047.0
2016-11-30,287.7,65.2,200.1,153.7,,37719.0,250.0,854.0,11.0,11.7,2974.0
2016-12-01,258.0,62.9,192.8,153.8,,33726.0,0.0,814.0,17.0,8.2,2957.0
2016-12-02,248.7,60.6,190.3,141.6,,35562.0,0.0,788.0,21.0,7.2,2945.0
2016-12-03,247.7,61.5,179.1,138.2,,34775.0,0.0,772.0,26.0,8.6,2939.0
2016-12-04,231.5,56.7,173.2,135.4,,31949.0,0.0,740.0,24.0,11.7,2848.0
2016-12-05,247.6,64.0,189.2,138.5,,34666.0,70.0,786.0,17.0,13.5,2958.0
2016-12-06,212.9,67.0,192.1,136.6,,32988.0,80.0,753.0,24.0,11.6,2964.0
2016-12-07,255.9,64.0,191.8,139.1,,35764.0,0.0,797.0,21.0,15.1,2988.0
2016-12-08,276.4,64.1,195.7,141.3,,36106.0,0.0,826.0,10.0,14.5,3008.0
2016-12-09,284.0,64.9,204.9,138.9,,35728.0,0.0,841.0,9.0,14.8,3047.0
2016-12-10,279.9,64.6,195.3,140.3,,35622.0,13.0,826.0,12.0,12.4,3006.0
2016-12-11,261.0,57.3,183.7,135.5,,32135.0,0.0,780.0,13.0,14.0,2915.0
2016-12-12,222.6,59.7,186.0,121.9,,30537.0,0.0,737.0,41.0,9.0,2906.0
2016-12-13,200.2,59.9,155.0,116.6,,31963.0,12.0,681.0,56.0,9.5,2869.0
2016-12-14,224.8,59.9,161.7,127.1,,32836.0,0.0,723.0,23.0,10.5,2913.0
2016-12-15,239.0,61.0,167.9,133.5,,33218.0,39.0,751.0,27.0,13.5,2969.0
2016-12-16,249.9,63.1,173.5,133.6,,34269.0,0.0,774.0,26.0,11.7,2994.0
2016-12-17,254.4,63.6,176.4,135.4,,34306.0,0.0,782.0,22.0,16.2,2991.0
2016-12-18,245.6,58.9,167.5,134.6,,32585.0,0.0,754.0,18.0,16.0,2903.0
2016-12-19,258.7,64.0,183.9,136.2,,34762.0,0.0,796.0,19.0,16.2,2988.0
2016-12-20,262.8,64.8,186.8,138.8,,35440.0,0.0,808.0,26.0,12.3,3029.0
2016-12-21,280.0,66.5,191.6,142.3,,36079.0,0.0,835.0,18.0,15.4,3077.0
2016-12-22,281.8,67.4,195.4,140.6,,36750.0,0.0,842.0,10.0,16.2,3071.0
2016-12-23,286.4,67.4,195.8,142.7,,36458.0,0.0,849.0,10.0,16.6,3084.0
2016-12-24,282.0,64.9,194.6,141.8,,35700.0,0.0,840.0,13.0,17.1,3057.0
2016-12-25,261.7,58.2,178.6,138.6,,33249.0,0.0,788.0,11.0,17.3,2946.0
2016-12-26,275.2,63.4,194.0,144.1,,36637.0,0.0,834.0,13.0,16.4,3032.0
2016-12-27,287.1,65.4,194.2,145.5,,36467.0,0.0,853.0,34.0,15.4,3055.0
2016-12-28,278.7,65.4,202.8,148.3,,36605.0,0.0,855.0,36.0,12.8,3077.0
2016-12-29,277.6,62.6,195.4,146.3,,36347.0,0.0,842.0,45.0,15.5,3057.0
2016-12-30,280.9,63.6,194.5,146.1,,35765.0,350.0,845.0,28.0,15.2,3048.0
2016-12-31,279.5,62.7,195.6,148.9,,36004.0,0.0,847.0,27.0,16.2,3038.0
2017-01-01,257.1,56.2,183.0,141.8,,32298.0,0.0,788.0,18.0,16.0,2939.0
2017-01-02,277.6,63.0,193.0,144.8,,36558.0,0.0,837.0,13.0,15.9,3033.0
2017-01-03,288.5,64.6,195.8,147.6,,37151.0,0.0,858.0,13.0,16.7,3077.0
2017-01-04,290.9,65.0,199.1,150.5,,37318.0,0.0,869.0,16.0,16.8,3092.0
2017-01-05,295.0,64.4,197.0,152.0,,37427.0,0.0,872.0,19.0,15.2,3129.0
2017-01-06,293.2,64.5,199.7,149.9,,36962.0,0.0,872.0,15.0,16.6,3113.0
2017-01-07,283.3,63.5,199.1,148.3,,36837.0,0.0,857.0,13.0,15.5,3018.0
2017-01-08,269.0,58.6,189.8,145.1,,34078.0,0.0,822.0,16.0,15.8,2982.0
2017-01-09,279.7,63.6,198.0,150.0,,36978.0,0.0,854.0,18.0,16.6,3055.0
2017-01-10,287.3,64.2,199.1,153.8,,37084.0,0.0,868.0,10.0,15.9,3078.0
2017-01-11,295.4,63.6,201.1,143.5,,37153.0,0.0,869.0,9.0,15.5,3102.0
2017-01-12,292.2,63.9,203.2,152.8,,36990.0,0.0,876.0,10.0,14.2,3123.0
2017-01-13,285.9,64.1,201.2,146.2,,36225.0,0.0,863.0,20.0,13.4,3126.0
2017-01-14,244.5,63.2,189.9,141.3,,32721.0,0.0,789.0,32.0,13.6,2969.0
2017-01-15,223.9,57.8,178.7,134.3,,31900.0,0.0,740.0,29.0,13.5,2880.0
2017-01-16,240.8,63.7,195.2,145.2,,35038.0,0.0,802.0,20.0,14.8,3026.0
2017-01-17,266.0,64.2,191.7,146.4,,35713.0,0.0,829.0,25.0,17.2,3091.0
2017-01-18,271.1,63.6,194.7,144.0,,36461.0,0.0,835.0,48.0,17.2,3104.0
2017-01-19,273.9,62.6,195.6,143.7,,36120.0,0.0,840.0,41.0,15.6,3108.0
2017-01-20,274.7,64.0,199.0,145.7,,36079.0,0.0,846.0,36.0,17.0,3130.0
2017-01-21,259.8,64.7,196.8,146.5,,35949.0,0.0,829.0,45.0,11.9,3128.0
2017-01-22,238.9,59.8,187.3,142.2,,33948.0,0.0,787.0,43.0,15.4,3025.0
2017-01-23,262.1,64.4,198.9,145.9,,36919.0,30.0,836.0,42.0,16.9,3127.0
2017-01-24,268.7,65.1,201.5,147.7,,37184.0,0.0,849.0,52.0,15.4,3164.0
2017-01-25,275.6,65.4,202.3,152.9,,37267.0,0.0,865.0,45.0,13.4,3167.0
2017-01-26,253.0,62.8,191.6,143.6,,34136.0,0.0,812.0,33.0,8.0,2839.0
2017-01-27,255.3,64.9,198.3,145.6,,36501.0,0.0,831.0,18.0,9.5,2856.0
2017-01-28,252.1,64.6,198.2,147.9,,36199.0,0.0,831.0,22.0,13.1,2978.0
2017-01-29,233.8,60.7,190.7,148.4,,34037.0,0.0,796.0,28.0,14.7,2942.0
2017-01-30,254.0,67.9,200.8,151.8,,37291.0,0.0,841.0,24.0,17.2,3045.0
2017-01-31,264.0,68.6,208.3,152.5,,37550.0,0.0,864.0,21.0,19.2,3099.0
2017-02-01,267.5,68.2,208.1,159.7,,37179.0,0.0,876.0,25.0,19.6,3107.0
2017-02-02,268.0,66.7,210.3,155.4,,37401.0,0.0,875.0,31.0,17.7,3111.0
2017-02-03,277.2,65.9,211.4,158.5,,37933.0,0.0,887.0,37.0,19.2,3128.0
2017-02-04,266.0,65.5,209.4,156.8,,37508.0,0.0,870.0,34.0,18.4,3092.0
2017-02-05,257.0,59.0,198.5,154.9,,35057.0,0.0,837.0,21.0,23.0,2989.0
2017-02-06,265.5,65.2,209.1,157.9,,37397.0,0.0,870.0,9.0,18.5,3082.0
2017-02-07,281.0,67.2,211.7,158.7,,37737.0,0.0,895.0,9.0,18.9,3137.0
2017-02-08,276.9,67.6,212.8,160.4,,37470.0,0.0,895.0,17.0,18.8,3180.0
2017-02-09,285.1,67.5,214.9,158.6,,37669.0,0.0,903.0,19.0,19.7,3184.0
2017-02-10,284.7,67.2,214.9,159.5,,37443.0,0.0,904.0,22.0,19.5,3196.0
2017-02-11,283.2,66.7,210.5,154.0,,36973.0,0.0,885.0,26.0,20.5,3148.0
2017-02-12,261.3,61.3,197.1,154.3,,34416.0,0.0,840.0,39.0,18.9,3038.0
2017-02-13,280.8,64.8,202.4,154.3,,37074.0,0.0,872.0,55.0,19.4,3133.0
2017-02-14,291.8,67.2,207.6,159.0,,37250.0,0.0,900.0,54.0,16.0,3191.0
2017-02-15,288.3,68.7,207.9,156.5,,37272.0,0.0,896.0,61.0,17.5,3200.0
2017-02-16,282.7,67.8,206.2,157.5,,38087.0,0.0,889.0,65.0,19.2,3217.0
2017-02-17,283.1,65.7,207.7,156.3,,37760.0,0.0,890.0,65.0,19.1,3204.0
2017-02-18,286.0,64.6,208.2,157.0,,37370.0,0.0,891.0,41.0,19.9,3203.0
2017-02-19,267.4,59.6,201.1,155.6,,35035.0,0.0,856.0,18.0,20.0,3131.0
2017-02-20,287.9,66.8,211.5,158.8,,37817.0,0.0,903.0,10.0,19.0,3217.0
2017-02-21,299.0,68.9,213.8,161.7,,38527.0,0.0,925.0,12.0,18.3,3261.0
2017-02-22,295.8,70.8,217.7,164.3,,38430.0,0.0,934.0,12.0,19.6,3298.0
2017-02-23,296.4,71.1,219.9,167.9,,38487.0,131.0,942.0,19.0,20.8,3285.0
2017-02-24,293.6,68.8,221.6,166.2,,37032.0,100.0,937.0,24.0,21.0,3195.0
2017-02-25,290.2,69.2,209.0,162.8,,37400.0,0.0,909.0,19.0,19.0,3233.0
2017-02-26,280.8,65.3,199.0,162.0,,35151.0,0.0,878.0,22.0,19.4,3162.0
2017-02-27,292.7,70.6,210.8,161.1,,37800.0,0.0,915.0,44.0,16.8,3261.0
2017-02-28,294.3,70.5,213.1,162.0,,38873.0,0.0,922.0,49.0,18.1,3302.0
2017-03-01,293.4,70.3,215.5,160.6,,38505.0,0.0,923.0,46.0,20.3,3307.0
2017-03-02,296.3,70.2,218.7,160.8,,38098.0,0.0,930.0,49.0,18.2,3303.0
2017-03-03,296.1,71.0,221.8,160.8,,38233.0,0.0,934.0,26.0,17.0,3328.0
2017-03-04,289.2,68.1,224.5,161.8,,37612.0,0.0,925.0,16.0,17.5,3301.0
2017-03-05,271.0,63.2,211.4,161.0,,35537.0,0.0,888.0,14.0,17.2,3186.0
2017-03-06,289.9,66.7,217.8,167.4,,37746.0,0.0,929.0,17.0,17.9,3281.0
2017-03-07,299.7,68.7,214.3,164.1,,38015.0,0.0,934.0,18.0,16.8,3292.0
2017-03-08,301.0,68.9,212.5,162.2,,37739.0,0.0,930.0,13.0,19.5,3242.0
2017-03-09,300.6,69.4,217.3,166.2,,38580.0,0.0,942.0,16.0,18.4,3218.0
2017-03-10,296.5,69.3,214.4,157.2,,37594.0,135.0,925.0,34.0,20.4,3067.0
2017-03-11,298.6,68.0,216.8,156.9,,37521.0,0.0,922.0,27.0,20.6,3031.0
2017-03-12,278.9,63.3,209.3,158.5,,36068.0,43.0,885.0,17.0,20.2,2975.0
2017-03-13,290.4,68.4,215.3,161.4,,37687.0,0.0,910.0,14.0,19.4,2805.0
2017-03-14,299.2,69.9,217.0,160.2,,35257.0,0.0,931.0,17.0,19.0,2983.0
2017-03-15,294.9,67.2,210.7,162.0,,38233.0,0.0,921.0,23.0,17.4,3097.0
2017-03-16,299.8,66.3,205.0,165.0,,38865.0,0.0,914.0,7.0,16.5,3133.0
2017-03-17,307.8,68.1,215.3,158.6,,39002.0,265.0,928.0,13.0,19.7,3190.0
2017-03-18,307.0,69.0,215.1,163.1,,38361.0,0.0,935.0,17.0,22.2,3194.0
2017-03-19,288.8,64.0,206.4,159.1,,35812.0,0.0,895.0,20.0,21.3,3075.0
2017-03-20,310.1,71.2,218.8,163.8,,39360.0,0.0,948.0,27.0,20.3,3206.0
2017-03-21,313.7,71.0,221.0,166.7,,39175.0,124.0,960.0,13.0,20.4,3263.0
2017-03-22,316.2,71.9,219.5,166.1,,39560.0,0.0,962.0,15.0,19.0,3301.0
2017-03-23,316.5,73.6,223.7,166.1,,39243.0,94.0,969.0,18.0,21.8,3359.0
2017-03-24,316.0,74.1,224.6,168.8,,40070.0,0.0,975.0,15.0,23.3,3416.0
2017-03-25,316.6,74.0,224.9,167.3,,39370.0,0.0,974.0,16.0,22.7,3392.0
2017-03-26,297.4,68.1,213.5,163.8,,36475.0,0.0,928.0,23.0,21.8,3294.0
2017-03-27,312.8,74.3,216.5,163.4,,39542.0,0.0,957.0,19.0,23.5,3388.0
2017-03-28,323.4,75.7,229.2,168.6,,39710.0,0.0,990.0,15.0,22.0,3482.0
2017-03-29,322.1,75.8,218.0,165.1,,38139.0,122.0,967.0,16.0,20.9,3488.0
2017-03-30,326.6,75.8,219.4,167.0,,39712.0,0.0,981.0,17.0,22.0,3494.0
2017-03-31,322.3,75.3,227.9,165.9,,39848.0,0.0,994.0,20.0,22.5,3523.0
2017-04-01,316.6,75.2,225.6,162.1,,38975.0,94.0,972.0,24.0,22.3,3449.0
2017-04-02,294.5,69.8,214.7,161.3,,36051.0,0.0,925.0,24.0,20.8,3304.0
2017-04-03,314.0,75.9,221.4,162.2,,38998.0,25.0,965.0,34.0,21.0,3421.0
2017-04-04,322.9,76.2,222.4,164.0,,38290.0,0.0,977.0,26.0,21.5,3419.0
2017-04-05,323.8,76.3,234.1,165.2,,37682.0,0.0,987.0,38.0,21.0,3362.0
2017-04-06,324.7,71.0,214.4,166.0,,38098.0,0.0,965.0,31.0,23.8,3375.0
2017-04-07,328.0,70.4,214.2,166.4,,39971.0,0.0,968.0,33.0,21.9,3451.0
2017-04-08,331.8,75.8,214.0,164.9,,39514.0,0.0,971.0,17.0,22.7,3369.0
2017-04-09,307.7,68.9,202.1,165.6,,36012.0,0.0,924.0,18.0,22.8,3256.0
2017-04-10,320.3,75.4,215.3,166.8,,39215.0,0.0,963.0,28.0,22.6,3320.0
2017-04-11,323.8,76.5,212.8,168.0,,38928.0,46.0,965.0,34.0,21.6,3507.0
2017-04-12,327.2,77.2,215.3,166.3,,39021.0,0.0,968.0,24.0,23.8,3456.0
2017-04-13,329.0,72.9,217.8,168.7,,38997.0,0.0,971.0,23.0,23.1,3510.0
2017-04-14,310.5,64.7,214.8,163.3,,37611.0,0.0,935.0,31.0,22.5,3490.0
2017-04-15,313.4,72.0,215.9,164.9,,38718.0,0.0,946.0,46.0,23.2,3480.0
2017-04-16,301.1,69.2,198.0,165.4,,35766.0,0.0,906.0,67.0,23.7,3364.0
2017-04-17,313.3,75.7,198.5,169.4,,39252.0,0.0,933.0,81.0,23.7,3505.0
2017-04-18,320.6,76.4,211.2,170.8,,39584.0,0.0,961.0,57.0,24.0,3574.0
2017-04-19,331.0,77.2,214.2,168.7,,38933.0,0.0,972.0,66.0,23.1,3579.0
2017-04-20,327.7,76.6,210.4,166.6,40874.0,38567.0,0.0,957.0,87.0,23.1,3560.0
2017-04-21,321.8,73.6,204.3,160.0,43593.0,37933.0,0.0,936.0,97.0,23.3,3569.0
2017-04-22,316.2,73.6,205.1,164.0,40318.0,39182.0,0.0,929.0,81.0,25.7,3469.0
2017-04-23,298.1,70.3,198.0,164.6,39095.0,36729.0,0.0,895.0,60.0,25.6,3342.0
2017-04-24,313.6,77.0,214.6,171.1,41817.0,40706.0,0.0,945.0,74.0,24.8,3410.0
2017-04-25,312.6,77.6,212.2,172.7,40340.0,38677.0,0.0,944.0,56.0,24.3,3517.0
2017-04-26,304.7,76.2,213.8,168.9,40289.0,39169.0,94.0,935.0,29.0,24.3,3479.0
2017-04-27,311.3,74.6,214.3,167.4,40769.0,38451.0,0.0,933.0,31.0,23.6,3488.0
2017-04-28,331.2,76.4,208.3,165.2,40611.0,39022.0,0.0,942.0,32.0,25.6,3512.0
2017-04-29,333.8,74.6,192.6,160.4,40089.0,36628.0,0.0,915.0,24.0,26.1,3462.0
2017-04-30,310.2,68.9,183.6,155.4,37450.0,36145.0,0.0,860.0,12.0,26.4,3284.0
2017-05-01,294.2,67.2,178.2,142.8,35770.0,33596.0,0.0,819.0,24.0,27.2,3226.0
2017-05-02,313.2,70.3,192.8,154.5,38844.0,37086.0,0.0,878.0,20.0,26.3,3428.0
2017-05-03,325.4,72.6,200.4,163.3,38816.0,38232.0,0.0,915.0,15.0,25.4,3463.0
2017-05-04,330.2,74.0,205.2,160.9,40610.0,37880.0,0.0,926.0,16.0,27.6,3500.0
2017-05-05,336.7,76.9,207.5,166.6,40869.0,38781.0,15.0,944.0,20.0,26.2,3581.0
2017-05-06,325.5,74.5,196.7,165.3,40149.0,36183.0,0.0,916.0,29.0,25.1,3536.0
2017-05-07,301.6,65.1,160.0,150.1,36119.0,31427.0,0.0,821.0,29.0,22.7,3364.0
2017-05-08,313.0,68.9,168.0,155.9,39050.0,36912.0,0.0,854.0,26.0,24.8,3492.0
2017-05-09,320.1,71.9,179.8,159.0,38754.0,36498.0,0.0,878.0,50.0,25.0,3443.0
2017-05-10,303.2,70.5,182.9,153.4,38036.0,36112.0,0.0,839.0,26.0,25.1,3444.0
2017-05-11,311.6,68.1,182.0,161.9,38482.0,37418.0,0.0,870.0,18.0,23.9,3521.0
2017-05-12,317.8,71.0,188.4,164.9,39258.0,38106.0,15.0,892.0,11.0,25.0,3572.0
2017-05-13,315.3,67.8,190.7,165.2,39496.0,37623.0,0.0,889.0,24.0,26.8,3577.0
2017-05-14,301.3,67.2,168.9,160.2,36451.0,34330.0,0.0,841.0,81.0,25.7,3443.0
2017-05-15,312.2,73.2,161.2,161.6,39424.0,38272.0,0.0,857.0,103.0,25.9,3576.0
2017-05-16,326.5,75.5,182.6,167.6,40552.0,38934.0,0.0,906.0,90.0,26.7,3575.0
2017-05-17,325.4,76.4,177.1,166.9,39129.0,38197.0,92.0,899.0,121.0,23.5,3525.0
2017-05-18,311.2,73.6,178.2,168.7,38378.0,35948.0,0.0,888.0,93.0,25.0,3526.0
2017-05-19,311.0,71.5,163.9,174.4,40125.0,38487.0,199.0,881.0,103.0,25.8,3531.0
2017-05-20,304.9,70.7,172.9,165.4,38274.0,36911.0,0.0,871.0,91.0,25.7,3506.0
2017-05-21,290.0,74.5,156.4,160.5,37330.0,35731.0,43.0,830.0,58.0,24.7,3339.0
2017-05-22,310.9,67.3,175.1,161.4,37782.0,36991.0,0.0,867.0,65.0,19.9,3388.0
2017-05-23,304.0,68.7,171.6,162.4,37944.0,37033.0,73.0,865.0,55.0,24.7,3472.0
2017-05-24,314.7,70.8,167.2,162.6,39356.0,38070.0,0.0,875.0,97.0,22.2,3557.0
2017-05-25,314.4,71.6,175.2,166.6,38895.0,37598.0,0.0,890.0,111.0,24.3,3601.0
2017-05-26,305.0,71.9,175.7,161.5,38673.0,36692.0,0.0,874.0,136.0,24.2,3588.0
2017-05-27,302.6,71.4,150.0,146.5,36372.0,34780.0,0.0,817.0,109.0,23.5,3431.0
2017-05-28,292.9,64.6,143.7,150.3,34415.0,34116.0,27.0,792.0,117.0,20.3,3303.0
2017-05-29,306.3,65.7,160.5,153.8,38295.0,37458.0,15.0,829.0,147.0,26.6,3280.0
2017-05-30,317.6,65.8,163.1,156.2,38502.0,37304.0,0.0,852.0,168.0,24.5,3378.0
2017-05-31,326.3,64.8,175.2,161.3,37998.0,38256.0,0.0,881.0,139.0,27.0,3381.0
2017-06-01,322.6,64.1,183.9,165.2,38854.0,38884.0,0.0,892.0,101.0,26.4,3415.0
2017-06-02,320.4,62.3,188.0,167.6,38019.0,38544.0,0.0,896.0,111.0,27.5,3478.0
2017-06-03,317.3,62.4,180.3,169.0,37118.0,37385.0,0.0,883.0,132.0,27.6,3505.0
2017-06-04,296.5,59.0,170.6,156.1,36315.0,35494.0,0.0,824.0,125.0,24.1,3385.0
2017-06-05,316.5,61.9,182.3,153.6,37282.0,36309.0,29.0,862.0,138.0,27.5,3528.0
2017-06-06,315.6,63.2,179.3,144.0,35858.0,35237.0,0.0,843.0,138.0,24.8,3490.0
2017-06-07,294.0,63.0,164.3,130.0,35967.0,35033.0,28.0,790.0,102.0,19.2,3271.0
2017-06-08,301.4,63.9,166.3,118.7,37472.0,36184.0,0.0,779.0,125.0,17.5,3284.0
2017-06-09,306.5,64.0,166.8,124.6,36992.0,35493.0,0.0,797.0,140.0,22.3,3285.0
2017-06-10,306.8,60.3,159.8,127.8,36875.0,35278.0,0.0,787.0,152.0,23.4,3231.0
2017-06-11,287.9,55.0,145.6,145.4,33532.0,32916.0,0.0,760.0,163.0,20.6,3106.0
2017-06-12,308.7,60.6,150.0,151.5,37091.0,35389.0,0.0,797.0,159.0,20.2,3282.0
2017-06-13,321.0,63.1,157.7,154.9,37800.0,36394.0,14.0,824.0,129.0,18.5,3361.0
2017-06-14,320.1,65.0,168.7,152.8,37819.0,36208.0,0.0,839.0,125.0,24.8,3436.0
2017-06-15,313.5,67.3,169.6,151.9,36402.0,35738.0,0.0,833.0,129.0,20.0,3423.0
2017-06-16,316.2,67.8,164.6,139.8,36015.0,35451.0,0.0,816.0,109.0,17.3,3369.0
2017-06-17,303.9,67.9,158.9,142.7,36963.0,35867.0,14.0,805.0,109.0,20.9,3404.0
2017-06-18,295.1,63.0,150.1,145.6,35189.0,34297.0,0.0,783.0,112.0,22.9,3381.0
2017-06-19,311.1,68.6,161.1,144.5,37005.0,35754.0,0.0,810.0,138.0,18.7,3407.0
2017-06-20,299.3,69.3,165.2,144.1,37219.0,36157.0,0.0,809.0,119.0,21.7,3296.0
2017-06-21,301.2,67.1,168.9,146.0,36812.0,35892.0,0.0,822.0,133.0,24.6,3296.0
2017-06-22,308.8,66.5,172.5,151.5,38734.0,37544.0,0.0,840.0,167.0,25.9,3351.0
2017-06-23,307.0,64.9,171.2,148.3,37002.0,35157.0,0.0,828.0,183.0,23.8,3401.0
2017-06-24,292.7,60.9,164.2,140.2,35214.0,34535.0,0.0,795.0,177.0,24.4,3393.0
2017-06-25,277.6,54.8,146.5,133.3,32372.0,31958.0,0.0,747.0,176.0,22.0,3287.0
2017-06-26,285.7,55.0,150.4,134.7,33833.0,33100.0,198.0,761.0,172.0,20.9,3343.0
2017-06-27,297.6,54.8,155.2,138.7,35331.0,34405.0,0.0,780.0,174.0,23.0,3358.0
2017-06-28,300.1,59.4,155.4,142.3,37991.0,36053.0,0.0,794.0,178.0,19.6,3220.0
2017-06-29,308.8,62.1,167.3,145.1,45085.0,37007.0,0.0,824.0,186.0,22.0,3089.0
2017-06-30,316.8,62.8,170.7,150.4,38411.0,36553.0,0.0,847.0,184.0,24.0,3125.0
2017-07-01,305.5,60.9,166.5,145.7,36795.0,35386.0,0.0,825.0,183.0,23.2,3117.0
2017-07-02,289.3,55.3,159.4,143.8,34879.0,34301.0,82.0,792.0,171.0,23.6,3000.0
2017-07-03,303.5,60.3,173.7,151.9,37925.0,36560.0,0.0,840.0,175.0,25.0,3179.0
2017-07-04,316.9,63.0,173.9,149.9,38480.0,37197.0,0.0,858.0,166.0,24.7,3248.0
2017-07-05,310.5,64.5,176.7,159.1,39258.0,37313.0,0.0,866.0,165.0,28.6,3288.0
2017-07-06,312.0,64.0,179.0,157.0,38432.0,36888.0,44.0,866.0,171.0,23.0,3324.0
2017-07-07,304.0,64.0,182.0,153.0,38099.0,36753.0,0.0,859.0,155.0,22.7,3368.0
2017-07-08,301.0,63.0,181.0,149.0,37990.0,36525.0,0.0,846.0,124.0,26.6,3443.0
2017-07-09,273.0,59.0,173.0,153.0,38099.0,33752.0,0.0,810.0,135.0,24.8,3394.0
2017-07-10,291.0,63.0,185.0,154.0,,37413.0,0.0,851.0,152.0,27.0,3457.0
2017-07-11,301.0,62.0,184.0,152.0,38984.0,37376.0,104.0,856.0,157.0,18.9,3421.0
2017-07-12,295.0,64.0,179.0,147.0,38936.0,36435.0,0.0,844.0,130.0,20.0,3327.0
2017-07-13,293.0,63.0,177.0,145.0,37279.0,36212.0,28.0,833.0,168.0,20.2,3331.0
2017-07-14,296.0,63.0,174.0,140.0,37574.0,36124.0,0.0,825.0,189.0,18.7,3354.0
2017-07-15,290.0,63.0,169.0,143.0,36580.0,35178.0,0.0,818.0,184.0,19.9,3354.0
2017-07-16,278.0,58.0,155.0,133.0,33387.0,32598.0,0.0,770.0,174.0,21.5,3242.0
2017-07-17,292.0,64.0,169.0,137.0,37236.0,35890.0,0.0,808.0,199.0,17.3,3343.0
2017-07-18,296.0,62.0,168.0,132.0,39885.0,35978.0,87.0,806.0,198.0,14.3,3319.0
2017-07-19,301.0,60.0,159.0,133.0,37226.0,35850.0,0.0,799.0,190.0,18.6,3333.0
2017-07-20,303.0,59.0,154.0,139.0,38651.0,36336.0,161.0,810.0,183.0,21.1,3307.0
2017-07-21,315.0,60.0,164.0,156.0,39581.0,37884.0,0.0,867.0,188.0,24.9,3373.0
2017-07-22,315.0,62.0,167.0,160.0,40587.0,38495.0,0.0,881.0,169.0,26.9,3329.0
2017-07-23,303.0,59.0,162.0,163.0,38303.0,36136.0,0.0,868.0,191.0,27.3,3216.0
2017-07-24,319.0,65.0,176.0,165.0,41436.0,39003.0,15.0,912.0,190.0,23.2,3253.0
2017-07-25,328.0,66.0,184.0,166.0,42456.0,40146.0,0.0,934.0,173.0,28.7,3328.0
2017-07-26,331.0,67.0,190.0,167.0,41153.0,39709.0,0.0,947.0,182.0,27.5,3378.0
2017-07-27,328.0,67.0,192.0,170.0,40452.0,39100.0,0.0,951.0,183.0,27.8,3412.0
2017-07-28,319.0,66.0,192.0,169.0,39308.0,37442.0,15.0,940.0,176.0,25.9,3457.0
2017-07-29,312.0,66.0,189.0,169.0,39330.0,37621.0,0.0,928.0,128.0,28.8,3464.0
2017-07-30,288.0,61.0,179.0,167.0,43391.0,35839.0,0.0,888.0,110.0,26.7,3342.0
2017-07-31,295.0,68.0,194.0,170.0,40610.0,38429.0,0.0,928.0,89.0,28.0,3428.0
2017-08-01,295.0,68.0,196.0,160.0,40084.0,38747.0,0.0,922.0,102.0,29.8,3366.0
2017-08-02,291.0,69.0,199.0,158.0,39529.0,38533.0,0.0,916.0,149.0,26.8,3382.0
2017-08-03,294.0,67.0,204.0,161.0,39196.0,38511.0,0.0,929.0,180.0,27.9,3409.0
2017-08-04,300.0,65.0,193.0,165.0,39595.0,37892.0,166.0,924.0,178.0,22.4,3457.0
2017-08-05,298.0,63.0,186.0,158.0,38757.0,37433.0,0.0,902.0,174.0,24.3,3496.0
2017-08-06,282.0,58.0,187.0,160.0,36643.0,35658.0,0.0,882.0,149.0,26.7,3439.0
2017-08-07,294.0,64.0,192.0,163.0,39544.0,37752.0,0.0,911.0,119.0,24.9,3407.0
2017-08-08,296.0,65.0,199.0,161.0,39587.0,35912.0,313.0,910.0,95.0,25.7,3474.0
2017-08-09,287.0,67.0,195.0,155.0,37958.0,35289.0,335.0,878.0,65.0,17.4,3482.0
2017-08-10,277.0,67.0,184.0,159.0,36711.0,34882.0,255.0,862.0,38.0,26.3,3461.0
2017-08-11,297.0,65.0,184.0,154.0,39540.0,38524.0,0.0,885.0,98.0,24.3,3511.0
2017-08-12,286.0,64.0,172.0,148.0,39562.0,37004.0,30.0,853.0,83.0,25.9,3446.0
2017-08-13,251.0,60.0,164.0,146.0,34774.0,34315.0,41.0,792.0,50.0,20.0,3346.0
2017-08-14,268.0,66.0,181.0,150.0,38203.0,36509.0,860.0,835.0,29.0,23.3,3416.0
2017-08-15,242.0,65.0,164.0,154.0,35236.0,34333.0,28.0,797.0,44.0,26.3,3297.0
2017-08-16,260.0,66.0,171.0,157.0,38541.0,37954.0,0.0,838.0,102.0,26.1,3430.0
2017-08-17,273.0,67.0,175.0,154.0,38360.0,37710.0,30.0,852.0,122.0,21.4,3618.0
2017-08-18,272.0,66.0,176.0,145.0,37179.0,36533.0,0.0,834.0,136.0,17.9,3643.0
2017-08-19,262.0,64.0,164.0,144.0,35716.0,34534.0,0.0,791.0,163.0,17.0,3492.0
2017-08-20,248.0,59.0,145.0,139.0,33120.0,33149.0,0.0,729.0,155.0,18.3,3272.0
2017-08-21,265.0,63.0,161.0,147.0,37857.0,37231.0,0.0,794.0,141.0,26.9,3369.0
2017-08-22,286.0,63.0,167.0,150.0,37972.0,37828.0,91.0,835.0,152.0,28.4,3445.0
2017-08-23,283.0,66.0,171.0,151.0,37235.0,36203.0,0.0,849.0,101.0,31.1,3443.0
2017-08-24,297.0,67.0,170.0,151.0,37918.0,36614.0,0.0,865.0,92.0,23.3,3467.0
2017-08-25,273.0,68.0,147.0,137.0,34294.0,33908.0,0.0,784.0,124.0,17.5,3306.0
2017-08-26,276.0,67.0,151.0,138.0,36903.0,35705.0,0.0,781.0,150.0,22.3,3290.0
2017-08-27,260.0,60.0,141.0,137.0,34726.0,33781.0,0.0,753.0,161.0,21.4,3229.0
2017-08-28,274.0,64.0,150.0,138.0,36020.0,36322.0,0.0,784.0,169.0,18.4,3281.0
2017-08-29,285.0,63.0,148.0,138.0,37295.0,36947.0,0.0,786.0,168.0,22.3,3235.0
2017-08-30,292.0,65.0,155.0,150.0,38730.0,37663.0,0.0,825.0,137.0,30.9,3266.0
2017-08-31,286.0,68.0,164.0,153.0,38555.0,37806.0,0.0,852.0,64.0,32.0,3288.0
2017-09-01,284.0,65.0,170.0,154.0,38111.0,36729.0,235.0,868.0,30.0,31.2,3187.0
2017-09-02,272.0,65.0,169.0,155.0,37638.0,36059.0,0.0,856.0,35.0,31.5,3160.0
2017-09-03,247.0,61.0,158.0,150.0,34583.0,33924.0,0.0,804.0,37.0,30.9,3112.0
2017-09-04,272.0,58.0,175.0,151.0,37108.0,36144.0,0.0,845.0,27.0,29.1,3309.0
2017-09-05,276.0,62.0,176.0,149.0,37583.0,36758.0,0.0,849.0,32.0,24.8,3361.0
2017-09-06,269.0,64.0,165.0,146.0,37591.0,36301.0,1150.0,820.0,32.0,21.4,3407.0
2017-09-07,278.0,65.0,157.0,146.0,36548.0,36199.0,0.0,823.0,19.0,27.9,3436.0
2017-09-08,276.0,66.0,151.0,148.0,37207.0,36145.0,0.0,817.0,19.0,29.8,3445.0
2017-09-09,272.0,64.0,148.0,146.0,37463.0,36972.0,281.0,817.0,17.0,27.6,3488.0
2017-09-10,261.0,61.0,134.0,149.0,34591.0,35486.0,113.0,795.0,18.0,30.8,3451.0
2017-09-11,275.0,66.0,152.0,154.0,37250.0,36654.0,850.0,842.0,29.0,30.2,3544.0
2017-09-12,284.0,69.0,162.0,154.0,38323.0,38425.0,0.0,870.0,20.0,33.4,3554.0
2017-09-13,284.0,67.0,164.0,159.0,38569.0,38683.0,0.0,879.0,23.0,28.8,3564.0
2017-09-14,294.4,64.8,154.4,160.5,38552.0,38855.0,25.0,857.0,60.0,28.7,3536.0
2017-09-15,289.6,65.0,149.3,150.4,38410.0,37729.0,91.0,838.0,65.0,27.8,3527.0
2017-09-16,277.5,64.0,146.7,151.1,36691.0,36323.0,0.0,817.0,88.0,27.9,3504.0
2017-09-17,239.2,53.3,126.6,138.6,31571.0,31274.0,0.0,727.0,95.0,21.0,3289.0
2017-09-18,259.3,59.9,130.7,144.0,36904.0,36225.0,0.0,765.0,139.0,25.0,3349.0
2017-09-19,279.5,64.6,138.1,153.0,36998.0,37101.0,0.0,816.0,173.0,28.1,3426.0
2017-09-20,288.2,65.4,145.5,162.5,38969.0,39307.0,75.0,852.0,172.0,24.6,3439.0
2017-09-21,305.3,65.0,159.8,164.7,40851.0,40186.0,0.0,880.0,142.0,28.9,3459.0
2017-09-22,307.5,65.5,163.6,162.2,39663.0,38974.0,25.0,896.0,109.0,30.8,3370.0
2017-09-23,297.1,66.4,168.0,168.6,39618.0,39252.0,79.0,898.0,36.0,33.8,3295.0
2017-09-24,289.4,62.7,158.4,162.5,38447.0,38482.0,0.0,870.0,58.0,28.5,3301.0
2017-09-25,271.5,67.5,148.9,155.0,37549.0,37231.0,0.0,836.0,57.0,23.0,3389.0
2017-09-26,277.2,68.0,151.2,153.0,38133.0,38228.0,0.0,833.0,55.0,27.1,3432.0
2017-09-27,278.2,67.1,142.2,151.2,37029.0,37283.0,20.0,825.0,72.0,25.0,3437.0
2017-09-28,273.5,65.6,136.2,148.2,35389.0,35428.0,0.0,799.0,87.0,23.3,3410.0
2017-09-29,252.4,62.4,123.0,145.5,32584.0,33343.0,0.0,747.0,82.0,22.8,3325.0
2017-09-30,255.9,62.9,115.2,140.3,33182.0,33585.0,0.0,726.0,70.0,25.8,3203.0
2017-10-01,247.3,58.9,113.1,138.0,32006.0,32586.0,0.0,712.0,73.0,28.6,3158.0
2017-10-02,246.6,60.6,114.9,133.2,33439.0,33527.0,0.0,710.0,68.0,27.7,3190.0
2017-10-03,277.4,65.2,132.7,141.6,37958.0,37233.0,0.0,768.0,60.0,30.0,3335.0
2017-10-04,286.4,67.3,141.0,143.0,37556.0,37016.0,0.0,803.0,48.0,25.6,3407.0
2017-10-05,278.1,68.9,141.4,137.2,37272.0,36735.0,10.0,791.0,23.0,23.8,3439.0
2017-10-06,279.8,67.1,141.7,140.5,37420.0,36882.0,125.0,790.0,42.0,27.1,3441.0
2017-10-07,284.4,67.1,137.7,144.4,37621.0,37053.0,0.0,792.0,26.0,29.3,3438.0
2017-10-08,265.2,61.2,127.5,141.2,34823.0,34209.0,0.0,748.0,55.0,28.9,3314.0
2017-10-09,286.4,67.2,139.6,146.2,38228.0,38461.0,0.0,794.0,55.0,26.8,3376.0
2017-10-10,287.5,69.1,141.5,143.0,37934.0,37670.0,0.0,793.0,34.0,28.4,3374.0
2017-10-11,287.6,68.8,140.3,141.7,38256.0,37693.0,0.0,794.0,28.0,30.4,3358.0
2017-10-12,281.3,66.9,138.4,142.6,36961.0,36872.0,0.0,785.0,19.0,24.1,3348.0
2017-10-13,278.0,66.0,141.8,145.2,37425.0,37076.0,76.0,786.0,31.0,25.1,3357.0
2017-10-14,274.3,62.9,133.4,145.5,36856.0,36513.0,0.0,770.0,55.0,26.8,3338.0
2017-10-15,259.8,57.0,120.3,143.4,34196.0,33545.0,0.0,727.0,85.0,24.4,3240.0
2017-10-16,266.2,58.5,134.4,140.7,37092.0,36168.0,0.0,751.0,75.0,24.6,3287.0
2017-10-17,250.0,63.4,141.0,146.0,36432.0,35970.0,0.0,759.0,44.0,25.4,3325.0
2017-10-18,220.6,63.2,140.9,146.0,34084.0,33672.0,0.0,733.0,42.0,30.9,3258.0
2017-10-19,220.8,64.8,137.4,139.3,33997.0,33495.0,0.0,718.0,46.0,33.8,3080.0
2017-10-20,259.9,67.0,132.9,148.6,36784.0,36265.0,0.0,772.0,57.0,32.7,2970.0
2017-10-21,265.0,66.2,138.5,152.8,36743.0,35575.0,15.0,789.0,41.0,27.5,2982.0
2017-10-22,263.5,60.6,137.1,157.4,36211.0,35707.0,0.0,782.0,58.0,32.5,3029.0
2017-10-23,284.7,65.9,153.2,162.5,38711.0,38183.0,15.0,835.0,36.0,28.9,3195.0
2017-10-24,291.5,66.7,162.0,166.7,39101.0,38549.0,0.0,855.0,13.0,28.9,3229.0
2017-10-25,293.2,67.5,165.5,165.6,39026.0,38214.0,0.0,861.0,15.0,31.3,3274.0
2017-10-26,292.7,66.6,167.8,164.4,38707.0,38163.0,0.0,860.0,25.0,28.6,3260.0
2017-10-27,290.0,64.4,170.7,162.6,38626.0,38116.0,30.0,856.0,20.0,31.4,3252.0
2017-10-28,276.1,64.9,171.0,161.5,37791.0,38499.0,0.0,840.0,20.0,30.5,3233.0
2017-10-29,270.6,61.0,164.2,161.4,37417.0,35620.0,0.0,814.0,24.0,34.3,3127.0
2017-10-30,264.7,66.5,173.4,157.9,38312.0,37673.0,0.0,824.0,38.0,30.0,3169.0
2017-10-31,256.1,65.8,178.8,160.4,38496.0,37673.0,0.0,823.0,31.0,29.2,3168.0
2017-11-01,258.8,64.7,168.1,158.7,37546.0,37908.0,0.0,810.0,29.0,29.0,3124.0
2017-11-02,257.3,65.6,182.7,159.0,38777.0,37745.0,775.0,823.0,20.0,32.1,3151.0
2017-11-03,253.9,66.6,192.7,161.7,38707.0,37444.0,0.0,834.0,39.0,32.0,3167.0
2017-11-04,249.8,65.8,186.9,158.6,37604.0,36111.0,0.0,819.0,43.0,26.9,3143.0
2017-11-05,227.8,58.5,172.7,149.1,35334.0,34104.0,169.0,759.0,41.0,26.8,3034.0
2017-11-06,238.4,63.0,167.7,152.6,36945.0,35713.0,1375.0,784.0,39.0,29.0,3132.0
2017-11-07,241.3,64.2,163.0,151.6,37153.0,36162.0,1400.0,790.0,24.0,30.8,3145.0
2017-11-08,251.1,63.1,180.0,157.1,38405.0,37349.0,400.0,820.0,25.0,32.5,3189.0
2017-11-09,268.1,64.8,185.6,160.0,39151.0,38213.0,0.0,845.0,15.0,36.5,3218.0
2017-11-10,270.2,66.2,190.6,160.3,39161.0,38187.0,15.0,852.0,13.0,35.7,3212.0
2017-11-11,269.0,66.4,186.9,156.2,38506.0,37635.0,250.0,837.0,17.0,29.6,3166.0
2017-11-12,249.1,60.8,175.9,154.3,38446.0,34685.0,0.0,791.0,14.0,30.0,3084.0
2017-11-13,264.2,65.6,189.0,158.3,39294.0,38291.0,0.0,836.0,12.0,33.8,3132.0
2017-11-14,275.2,66.1,202.8,158.3,39583.0,38583.0,75.0,863.0,14.0,26.9,3165.0
2017-11-15,275.1,66.8,197.6,157.5,39701.0,38898.0,75.0,857.0,27.0,31.0,3148.0
2017-11-16,283.4,66.4,202.5,163.5,40186.0,39308.0,16.0,881.0,31.0,33.5,3183.0
2017-11-17,292.9,67.7,205.2,167.8,40709.0,39874.0,0.0,897.0,12.0,31.4,3211.0
2017-11-18,287.1,68.4,199.9,167.6,39789.0,38979.0,0.0,883.0,17.0,27.8,3184.0
2017-11-19,277.9,61.8,184.1,164.5,37543.0,35429.0,0.0,843.0,16.0,27.2,3073.0
2017-11-20,291.8,65.7,192.3,167.6,39584.0,38560.0,0.0,866.0,20.0,31.9,3138.0
2017-11-21,295.2,66.8,197.2,169.6,39179.0,38367.0,231.0,880.0,27.0,29.6,3159.0
2017-11-22,296.2,68.4,199.9,169.5,39405.0,38857.0,0.0,887.0,34.0,32.7,3170.0
2017-11-23,297.2,68.1,203.6,171.0,40313.0,39156.0,0.0,893.0,27.0,33.7,3170.0
2017-11-24,305.8,69.1,215.1,168.1,40384.0,39388.0,0.0,914.0,14.0,32.4,3180.0
2017-11-25,293.6,68.9,199.6,166.3,39667.0,38196.0,0.0,880.0,27.0,28.5,3156.0
2017-11-26,264.4,62.1,185.6,159.7,36669.0,34493.0,0.0,818.0,24.0,29.0,3039.0
2017-11-27,261.3,66.6,198.3,162.0,39680.0,37766.0,0.0,838.0,15.0,30.7,3100.0
2017-11-28,273.0,68.6,202.9,160.2,38607.0,38394.0,0.0,856.0,28.0,33.5,3150.0
2017-11-29,267.1,68.3,202.1,162.9,39507.0,38218.0,0.0,852.0,59.0,31.1,3149.0
2017-11-30,240.0,62.2,196.3,156.8,37734.0,36269.0,0.0,804.0,73.0,25.2,3099.0
2017-12-01,230.9,60.2,182.5,153.0,36648.0,35727.0,0.0,781.0,66.0,23.9,3062.0
2017-12-02,232.8,59.7,183.2,148.7,36405.0,35199.0,0.0,777.0,52.0,27.5,3066.0
2017-12-03,220.1,57.1,173.0,146.9,33777.0,32938.0,0.0,744.0,37.0,32.6,2957.0
2017-12-04,238.4,64.2,186.3,152.9,37584.0,36322.0,0.0,792.0,42.0,33.9,3046.0
2017-12-05,258.3,65.8,189.7,156.7,37915.0,36756.0,0.0,824.0,38.0,28.9,3006.0
2017-12-06,266.2,65.8,192.6,158.9,37941.0,36988.0,0.0,840.0,16.0,30.0,3005.0
2017-12-07,277.9,66.8,196.1,156.8,38842.0,37525.0,99.0,857.0,8.0,31.87,3080.0
2017-12-08,278.9,68.0,200.8,160.2,39257.0,38076.0,99.0,868.0,9.0,36.04,3168.0
2017-12-09,280.8,67.7,201.4,156.8,38686.0,37530.0,0.0,865.0,17.0,36.1,3114.0
2017-12-10,262.2,61.9,187.6,157.8,37700.0,34858.0,0.0,828.0,22.0,38.01,3047.0
2017-12-11,283.3,66.9,198.7,159.3,39462.0,37347.0,0.0,869.0,8.0,38.87,3099.0
2017-12-12,289.9,67.5,207.2,160.9,40213.0,38910.0,75.0,886.0,8.0,35.51,3068.0
2017-12-13,295.2,66.9,207.3,167.7,40765.0,38533.0,0.0,900.0,12.0,33.89,3175.0
2017-12-14,298.6,67.1,205.5,167.3,40787.0,38377.0,-17.0,910.0,29.0,35.29,3182.0
2017-12-15,292.4,67.2,200.9,163.8,44441.0,38781.0,0.0,897.0,45.0,32.56,3185.0
2017-12-16,279.4,67.0,197.2,163.1,40773.0,38637.0,0.0,874.0,72.0,34.87,3169.0
2017-12-17,263.9,59.9,187.0,158.6,38740.0,34389.0,0.0,834.0,90.0,36.95,3100.0
2017-12-18,279.5,64.9,197.9,162.1,40963.0,38397.0,83.0,876.0,55.0,36.15,3172.0
2017-12-19,286.8,64.5,198.9,160.0,41367.0,38462.0,0.0,881.0,59.0,37.08,3194.0
2017-12-20,288.3,66.7,201.2,157.5,41848.0,38756.0,0.0,885.0,38.0,38.43,3217.0
2017-12-21,288.2,67.2,203.1,160.7,41948.0,37794.0,0.0,893.0,43.0,38.76,3229.0
2017-12-22,285.0,67.9,206.1,161.5,41612.0,38410.0,99.0,893.0,42.0,39.76,3238.0
2017-12-23,281.8,66.4,201.4,162.1,40783.0,38504.0,0.0,882.0,47.0,39.84,3207.0
2017-12-24,265.1,60.4,190.1,156.0,39682.0,34818.0,0.0,835.0,44.0,40.36,3116.0
2017-12-25,272.9,58.9,196.3,160.5,40833.0,36958.0,99.0,855.0,34.0,37.64,3164.0
2017-12-26,288.4,65.6,200.7,159.4,41733.0,38436.0,50.0,885.0,40.0,37.96,3238.0
2017-12-27,290.5,66.7,203.1,163.0,41577.0,38359.0,0.0,896.0,48.0,41.06,3242.0
2017-12-28,289.6,65.5,201.4,161.4,40810.0,38175.0,33.0,889.0,49.0,39.51,3230.0
2017-12-29,293.7,63.8,205.7,163.2,42478.0,39501.0,50.0,912.0,42.0,39.09,3232.0
2017-12-30,288.1,63.2,203.8,164.2,42956.0,39526.0,0.0,917.0,31.0,41.24,3224.0
2017-12-31,275.7,58.7,193.5,161.2,40927.0,37748.0,0.0,882.0,17.0,43.49,3116.0
2018-01-01,277.3,64.0,197.1,153.6,42112.0,38250.0,0.0,883.0,6.0,41.64,3123.0
2018-01-02,296.6,65.8,205.0,164.1,42504.0,40548.0,0.0,923.0,8.0,37.25,3209.0
2018-01-03,301.5,65.9,208.5,179.9,43154.0,40808.0,-83.0,933.0,15.0,36.84,3284.0
2018-01-04,301.4,66.1,209.0,164.1,43148.0,40549.0,0.0,929.0,22.0,36.24,3261.0
2018-01-05,301.4,66.0,210.1,163.3,42334.0,40909.0,66.0,930.0,23.0,39.53,3273.0
2018-01-06,290.0,65.4,206.9,163.9,42960.0,40046.0,0.0,912.0,17.0,39.7,3248.0
2018-01-07,273.9,59.7,194.8,162.1,40624.0,37731.0,0.0,873.0,17.0,39.73,3143.0
2018-01-08,288.9,64.2,202.6,162.2,42689.0,39406.0,0.0,902.0,33.0,41.14,3252.0
2018-01-09,292.5,64.7,204.7,165.2,42902.0,39621.0,0.0,913.0,41.0,37.09,3304.0
2018-01-10,279.8,66.2,206.6,165.6,42317.0,39799.0,0.0,906.0,40.0,36.6,3312.0
2018-01-11,277.7,68.0,211.5,167.3,43054.0,40357.0,0.0,911.0,28.0,39.79,3317.0
2018-01-12,292.4,68.9,213.5,172.6,43560.0,40476.0,0.0,934.0,28.0,37.58,3356.0
2018-01-13,284.2,68.8,210.0,170.0,42532.0,39275.0,0.0,923.0,32.0,40.7,3334.0
2018-01-14,239.9,61.8,196.9,166.9,39835.0,34625.0,0.0,843.0,36.0,43.27,3122.0
2018-01-15,229.5,66.4,200.4,158.2,39682.0,35133.0,0.0,825.0,32.0,41.03,3167.0
2018-01-16,249.8,67.1,210.5,155.8,40208.0,37510.0,0.0,860.0,21.0,39.27,3244.0
2018-01-17,269.3,67.4,210.6,160.1,41237.0,39281.0,0.0,891.0,23.0,41.87,3305.0
2018-01-18,282.0,66.9,210.4,166.2,41664.0,39620.0,0.0,910.0,42.0,46.12,3315.0
2018-01-19,274.1,66.0,209.4,166.5,42173.0,39953.0,0.0,904.0,36.0,47.48,3307.0
2018-01-20,281.4,65.1,210.6,166.3,42060.0,39299.0,0.0,909.0,24.0,45.75,3307.0
2018-01-21,267.4,60.5,196.9,159.6,40221.0,36768.0,0.0,865.0,28.0,47.35,3190.0
2018-01-22,281.1,66.3,205.8,163.9,41365.0,40146.0,0.0,901.0,25.0,46.46,3282.0
2018-01-23,291.3,67.0,210.3,165.4,42304.0,40865.0,0.0,920.0,15.0,42.8,3258.0
2018-01-24,293.0,66.8,210.2,167.7,42846.0,40580.0,0.0,924.0,11.0,41.07,3233.0
2018-01-25,289.1,67.6,203.6,167.6,42567.0,40197.0,0.0,916.0,10.0,43.4,3251.0
2018-01-26,269.2,64.5,198.1,165.5,40939.0,37782.0,0.0,878.0,20.0,44.71,3105.0
2018-01-27,279.0,66.0,202.6,168.0,42044.0,40110.0,0.0,900.0,19.0,44.0,3191.0
2018-01-28,265.3,61.4,200.7,164.5,41075.0,36933.0,0.0,872.0,26.0,44.38,3151.0
2018-01-29,281.2,66.5,207.6,166.8,42083.0,39702.0,0.0,905.0,47.0,38.52,3243.0
2018-01-30,284.0,67.8,209.6,169.2,42550.0,39767.0,0.0,921.0,44.0,48.04,3270.0
2018-01-31,290.0,67.9,211.4,168.2,42810.0,39580.0,0.0,926.0,40.0,50.91,3277.0
2018-02-01,286.5,67.1,207.9,163.6,43383.0,39312.0,0.0,914.0,35.0,51.55,3274.0
2018-02-02,285.2,66.7,214.8,164.7,41899.0,40794.0,99.0,923.0,36.0,51.8,3291.0
2018-02-03,278.6,65.4,207.2,167.6,42867.0,40179.0,0.0,912.0,43.0,53.89,3286.0
2018-02-04,261.2,60.6,190.5,163.1,39433.0,37122.0,66.0,862.0,46.0,49.2,3171.0
2018-02-05,278.9,67.2,205.3,166.0,42730.0,40384.0,0.0,905.0,45.0,51.03,3258.0
2018-02-06,291.6,69.6,213.8,166.7,43911.0,41134.0,0.0,932.0,28.0,45.14,3308.0
2018-02-07,293.3,68.3,210.3,168.4,44064.0,39661.0,99.0,930.0,13.0,26.66,3302.0
2018-02-08,273.6,69.4,206.9,167.8,40412.0,41017.0,-215.0,907.0,9.0,42.03,3290.0
2018-02-09,286.3,68.9,209.2,170.3,44177.0,40891.0,0.0,931.0,13.0,40.2,3319.0
2018-02-10,286.7,69.2,202.4,171.2,42798.0,40240.0,-50.0,924.0,22.0,32.61,3309.0
2018-02-11,267.5,64.7,192.2,169.4,40715.0,37355.0,0.0,881.0,47.0,39.23,3093.0
2018-02-12,285.2,70.4,206.9,172.4,42922.0,41643.0,0.0,928.0,31.0,44.07,3104.0
2018-02-13,293.9,70.3,214.5,172.1,44198.0,40718.0,0.0,947.0,32.0,41.46,3157.0
2018-02-14,295.8,70.7,210.7,170.0,43110.0,41673.0,0.0,941.0,52.0,46.45,3177.0
2018-02-15,301.0,71.2,211.2,169.3,44198.0,42486.0,0.0,951.0,61.0,45.05,3236.0
2018-02-16,311.6,72.2,214.5,172.1,44399.0,43056.0,0.0,973.0,37.0,48.35,3289.0
2018-02-17,305.4,71.5,214.2,173.4,44679.0,42665.0,0.0,967.0,19.0,51.25,3282.0
2018-02-18,284.5,65.8,203.7,173.2,42148.0,39529.0,0.0,928.0,30.0,51.72,3189.0
2018-02-19,301.4,70.8,213.1,174.4,43952.0,42829.0,0.0,967.0,42.0,51.49,3280.0
2018-02-20,313.4,71.4,217.1,176.3,44174.0,42958.0,0.0,987.0,46.0,49.5,3350.0
2018-02-21,314.5,72.1,219.5,173.7,44870.0,43053.0,0.0,989.0,45.0,50.33,3354.0
2018-02-22,314.6,72.2,220.8,177.0,44399.0,43567.0,0.0,994.0,41.0,49.06,3384.0
2018-02-23,316.5,71.9,222.5,177.3,45566.0,43155.0,0.0,1002.0,59.0,51.01,3389.0
2018-02-24,310.0,70.9,221.5,170.1,44183.0,41827.0,0.0,987.0,67.0,56.06,3359.0
2018-02-25,285.5,66.7,213.6,173.9,42659.0,40469.0,0.0,950.0,69.0,58.44,3311.0
2018-02-26,302.9,72.4,218.6,173.9,44522.0,43055.0,150.0,985.0,43.0,57.44,3362.0
2018-02-27,314.7,74.0,220.9,173.0,45024.0,43244.0,0.0,1001.0,68.0,54.7,3428.0
2018-02-28,317.0,74.6,221.6,178.6,45229.0,43517.0,0.0,1012.0,47.0,52.43,3460.0
2018-03-01,315.7,75.1,225.9,179.3,45397.0,43265.0,0.0,1014.0,45.0,53.21,3426.0
2018-03-02,309.5,73.7,223.2,170.5,44235.0,41786.0,83.0,987.0,45.0,55.87,3124.0
2018-03-03,309.4,73.6,225.1,173.4,44847.0,42683.0,0.0,995.0,33.0,53.64,3194.0
2018-03-04,292.7,68.0,213.7,173.7,42177.0,40102.0,231.0,961.0,28.0,54.42,3297.0
2018-03-05,310.7,74.9,224.1,176.0,44755.0,43412.0,116.0,1005.0,34.0,56.15,3362.0
2018-03-06,318.9,76.9,229.6,178.1,45136.0,43744.0,0.0,1028.0,39.0,55.92,3423.0
2018-03-07,320.0,77.4,227.3,173.8,45688.0,43790.0,50.0,1025.0,44.0,54.08,3444.0
2018-03-08,322.4,77.5,226.9,180.8,45280.0,44414.0,0.0,1032.0,50.0,54.08,3461.0
2018-03-09,317.0,77.7,236.0,179.0,46561.0,43770.0,0.0,1037.0,32.0,51.81,3459.0
2018-03-10,307.3,77.1,234.8,179.6,45726.0,43219.0,182.0,1022.0,45.0,50.32,3437.0
2018-03-11,288.9,69.6,219.1,171.7,42758.0,40372.0,0.0,967.0,50.0,48.8,3351.0
2018-03-12,310.7,76.0,232.3,180.7,45697.0,44085.0,0.0,1021.0,74.0,47.71,3462.0
2018-03-13,314.4,75.9,234.4,182.8,45784.0,44165.0,0.0,1032.0,49.0,48.09,3502.0
2018-03-14,314.8,72.8,231.8,183.9,45864.0,44605.0,99.0,1031.0,33.0,45.88,3501.0
2018-03-15,320.0,72.5,214.1,184.6,45867.0,42817.0,0.0,1019.0,22.0,38.32,3489.0
2018-03-16,324.1,73.9,196.9,181.4,45752.0,41124.0,83.0,993.0,25.0,38.41,3429.0
2018-03-17,293.2,74.7,188.7,159.5,42328.0,41561.0,33.0,897.0,23.0,46.2,3317.0
2018-03-18,276.6,64.4,185.2,151.1,39683.0,37911.0,0.0,882.0,29.0,52.31,3235.0
2018-03-19,314.0,70.8,193.1,164.5,42058.0,41413.0,0.0,960.0,25.0,53.1,3393.0
2018-03-20,314.6,74.9,200.5,172.5,44502.0,43354.0,50.0,989.0,18.0,54.8,3450.0
2018-03-21,325.0,76.7,214.4,178.1,44916.0,43947.0,0.0,1024.0,33.0,53.51,3449.0
2018-03-22,330.7,76.5,219.8,181.3,45655.0,44780.0,215.0,1039.0,49.0,55.24,3480.0
2018-03-23,333.1,75.9,229.7,184.2,46766.0,45444.0,0.0,1059.0,42.0,56.35,3523.0
2018-03-24,334.9,75.7,228.0,184.9,46695.0,44772.0,0.0,1057.0,27.0,52.74,3520.0
2018-03-25,308.7,71.4,218.8,182.6,44021.0,42101.0,116.0,1008.0,41.0,53.05,3391.0
2018-03-26,326.9,77.6,234.6,183.4,46573.0,45295.0,0.0,1052.0,30.0,53.82,3522.0
2018-03-27,336.9,79.7,240.1,181.3,47118.0,45420.0,0.0,1066.0,23.0,51.33,3564.0
2018-03-28,344.1,80.0,241.2,185.2,46888.0,45818.0,0.0,1079.0,29.0,54.09,3597.0
2018-03-29,346.4,79.3,238.8,185.8,47788.0,45923.0,0.0,1080.0,38.0,51.64,3595.0
2018-03-30,341.1,73.2,228.9,181.7,47059.0,44122.0,0.0,1057.0,47.0,50.3,3517.0
2018-03-31,331.8,76.3,219.2,175.5,45776.0,43733.0,0.0,1030.0,48.0,50.87,3419.0
2018-04-01,311.2,66.9,208.7,170.2,42625.0,38591.0,0.0,956.0,26.0,51.91,3344.0
2018-04-02,328.6,64.3,215.0,163.6,43371.0,41332.0,0.0,960.0,36.0,46.97,3350.0
2018-04-03,335.8,74.2,214.6,173.6,44774.0,44086.0,0.0,1004.0,20.0,54.62,3495.0
2018-04-04,337.2,77.9,224.3,172.1,45385.0,44379.0,0.0,1020.0,22.0,54.04,3557.0
2018-04-05,332.8,80.7,228.8,172.8,45385.0,43693.0,0.0,1019.0,25.0,51.16,3547.0
2018-04-06,340.1,80.1,230.8,177.4,45874.0,43987.0,0.0,1016.0,20.0,45.0,3503.0
2018-04-07,339.6,77.8,216.7,176.5,44430.0,43189.0,33.0,982.0,36.0,52.98,3390.0
2018-04-08,322.7,71.9,199.6,169.0,41553.0,39222.0,0.0,914.0,40.0,50.35,3270.0
2018-04-09,329.5,76.2,224.6,177.4,44475.0,42773.0,0.0,983.0,33.0,55.48,3362.0
2018-04-10,339.3,79.2,229.2,179.2,44989.0,43647.0,33.0,1011.0,27.0,56.14,3450.0
2018-04-11,339.3,77.8,228.8,182.5,45323.0,43609.0,0.0,1015.0,27.0,54.59,3380.0
2018-04-12,342.9,76.8,229.6,183.5,45170.0,44288.0,0.0,1021.0,20.0,57.61,3374.0
2018-04-13,339.8,74.7,230.5,181.7,45137.0,43337.0,0.0,1020.0,32.0,56.44,3469.0
2018-04-14,322.8,74.3,226.6,182.9,44058.0,42296.0,0.0,1001.0,21.0,57.94,3469.0
2018-04-15,308.2,67.3,204.6,182.6,41101.0,38559.0,0.0,944.0,29.0,53.09,3363.0
2018-04-16,332.2,73.8,211.5,183.5,44750.0,42684.0,215.0,982.0,16.0,57.16,3526.0
2018-04-17,343.2,74.9,215.7,185.1,45203.0,43653.0,330.0,1008.0,26.0,59.25,3586.0
2018-04-18,346.8,77.7,220.1,184.6,45579.0,43192.0,0.0,1019.0,22.0,58.99,3573.0
2018-04-19,351.0,77.8,221.4,184.0,48317.0,42638.0,0.0,1024.0,39.0,55.58,3650.0
2018-04-20,350.5,77.8,208.3,183.0,45110.0,42932.0,150.0,1008.0,53.0,56.33,3576.0
2018-04-21,339.4,77.6,212.9,185.0,44570.0,43374.0,0.0,999.0,35.0,60.18,3593.0
2018-04-22,324.0,70.4,195.1,181.0,42115.0,38756.0,0.0,946.0,48.0,55.16,3442.0
2018-04-23,340.0,77.2,204.9,176.7,44821.0,43023.0,135.0,978.0,32.0,57.03,3582.0
2018-04-24,346.6,77.0,212.3,175.6,43685.0,40992.0,0.0,988.0,42.0,57.45,3617.0
2018-04-25,350.5,76.5,209.3,173.7,44201.0,42753.0,83.0,986.0,43.0,58.02,3642.0
2018-04-26,349.9,76.6,216.7,181.3,44948.0,42503.0,0.0,998.0,31.0,57.29,3651.0
2018-04-27,352.7,76.2,225.7,182.8,44097.0,42463.0,0.0,1011.0,30.0,58.18,3675.0
2018-04-28,350.3,78.1,223.1,184.4,44590.0,42180.0,10.0,1006.0,27.0,58.57,3682.0
2018-04-29,333.0,72.2,208.5,179.1,42338.0,39874.0,0.0,957.0,42.0,53.68,3542.0
2018-04-30,338.6,81.4,215.5,181.3,45502.0,42465.0,10.0,985.0,72.0,58.34,3524.0
2018-05-01,296.2,71.8,202.2,162.9,40110.0,38300.0,0.0,891.0,71.0,58.89,3428.0
2018-05-02,315.8,76.3,209.5,168.0,43286.0,41919.0,0.0,932.0,76.0,57.56,3477.0
2018-05-03,323.5,75.0,196.9,150.6,41606.0,36142.0,0.0,882.0,46.0,52.95,3330.0
2018-05-04,314.7,73.1,187.0,147.6,41927.0,39666.0,0.0,858.0,29.0,49.88,3479.0
2018-05-05,320.3,74.2,203.0,159.7,41262.0,40244.0,136.0,906.0,18.0,53.8,3610.0
2018-05-06,303.5,66.6,193.2,168.0,38886.0,37638.0,0.0,879.0,28.0,53.29,3483.0
2018-05-07,325.3,75.1,206.4,172.7,43029.0,41198.0,0.0,937.0,47.0,55.49,3628.0
2018-05-08,321.0,72.7,208.3,178.4,42832.0,40250.0,0.0,942.0,57.0,55.05,3583.0
2018-05-09,316.9,69.8,197.0,179.3,41517.0,39617.0,0.0,920.0,44.0,53.66,3579.0
2018-05-10,317.2,69.6,190.4,178.1,41194.0,38069.0,45.0,910.0,30.0,51.12,3606.0
2018-05-11,327.0,70.2,175.8,176.7,42643.0,38518.0,0.0,908.0,41.0,57.82,3653.0
2018-05-12,330.1,68.9,157.5,172.4,40150.0,38463.0,0.0,884.0,53.0,55.0,3620.0
2018-05-13,309.1,62.2,153.3,164.0,36823.0,34628.0,0.0,832.0,34.0,56.71,3397.0
2018-05-14,326.3,70.0,169.3,164.3,40375.0,37620.0,0.0,875.0,41.0,53.25,3370.0
2018-05-15,330.7,74.0,175.3,165.5,41351.0,40033.0,0.0,888.0,17.0,48.56,3564.0
2018-05-16,331.0,71.8,177.3,172.7,41354.0,40669.0,0.0,907.0,18.0,57.04,3574.0
2018-05-17,331.6,72.0,183.5,179.5,41746.0,39640.0,0.0,918.0,29.0,54.94,3663.0
2018-05-18,328.0,72.2,182.6,178.0,41849.0,40434.0,0.0,916.0,41.0,53.92,3685.0
2018-05-19,312.0,73.1,183.7,179.8,41015.0,39071.0,0.0,906.0,61.0,55.5,3680.0
2018-05-20,302.1,63.9,154.5,171.3,39132.0,37611.0,0.0,850.0,99.0,54.07,3591.0
2018-05-21,317.6,72.8,169.3,178.1,42200.0,39752.0,0.0,904.0,83.0,53.46,3754.0
2018-05-22,318.9,72.2,168.4,180.0,42543.0,41145.0,0.0,906.0,44.0,53.2,3825.0
2018-05-23,326.1,74.1,172.5,178.0,41702.0,39735.0,0.0,916.0,47.0,48.2,3830.0
2018-05-24,316.8,72.4,170.8,177.2,41468.0,40382.0,0.0,901.0,49.0,50.01,3832.0
2018-05-25,300.3,65.4,171.5,183.0,40513.0,39173.0,0.0,885.0,48.0,47.82,3805.0
2018-05-26,307.3,66.2,165.8,181.6,40456.0,39560.0,0.0,887.0,21.0,52.91,3783.0
2018-05-27,294.6,61.2,152.8,177.1,38371.0,37379.0,0.0,842.0,35.0,54.93,3730.0
2018-05-28,306.8,64.6,172.2,184.1,41869.0,40385.0,0.0,895.0,60.0,56.6,3829.0
2018-05-29,315.3,63.1,170.2,188.6,42008.0,40714.0,0.0,909.0,131.0,58.37,3843.0
2018-05-30,328.1,67.0,172.7,188.2,42359.0,41213.0,0.0,926.0,135.0,54.47,3844.0
2018-05-31,335.9,69.7,173.6,179.7,42129.0,38779.0,0.0,922.0,119.0,56.75,3862.0
2018-06-01,332.5,71.5,171.4,179.3,41953.0,40027.0,0.0,916.0,67.0,51.54,3727.0
2018-06-02,312.8,70.8,157.4,162.6,39204.0,38083.0,0.0,855.0,85.0,39.64,3515.0
2018-06-03,284.8,62.0,146.7,160.0,38757.0,34664.0,0.0,799.0,109.0,53.11,3500.0
2018-06-04,299.6,65.7,156.0,165.9,41264.0,40476.0,0.0,838.0,100.0,54.56,3738.0
2018-06-05,314.1,67.4,161.9,170.4,41995.0,41020.0,0.0,869.0,99.0,54.29,3784.0
2018-06-06,314.0,69.3,161.9,162.6,40984.0,39841.0,0.0,864.0,136.0,52.76,3680.0
2018-06-07,302.6,67.4,160.2,157.9,40503.0,39166.0,0.0,831.0,149.0,45.77,3715.0
2018-06-08,305.6,61.9,156.6,154.1,40146.0,38876.0,17.0,823.0,172.0,39.49,3700.0
2018-06-09,299.2,52.4,144.7,153.0,38401.0,37593.0,0.0,791.0,189.0,37.37,3500.0
2018-06-10,282.8,53.1,136.5,149.3,35747.0,35160.0,17.0,753.0,187.0,44.34,3366.0
2018-06-11,313.5,62.5,147.4,153.7,40268.0,39649.0,0.0,810.0,215.0,40.05,3582.0
2018-06-12,322.8,66.8,151.1,153.3,40294.0,39478.0,0.0,829.0,221.0,50.03,3634.0
2018-06-13,323.4,66.0,162.1,162.2,40483.0,39588.0,0.0,859.0,216.0,53.35,3677.0
2018-06-14,322.5,64.1,166.2,172.2,39761.0,39581.0,0.0,880.0,168.0,52.46,3734.0
2018-06-15,335.7,62.4,167.6,173.0,39847.0,39151.0,0.0,898.0,156.0,58.39,3799.0
2018-06-16,318.2,64.9,168.8,172.9,38973.0,37892.0,33.0,880.0,157.0,59.74,3744.0
2018-06-17,293.0,60.6,155.9,172.9,37149.0,36170.0,0.0,835.0,177.0,56.77,3495.0
2018-06-18,316.1,66.5,164.6,176.5,41008.0,40152.0,0.0,880.0,181.0,55.09,3654.0
2018-06-19,321.7,64.8,171.6,185.9,42012.0,40564.0,0.0,906.0,165.0,55.71,3757.0
2018-06-20,325.4,63.9,178.6,188.2,42072.0,41331.0,0.0,925.0,142.0,59.05,3857.0
2018-06-21,326.5,63.8,180.3,187.2,41343.0,40154.0,0.0,928.0,154.0,52.23,3862.0
2018-06-22,334.4,63.7,181.0,180.8,41090.0,39417.0,0.0,920.0,149.0,38.74,3884.0
2018-06-23,332.7,62.8,171.8,180.2,39969.0,39295.0,0.0,891.0,152.0,41.5,3821.0
2018-06-24,307.3,59.5,163.4,175.7,37900.0,37075.0,116.0,852.0,173.0,53.56,3671.0
2018-06-25,320.8,63.5,173.7,178.0,40197.0,39629.0,17.0,893.0,189.0,53.6,3771.0
2018-06-26,325.5,66.9,174.6,179.3,41098.0,40240.0,0.0,906.0,219.0,51.67,3714.0
2018-06-27,323.4,64.2,174.2,172.4,40445.0,39352.0,0.0,891.0,223.0,42.64,3584.0
2018-06-28,323.1,63.3,179.2,163.8,41090.0,39593.0,0.0,880.0,186.0,39.89,3399.0
2018-06-29,322.4,63.2,183.3,167.3,42590.0,40283.0,15.0,894.0,126.0,48.24,3449.0
2018-06-30,308.2,64.7,180.2,165.4,40199.0,39142.0,0.0,880.0,96.0,55.79,3540.0
2018-07-01,284.3,60.6,169.3,156.6,38038.0,37382.0,0.0,833.0,72.0,49.11,3467.0
2018-07-02,295.2,66.4,183.0,162.9,40732.0,39878.0,0.0,878.0,135.0,56.59,3570.0
2018-07-03,285.4,68.0,188.4,156.3,41418.0,40130.0,0.0,870.0,152.0,49.76,3496.0
2018-07-04,310.8,69.4,189.3,163.4,41976.0,41137.0,0.0,908.0,176.0,51.38,3483.0
2018-07-05,316.2,69.3,193.2,166.4,42566.0,41275.0,0.0,916.0,187.0,52.56,3598.0
2018-07-06,325.1,68.2,194.7,166.9,41143.0,41210.0,175.0,914.0,197.0,42.41,3686.0
2018-07-07,309.5,67.1,183.7,156.9,39511.0,38142.0,0.0,866.0,209.0,33.75,3738.0
2018-07-08,294.9,58.5,163.5,152.2,37092.0,36097.0,0.0,812.0,209.0,32.32,3644.0
2018-07-09,306.3,62.2,168.8,155.5,39031.0,37761.0,0.0,841.0,218.0,34.2,3749.0
2018-07-10,306.6,61.8,168.6,155.0,38758.0,38111.0,0.0,879.0,226.0,32.39,3805.0
2018-07-11,300.1,49.7,163.9,154.1,39083.0,36923.0,0.0,836.0,230.0,29.87,3720.0
2018-07-12,299.4,61.4,160.3,148.6,38565.0,37586.0,0.0,818.0,214.0,34.22,3643.0
2018-07-13,301.3,62.1,156.1,153.7,38697.0,37949.0,149.0,828.0,229.0,39.2,3562.0
2018-07-14,297.4,60.3,152.8,150.6,38043.0,37286.0,0.0,814.0,222.0,34.69,3481.0
2018-07-15,281.4,49.6,145.8,147.5,35978.0,34925.0,0.0,777.0,218.0,32.89,3425.0
2018-07-16,297.7,51.7,157.3,150.8,39022.0,38085.0,0.0,816.0,232.0,31.69,3507.0
2018-07-17,309.0,55.2,160.4,157.3,40287.0,39579.0,0.0,847.0,233.0,46.39,3513.0
2018-07-18,320.0,58.3,169.4,165.7,41215.0,40110.0,0.0,888.0,231.0,48.13,3609.0
2018-07-19,325.8,60.5,170.6,174.4,41235.0,40349.0,0.0,915.0,237.0,44.23,3653.0
2018-07-20,320.1,61.3,173.3,169.5,41775.0,39790.0,0.0,904.0,245.0,36.92,3639.0
2018-07-21,315.7,62.3,171.5,166.6,40609.0,39494.0,50.0,895.0,229.0,41.18,3504.0
2018-07-22,299.3,57.8,162.8,165.8,38508.0,37244.0,0.0,868.0,223.0,39.78,3315.0
2018-07-23,319.6,62.3,176.5,174.6,41775.0,40783.0,0.0,927.0,217.0,43.7,3482.0
2018-07-24,327.9,62.4,177.0,179.3,42569.0,41477.0,30.0,947.0,217.0,46.32,3585.0
2018-07-25,328.2,62.8,180.3,181.7,43454.0,42301.0,0.0,957.0,205.0,49.43,3553.0
2018-07-26,327.8,63.4,183.1,185.6,43255.0,41914.0,230.0,965.0,208.0,42.82,3379.0
2018-07-27,327.3,64.0,183.0,182.5,43416.0,41882.0,20.0,969.0,202.0,40.69,3385.0
2018-07-28,328.1,64.8,180.4,182.0,43822.0,42367.0,0.0,970.0,195.0,44.74,3439.0
2018-07-29,307.0,60.4,172.5,179.4,41341.0,40183.0,0.0,937.0,195.0,46.55,3447.0
2018-07-30,324.4,64.9,190.2,185.7,45156.0,44094.0,0.0,992.0,190.0,50.19,3606.0
2018-07-31,321.6,62.6,191.6,188.6,45285.0,41611.0,0.0,992.0,207.0,45.54,3691.0
2018-08-01,320.2,64.0,190.2,184.9,44927.0,41600.0,0.0,976.0,214.0,46.81,3689.0
2018-08-02,320.2,65.6,189.0,178.6,43569.0,41675.0,40.0,962.0,206.0,50.77,3740.0
2018-08-03,312.0,66.7,191.1,182.6,42570.0,41923.0,25.0,970.0,200.0,51.47,3785.0
2018-08-04,299.7,65.7,187.1,185.4,41880.0,41319.0,10.0,958.0,205.0,51.17,3832.0
2018-08-05,294.8,61.2,175.6,180.2,39621.0,38685.0,0.0,922.0,211.0,46.78,3723.0
2018-08-06,309.6,64.9,183.2,181.6,41894.0,41632.0,30.0,956.0,232.0,47.18,3748.0
2018-08-07,313.3,63.7,183.9,178.4,41600.0,40786.0,0.0,952.0,233.0,39.59,3708.0
2018-08-08,270.3,63.2,183.5,173.8,39868.0,38440.0,33.0,899.0,202.0,37.68,3654.0
2018-08-09,305.3,62.2,185.0,174.8,41471.0,41257.0,20.0,934.0,221.0,48.41,3742.0
2018-08-10,314.5,63.2,189.3,176.1,42875.0,41116.0,0.0,952.0,235.0,42.11,3860.0
2018-08-11,301.7,61.9,180.2,158.3,39545.0,38562.0,0.0,881.0,232.0,23.69,3780.0
2018-08-12,277.0,57.3,161.9,154.7,36206.0,36132.0,0.0,801.0,219.0,27.65,3562.0
2018-08-13,294.1,60.4,158.8,158.0,38694.0,38686.0,0.0,847.0,228.0,40.12,3667.0
2018-08-14,282.5,56.6,164.5,158.4,38354.0,38322.0,0.0,849.0,211.0,38.04,3755.0
2018-08-15,254.2,47.9,147.6,150.7,35577.0,33942.0,0.0,782.0,195.0,27.58,3510.0
2018-08-16,272.1,38.9,146.7,149.8,36548.0,36706.0,0.0,771.0,216.0,29.59,3538.0
2018-08-17,294.6,42.1,155.2,158.3,39109.0,38964.0,0.0,826.0,238.0,44.41,3625.0
2018-08-18,289.6,44.5,161.0,161.6,39099.0,38888.0,0.0,842.0,233.0,41.98,3631.0
2018-08-19,284.4,45.1,157.5,158.2,36067.0,35575.0,0.0,816.0,226.0,36.36,3512.0
2018-08-20,304.9,53.6,166.6,158.5,38259.0,38744.0,0.0,833.0,233.0,32.08,3569.0
2018-08-21,317.0,57.8,176.5,164.8,39856.0,40172.0,0.0,874.0,226.0,48.73,3629.0
2018-08-22,325.8,57.7,179.6,175.6,40040.0,40142.0,0.0,925.0,204.0,53.22,3704.0
2018-08-23,323.9,60.0,181.5,181.5,42832.0,41389.0,0.0,943.0,183.0,49.01,3632.0
2018-08-24,322.3,59.3,186.9,181.8,41565.0,41028.0,0.0,952.0,154.0,52.69,3635.0
2018-08-25,316.2,55.8,182.8,179.8,41469.0,41599.0,0.0,941.0,152.0,54.11,3608.0
2018-08-26,285.3,55.9,179.7,175.5,39007.0,36720.0,0.0,893.0,165.0,46.35,3417.0
2018-08-27,302.7,59.2,178.3,175.4,39895.0,36720.0,0.0,897.0,160.0,38.95,3549.0
2018-08-28,302.0,60.8,176.1,169.3,40672.0,39848.0,0.0,903.0,149.0,51.76,3610.0
2018-08-29,302.4,62.0,176.5,177.2,41838.0,40974.0,20.0,925.0,146.0,50.99,3617.0
2018-08-30,308.1,63.8,180.1,183.8,42248.0,41878.0,730.0,953.0,144.0,58.6,3692.0
2018-08-31,300.3,65.1,184.9,181.4,42260.0,42618.0,0.0,952.0,135.0,51.97,3717.0
2018-09-01,289.0,65.7,178.0,181.9,40998.0,41233.0,0.0,928.0,135.0,54.07,3615.0
2018-09-02,265.1,61.5,170.4,180.5,38783.0,38735.0,0.0,889.0,135.0,56.4,3415.0
2018-09-03,300.2,66.1,184.4,186.8,42325.0,42601.0,275.0,957.0,109.0,58.41,3469.0
2018-09-04,315.1,66.6,194.4,192.1,43599.0,43713.0,783.0,994.0,115.0,60.61,3577.0
2018-09-05,319.4,66.8,199.0,189.7,43664.0,43930.0,30.0,1001.0,154.0,56.87,3632.0
2018-09-06,324.3,66.9,201.4,191.1,43890.0,44120.0,496.0,1010.0,191.0,55.69,3656.0
2018-09-07,324.7,67.9,206.0,191.6,45150.0,43637.0,320.0,1022.0,185.0,56.38,3676.0
2018-09-08,325.0,68.3,201.8,187.9,44286.0,43518.0,335.0,1015.0,125.0,57.95,3610.0
2018-09-09,294.7,63.2,196.1,193.3,42717.0,41730.0,225.0,980.0,41.0,59.29,3553.0
2018-09-10,297.7,63.1,201.3,196.8,44492.0,42453.0,270.0,997.0,29.0,52.27,3673.0
2018-09-11,320.2,68.4,206.7,193.1,45448.0,44423.0,20.0,1027.0,34.0,55.59,3800.0
2018-09-12,319.4,69.7,204.3,184.2,48279.0,44340.0,314.0,1005.0,35.0,53.49,3794.0
2018-09-13,313.3,69.5,193.8,180.4,42762.0,42064.0,0.0,981.0,51.0,59.74,3768.0
2018-09-14,313.7,69.9,203.3,182.5,44850.0,44967.0,15.0,1005.0,41.0,60.47,3874.0
2018-09-15,305.5,70.2,203.7,185.0,44076.0,43952.0,544.0,1001.0,54.0,60.74,3862.0
2018-09-16,276.9,65.3,190.6,174.3,41906.0,40589.0,0.0,944.0,68.0,52.69,3793.0
2018-09-17,284.9,69.6,193.0,162.6,41948.0,40952.0,0.0,927.0,95.0,41.69,3822.0
2018-09-18,295.6,70.5,195.6,162.0,42686.0,42837.0,0.0,920.0,126.0,56.37,3887.0
2018-09-19,292.6,70.3,200.3,165.1,42492.0,42823.0,0.0,930.0,136.0,47.01,3925.0
2018-09-20,295.2,69.2,201.9,163.5,42899.0,43070.0,0.0,938.0,110.0,46.17,3888.0
2018-09-21,310.6,68.8,199.2,153.3,41061.0,41342.0,35.0,922.0,155.0,39.62,3750.0
2018-09-22,312.1,69.6,199.1,158.6,41878.0,41806.0,245.0,927.0,87.0,63.11,3504.0
2018-09-23,290.8,66.3,196.2,169.4,40411.0,40552.0,0.0,924.0,29.0,61.12,3342.0
2018-09-24,299.8,69.1,193.6,176.2,43449.0,43423.0,253.0,955.0,18.0,54.53,3485.0
2018-09-25,312.6,70.6,192.0,178.1,43548.0,43501.0,355.0,978.0,17.0,56.46,3497.0
2018-09-26,317.8,72.0,172.4,172.5,42493.0,42446.0,136.0,951.0,18.0,51.62,3625.0
2018-09-27,314.2,70.8,167.6,170.5,42718.0,42667.0,20.0,940.0,14.0,59.22,3675.0
2018-09-28,306.4,69.4,171.8,176.0,42101.0,41710.0,0.0,948.0,21.0,53.75,3715.0
2018-09-29,300.6,69.5,164.3,179.5,41764.0,42175.0,0.0,938.0,17.0,55.62,3730.0
2018-09-30,283.4,64.6,162.2,182.3,39731.0,40038.0,0.0,916.0,16.0,58.53,3663.0
2018-10-01,295.0,72.1,175.6,184.4,41501.0,40526.0,540.0,948.0,28.0,56.68,3758.0
2018-10-02,277.0,65.0,168.7,189.1,40057.0,39655.0,0.0,915.0,25.0,59.32,3720.0
2018-10-03,280.2,66.8,186.0,192.5,42120.0,41332.0,20.0,942.0,23.0,56.59,3804.0
2018-10-04,268.2,66.9,183.1,188.6,41412.0,41514.0,10.0,931.0,29.0,52.32,3813.0
2018-10-05,262.2,68.5,181.4,182.5,42104.0,41808.0,0.0,929.0,60.0,47.56,3829.0
2018-10-06,254.1,68.3,176.9,183.7,41898.0,42083.0,83.0,919.0,52.0,56.1,3802.0
2018-10-07,244.2,63.1,166.8,186.5,40123.0,40365.0,0.0,895.0,48.0,62.56,3710.0
2018-10-08,261.2,66.2,187.3,193.2,41652.0,41558.0,350.0,944.0,28.0,61.96,3823.0
2018-10-09,270.7,66.7,192.9,195.8,43160.0,43165.0,0.0,966.0,26.0,61.06,3823.0
2018-10-10,285.2,68.2,197.4,190.5,43642.0,43538.0,0.0,976.0,34.0,59.48,3827.0
2018-10-11,290.1,68.5,199.7,188.5,44101.0,42950.0,500.0,977.0,49.0,59.95,3723.0
2018-10-12,300.7,70.7,208.7,194.0,44159.0,44165.0,0.0,1009.0,34.0,65.63,3736.0
2018-10-13,307.2,69.9,215.1,192.2,43966.0,42005.0,10.0,1010.0,22.0,63.48,3727.0
2018-10-14,289.0,63.6,205.5,191.2,42577.0,40736.0,0.0,971.0,20.0,52.46,3614.0
2018-10-15,294.1,69.5,203.5,194.3,44201.0,42912.0,0.0,988.0,20.0,58.0,3710.0
2018-10-16,299.0,67.2,194.3,191.2,43731.0,41403.0,0.0,978.0,22.0,54.15,3700.0
2018-10-17,286.8,67.6,169.2,183.2,40584.0,40031.0,0.0,922.0,17.0,51.75,3651.0
2018-10-18,254.1,63.1,151.5,172.6,36640.0,37043.0,75.0,839.0,19.0,58.12,3503.0
2018-10-19,268.9,66.5,149.6,170.2,39158.0,38552.0,0.0,860.0,13.0,67.88,3464.0
2018-10-20,273.1,67.2,157.8,175.1,40952.0,40830.0,20.0,899.0,31.0,69.53,3568.0
2018-10-21,262.4,62.3,164.5,181.1,39163.0,39091.0,0.0,894.0,38.0,67.85,3535.0
2018-10-22,280.7,66.8,185.0,188.7,42852.0,42721.0,0.0,952.0,18.0,70.52,3627.0
2018-10-23,292.3,69.6,199.9,191.3,43912.0,43055.0,0.0,984.0,14.0,67.29,3669.0
2018-10-24,300.4,69.9,204.0,194.3,44057.0,44142.0,0.0,992.0,25.0,60.72,3666.0
2018-10-25,302.6,70.8,206.0,198.7,44789.0,44761.0,0.0,1008.0,39.0,60.19,3675.0
2018-10-26,307.7,71.4,205.2,196.4,44548.0,44428.0,120.0,1008.0,67.0,64.49,3650.0
2018-10-27,309.7,71.8,204.0,192.7,43992.0,44028.0,75.0,1002.0,58.0,71.94,3621.0
2018-10-28,286.0,65.2,194.8,188.8,43708.0,41066.0,0.0,953.0,62.0,73.27,3483.0
2018-10-29,300.2,70.2,209.0,194.1,43334.0,41825.0,0.0,981.0,47.0,69.22,3563.0
2018-10-30,312.5,69.9,215.6,191.9,44466.0,44053.0,370.0,1007.0,28.0,73.22,3580.0
2018-10-31,313.0,71.3,220.1,196.8,44654.0,44587.0,0.0,1023.0,30.0,65.93,3621.0
2018-11-01,297.8,71.6,206.2,186.9,42967.0,42713.0,200.0,975.0,32.0,55.57,3571.0
2018-11-02,283.9,71.2,212.3,181.5,43429.0,42771.0,0.0,960.0,40.0,44.78,3557.0
2018-11-03,272.4,69.8,205.2,185.2,41402.0,41276.0,0.0,941.0,46.0,52.28,3514.0
2018-11-04,256.6,64.3,192.1,184.9,39114.0,38891.0,0.0,910.0,60.0,66.44,3416.0
2018-11-05,254.2,70.6,210.3,192.2,41203.0,41149.0,0.0,936.0,33.0,68.82,3515.0
2018-11-06,216.9,70.2,214.8,194.7,39820.0,38564.0,200.0,907.0,23.0,61.27,3442.0
2018-11-07,221.4,70.1,205.4,184.9,39217.0,37538.0,9.0,878.0,37.0,67.64,3176.0
2018-11-08,251.1,70.9,197.2,187.2,40839.0,40048.0,26.0,902.0,42.0,63.74,3063.0
2018-11-09,272.9,70.9,210.8,194.2,40839.0,42494.0,0.0,948.0,35.0,69.65,3172.0
2018-11-10,283.3,70.3,215.5,190.6,42240.0,42086.0,200.0,957.0,25.0,71.11,3256.0
2018-11-11,274.5,64.7,206.8,191.6,40475.0,39421.0,0.0,931.0,22.0,72.35,3250.0
2018-11-12,291.1,70.9,219.1,189.7,43058.0,42389.0,33.0,959.0,19.0,71.35,3369.0
2018-11-13,296.0,72.3,220.2,189.1,43440.0,42959.0,0.0,962.0,15.0,71.99,3407.0
2018-11-14,300.1,72.8,220.1,190.0,43821.0,42944.0,0.0,967.0,13.0,71.61,3397.0
2018-11-15,300.1,73.0,219.0,182.9,43320.0,42577.0,0.0,959.0,37.0,66.84,3402.0
2018-11-16,244.3,67.9,213.8,180.5,40505.0,40368.0,0.0,891.0,64.0,47.26,3343.0
2018-11-17,253.0,62.8,218.7,179.2,41192.0,40938.0,0.0,899.0,21.0,61.03,3354.0
2018-11-18,243.7,63.2,205.0,175.6,38353.0,36696.0,0.0,868.0,28.0,60.98,3263.0
2018-11-19,265.8,68.7,203.1,181.0,41222.0,40643.0,83.0,902.0,25.0,59.33,3358.0
2018-11-20,268.9,69.2,204.3,182.4,40845.0,40835.0,0.0,911.0,34.0,59.56,3377.0
2018-11-21,266.6,71.1,205.3,174.9,40041.0,39666.0,0.0,901.0,39.0,61.39,3375.0
2018-11-22,256.0,71.7,194.8,165.8,40012.0,39419.0,0.0,872.0,59.0,49.62,3351.0
2018-11-23,257.1,70.4,192.8,166.5,39439.0,38934.0,0.0,870.0,42.0,45.15,3329.0
2018-11-24,256.6,69.9,193.4,167.9,39302.0,39374.0,0.0,868.0,23.0,60.19,3318.0
2018-11-25,239.2,64.9,186.1,165.1,36547.0,36542.0,0.0,831.0,21.0,66.13,3224.0
2018-11-26,259.7,71.8,199.5,167.2,40203.0,39832.0,0.0,874.0,38.0,68.43,3328.0
2018-11-27,267.6,71.2,201.0,167.7,40441.0,39881.0,0.0,884.0,49.0,73.08,3334.0
2018-11-28,275.7,70.6,203.5,172.2,41085.0,40620.0,0.0,898.0,52.0,71.18,3362.0
2018-11-29,269.7,71.7,206.5,172.6,41558.0,39684.0,0.0,897.0,34.0,59.43,3354.0
2018-11-30,267.2,71.2,211.3,174.7,41192.0,40672.0,0.0,899.0,34.0,65.07,3368.0
2018-12-01,265.6,71.7,209.4,172.5,40526.0,39746.0,0.0,892.0,37.0,70.33,3322.0
2018-12-02,248.9,64.7,195.6,169.3,37552.0,36767.0,0.0,845.0,38.0,72.02,3198.0
2018-12-03,273.8,70.7,209.3,168.3,40753.0,39736.0,0.0,896.0,55.0,62.55,3306.0
2018-12-04,271.1,72.0,207.2,166.0,46151.0,41278.0,0.0,892.0,52.0,45.02,3341.0
2018-12-05,270.2,72.5,204.2,164.4,42481.0,40135.0,0.0,890.0,25.0,44.55,3357.0
2018-12-06,274.3,71.7,207.5,169.9,41018.0,40623.0,66.0,902.0,25.0,57.13,3376.0
2018-12-07,284.1,73.2,209.6,171.6,40984.0,40234.0,0.0,896.0,32.0,63.4,3354.0
2018-12-08,287.5,71.7,205.2,173.6,41258.0,40815.0,0.0,906.0,43.0,58.95,3368.0
2018-12-09,262.4,65.7,193.9,169.0,38208.0,37676.0,0.0,861.0,41.0,53.03,3252.0
2018-12-10,283.6,71.5,206.5,173.5,42551.0,41429.0,0.0,911.0,26.0,54.78,3336.0
2018-12-11,292.5,72.4,209.3,173.4,42773.0,42347.0,-33.0,928.0,19.0,59.32,3365.0
2018-12-12,296.2,72.0,211.5,174.9,43656.0,41924.0,66.0,932.0,16.0,59.5,3344.0
2018-12-13,298.2,71.5,213.7,172.4,44567.0,41576.0,-33.0,935.0,24.0,52.46,3338.0
2018-12-14,301.0,67.6,212.0,170.2,45216.0,41468.0,0.0,924.0,38.0,54.65,3330.0
2018-12-15,288.8,70.4,203.5,166.9,42892.0,41151.0,0.0,908.0,56.0,59.91,3310.0
2018-12-16,271.1,62.2,187.9,154.3,39315.0,36547.0,0.0,848.0,33.0,53.02,3192.0
2018-12-17,289.7,69.3,199.3,135.4,40392.0,39283.0,0.0,850.0,34.0,49.35,3221.0
2018-12-18,299.3,68.7,200.9,149.1,43913.0,40541.0,0.0,873.0,40.0,48.55,3233.0
2018-12-19,298.0,68.8,200.8,152.2,42350.0,40768.0,0.0,888.0,28.0,52.93,3292.0
2018-12-20,301.5,69.8,207.5,153.8,42643.0,41604.0,200.0,909.0,30.0,64.65,3344.0
2018-12-21,305.0,70.8,211.1,161.5,43614.0,41561.0,0.0,929.0,22.0,61.07,3376.0
2018-12-22,297.3,70.9,204.9,161.9,42871.0,40645.0,0.0,915.0,33.0,61.0,3358.0
2018-12-23,259.5,65.9,190.2,159.3,40263.0,36633.0,0.0,855.0,48.0,64.38,3225.0
2018-12-24,276.4,70.8,204.6,162.5,42694.0,41042.0,0.0,900.0,37.0,59.44,3331.0
2018-12-25,282.9,65.6,206.8,161.5,42022.0,40497.0,0.0,904.0,30.0,64.11,3346.0
2018-12-26,290.6,71.1,214.4,165.0,43211.0,42422.0,0.0,932.0,22.0,62.53,3409.0
2018-12-27,302.0,73.1,213.2,167.1,44373.0,41312.0,0.0,952.0,22.0,58.17,3420.0
2018-12-28,303.9,73.1,211.2,166.9,44526.0,42396.0,0.0,951.0,31.0,61.52,3423.0
2018-12-29,287.1,70.2,204.8,165.6,43474.0,40766.0,0.0,919.0,46.0,60.23,3356.0
2018-12-30,261.0,64.0,192.1,160.5,40871.0,37645.0,0.0,862.0,55.0,64.97,3248.0
2018-12-31,279.7,69.1,203.1,163.0,42990.0,41005.0,0.0,901.0,46.0,69.14,3332.0
2019-01-01,270.0,68.1,199.3,155.6,42567.0,38540.0,0.0,878.0,50.0,73.77,3298.0
2019-01-02,279.2,65.9,200.3,159.9,42764.0,41507.0,0.0,896.0,55.0,74.82,3320.0
2019-01-03,287.9,59.5,204.2,163.1,43199.0,41563.0,33.0,906.0,45.0,74.22,3370.0
2019-01-04,289.4,63.4,208.5,165.9,43721.0,41363.0,0.0,921.0,64.0,75.84,3407.0
2019-01-05,281.3,63.6,204.8,165.5,43210.0,40840.0,0.0,909.0,50.0,72.99,3371.0
2019-01-06,267.8,58.0,195.7,162.6,41039.0,37943.0,0.0,870.0,45.0,71.06,3256.0
2019-01-07,285.0,63.2,207.6,163.5,43492.0,40766.0,0.0,907.0,37.0,70.81,3338.0
2019-01-08,296.5,59.8,207.5,163.3,43074.0,40517.0,0.0,916.0,29.0,74.14,3393.0
2019-01-09,296.1,59.9,206.0,161.2,42830.0,40753.0,0.0,911.0,30.0,74.37,3386.0
2019-01-10,293.2,64.4,213.3,164.6,44015.0,41883.0,0.0,925.0,43.0,73.53,3417.0
2019-01-11,295.2,66.2,219.0,165.0,44652.0,41791.0,0.0,936.0,42.0,70.75,3442.0
2019-01-12,290.2,67.0,215.2,162.8,43726.0,40903.0,0.0,922.0,41.0,67.79,3408.0
2019-01-13,275.1,60.3,201.9,161.7,41631.0,38452.0,0.0,885.0,49.0,67.79,3294.0
2019-01-14,275.1,66.9,210.7,159.1,43829.0,39005.0,0.0,899.0,50.0,71.69,3279.0
2019-01-15,240.3,67.9,204.2,151.4,41559.0,35876.0,33.0,842.0,41.0,70.92,3285.0
2019-01-16,227.9,67.1,212.2,151.2,41302.0,37304.0,0.0,838.0,38.0,72.8,3326.0
2019-01-17,238.1,66.3,215.5,157.0,41461.0,38123.0,0.0,861.0,34.0,72.66,3362.0
2019-01-18,265.1,66.4,215.6,163.4,43659.0,40171.0,0.0,899.0,42.0,71.08,3413.0
2019-01-19,268.0,66.1,211.7,165.2,43627.0,39718.0,0.0,900.0,39.0,70.26,3399.0
2019-01-20,264.6,58.8,197.4,163.4,41436.0,37336.0,83.0,872.0,50.0,71.67,3298.0
2019-01-21,278.2,62.7,211.9,165.2,43310.0,40318.0,60.0,907.0,42.0,76.36,3304.0
2019-01-22,281.6,63.9,216.2,166.6,42848.0,40841.0,-231.0,920.0,21.0,74.59,3248.0
2019-01-23,289.8,65.1,216.0,167.5,43477.0,41182.0,0.0,931.0,20.0,70.78,3341.0
2019-01-24,294.9,66.6,218.7,169.7,43917.0,41818.0,0.0,941.0,26.0,66.73,3338.0
2019-01-25,298.9,68.3,219.4,169.7,43962.0,41392.0,0.0,940.0,24.0,58.15,3293.0
2019-01-26,283.2,64.6,202.8,168.6,41362.0,38501.0,0.0,883.0,19.0,47.22,3087.0
2019-01-27,272.9,61.2,197.3,162.7,40674.0,36696.0,0.0,841.0,26.0,38.54,3081.0
2019-01-28,295.0,68.8,205.3,149.2,40635.0,40273.0,0.0,867.0,39.0,40.89,3247.0
2019-01-29,297.2,70.1,204.5,148.1,41182.0,40892.0,0.0,884.0,36.0,64.11,3302.0
2019-01-30,304.7,70.9,211.1,151.5,42273.0,41557.0,0.0,908.0,46.0,76.07,3354.0
2019-01-31,301.5,70.8,213.0,150.5,42277.0,41277.0,0.0,910.0,56.0,75.52,3353.0
2019-02-01,302.2,70.6,217.6,159.5,43285.0,41279.0,0.0,925.0,42.0,69.78,3345.0
2019-02-02,294.6,70.2,212.9,160.8,42446.0,40549.0,0.0,915.0,37.0,73.36,3341.0
2019-02-03,282.4,64.3,200.4,159.1,40899.0,38621.0,0.0,885.0,54.0,76.11,3246.0
2019-02-04,296.5,71.1,213.1,164.0,42736.0,41240.0,0.0,926.0,78.0,73.92,3341.0
2019-02-05,303.4,73.6,218.6,166.7,43842.0,41679.0,0.0,949.0,59.0,70.46,3421.0
2019-02-06,310.3,74.5,223.4,165.9,44550.0,42018.0,0.0,965.0,43.0,73.29,3415.0
2019-02-07,311.4,74.9,223.3,169.2,44739.0,42665.0,0.0,974.0,35.0,67.36,3298.0
2019-02-08,318.9,74.8,229.9,172.9,45502.0,42960.0,0.0,993.0,23.0,67.34,3309.0
2019-02-09,313.6,73.4,215.2,172.6,43585.0,42040.0,0.0,968.0,27.0,68.78,3288.0
2019-02-10,291.0,66.6,205.1,167.2,39689.0,38504.0,0.0,919.0,37.0,70.43,3211.0
2019-02-11,301.7,72.9,207.9,172.2,43593.0,42556.0,0.0,953.0,70.0,68.11,3325.0
2019-02-12,309.9,73.2,212.3,174.8,44216.0,43588.0,0.0,971.0,97.0,73.29,3398.0
2019-02-13,310.6,74.3,219.5,174.5,44298.0,42912.0,0.0,979.0,75.0,77.87,3417.0
2019-02-14,313.9,74.8,223.2,174.2,44285.0,42988.0,0.0,988.0,53.0,79.87,3384.0
2019-02-15,321.4,75.9,226.2,175.9,45366.0,42783.0,50.0,999.0,29.0,73.15,3352.0
2019-02-16,315.8,76.1,226.8,178.1,43515.0,42852.0,0.0,994.0,24.0,77.56,3317.0
2019-02-17,301.0,70.1,210.2,184.3,42520.0,40190.0,0.0,967.0,43.0,79.19,3268.0
2019-02-18,319.7,72.7,220.3,190.1,45767.0,44082.0,0.0,1006.0,32.0,79.97,3361.0
2019-02-19,330.9,75.2,233.1,192.8,46825.0,44514.0,0.0,1043.0,26.0,73.52,3439.0
2019-02-20,326.0,76.6,234.9,187.7,45635.0,45069.0,83.0,1038.0,71.0,75.5,3456.0
2019-02-21,323.0,76.9,231.5,193.6,46241.0,44039.0,0.0,1038.0,66.0,81.99,3488.0
2019-02-22,321.0,75.1,229.0,192.6,46175.0,44410.0,0.0,1038.0,70.0,82.65,3511.0
2019-02-23,318.7,74.0,228.6,191.9,45410.0,43385.0,0.0,1032.0,56.0,84.06,3498.0
2019-02-24,294.7,68.0,215.4,190.2,43329.0,41271.0,0.0,985.0,42.0,82.55,3376.0
2019-02-25,318.5,75.2,235.1,190.1,46425.0,44943.0,0.0,1044.0,26.0,81.89,3440.0
2019-02-26,327.6,77.1,234.5,194.2,46425.0,44555.0,0.0,1060.0,37.0,78.89,3448.0
2019-02-27,332.8,78.2,237.7,199.6,48081.0,45059.0,0.0,1076.0,34.0,74.37,3424.0
2019-02-28,335.5,77.8,246.3,196.8,47368.0,45421.0,0.0,1080.0,37.0,76.98,3423.0
2019-03-01,340.9,77.0,251.6,192.9,48258.0,44951.0,0.0,1089.0,25.0,77.84,3489.0
2019-03-02,334.6,77.6,247.3,190.8,47438.0,44947.0,0.0,1073.0,55.0,74.57,3465.0
2019-03-03,312.9,71.5,222.6,189.7,44330.0,42215.0,0.0,1022.0,25.0,77.39,3287.0
2019-03-04,334.5,76.4,237.1,190.0,48346.0,44293.0,0.0,1067.0,29.0,76.59,3418.0
2019-03-05,343.9,78.9,239.4,192.6,47875.0,45762.0,0.0,1089.0,44.0,82.46,3490.0
2019-03-06,344.3,79.2,242.5,193.0,47994.0,45628.0,0.0,1085.0,46.0,84.81,3506.0
2019-03-07,347.7,79.5,240.4,201.0,48336.0,45489.0,0.0,1096.0,37.0,84.04,3553.0
2019-03-08,349.0,80.4,243.4,199.4,48586.0,45612.0,0.0,1103.0,32.0,80.38,3570.0
2019-03-09,344.7,78.3,244.0,197.4,49454.0,45059.0,50.0,1087.0,23.0,75.83,3534.0
2019-03-10,319.5,72.3,231.5,195.0,45208.0,42803.0,0.0,1046.0,24.0,73.98,3448.0
2019-03-11,340.7,79.9,244.2,196.6,47913.0,46561.0,218.0,1093.0,29.0,79.89,3568.0
2019-03-12,343.0,80.8,248.9,199.2,48675.0,45241.0,0.0,1101.0,36.0,80.35,3628.0
2019-03-13,340.0,80.7,247.0,198.1,47649.0,46415.0,0.0,1095.0,39.0,81.85,3622.0
2019-03-14,341.4,81.2,247.8,197.4,48463.0,47162.0,0.0,1104.0,44.0,83.52,3582.0
2019-03-15,340.8,80.9,249.9,197.4,47682.0,46148.0,0.0,1107.0,46.0,84.08,3580.0
2019-03-16,339.5,79.8,242.1,196.6,46993.0,45912.0,0.0,1095.0,57.0,84.38,3593.0
2019-03-17,313.3,73.9,230.0,192.0,44430.0,43170.0,0.0,1041.0,38.0,85.27,3465.0
2019-03-18,338.2,80.3,247.7,192.4,47710.0,46726.0,130.0,1092.0,30.0,85.4,3564.0
2019-03-19,348.0,83.3,252.8,196.9,48410.0,46861.0,0.0,1119.0,29.0,82.15,3659.0
2019-03-20,349.7,83.3,250.4,197.8,48650.0,47047.0,0.0,1121.0,30.0,76.48,3614.0
2019-03-21,339.8,81.4,247.6,193.1,46546.0,45714.0,0.0,1087.0,27.0,81.68,3268.0
2019-03-22,347.6,82.2,248.4,196.4,48746.0,47572.0,0.0,1108.0,24.0,81.55,3413.0
2019-03-23,349.2,82.6,249.4,200.7,48665.0,46483.0,0.0,1115.0,26.0,80.6,3547.0
2019-03-24,328.1,77.5,240.6,195.8,46666.0,42644.0,0.0,1072.0,26.0,80.75,3516.0
2019-03-25,345.9,84.7,252.5,197.7,48693.0,46648.0,0.0,1113.0,30.0,59.56,3644.0
2019-03-26,341.9,86.3,273.3,197.6,49162.0,47131.0,0.0,1137.0,35.0,83.78,3677.0
2019-03-27,350.1,86.4,256.3,198.1,48886.0,46904.0,0.0,1126.0,27.0,82.39,3717.0
2019-03-28,346.0,86.7,254.3,198.8,49026.0,46713.0,182.0,1120.0,22.0,82.84,3734.0
2019-03-29,351.1,86.5,255.8,199.6,49648.0,47147.0,0.0,1129.0,28.0,82.79,3792.0
2019-03-30,349.3,85.9,253.5,200.4,48696.0,46363.0,0.0,1127.0,31.0,82.41,3795.0
2019-03-31,327.0,79.3,232.7,196.7,45668.0,43187.0,0.0,1063.0,39.0,83.87,3591.0
2019-04-01,342.7,84.7,243.7,195.1,48261.0,46230.0,0.0,1093.0,37.0,82.06,3652.0
2019-04-02,350.4,85.3,247.8,195.8,48994.0,46949.0,0.0,1113.0,31.0,78.96,3761.0
2019-04-03,357.3,86.4,248.6,196.5,49005.0,47984.0,0.0,1125.0,33.0,79.69,3827.0
2019-04-04,356.9,84.7,246.5,197.6,48329.0,46189.0,-83.0,1114.0,33.0,80.41,3851.0
2019-04-05,355.1,83.9,242.8,197.3,47768.0,46222.0,0.0,1100.0,36.0,82.36,3816.0
2019-04-06,353.5,85.1,226.7,186.1,44553.0,43116.0,0.0,1067.0,25.0,82.17,3728.0
2019-04-07,323.7,78.7,218.6,181.9,42680.0,41607.0,248.0,1008.0,26.0,78.57,3483.0
2019-04-08,349.6,85.7,235.1,191.4,45959.0,44644.0,0.0,1074.0,39.0,78.47,3660.0
2019-04-09,359.6,84.8,228.9,194.1,48068.0,45307.0,0.0,1083.0,46.0,79.28,3731.0
2019-04-10,362.8,84.0,233.5,195.9,47962.0,45481.0,0.0,1091.0,35.0,84.48,3773.0
2019-04-11,362.1,86.4,234.8,175.0,46807.0,44531.0,0.0,1060.0,36.0,81.47,3800.0
2019-04-12,365.4,87.3,239.3,192.0,48479.0,45280.0,0.0,1083.0,29.0,85.15,3837.0
2019-04-13,361.5,88.6,237.8,191.0,47693.0,45732.0,0.0,1075.0,36.0,86.99,3809.0
2019-04-14,332.8,83.3,223.6,192.4,45337.0,42470.0,0.0,1038.0,29.0,85.72,3688.0
2019-04-15,352.6,83.0,243.1,193.5,47705.0,45381.0,0.0,1076.0,34.0,89.66,3787.0
2019-04-16,362.1,87.3,249.3,193.9,48572.0,45877.0,0.0,1095.0,35.0,87.23,3581.0
2019-04-17,360.3,82.4,241.5,193.9,47707.0,43897.0,0.0,1076.0,32.0,78.04,3397.0
2019-04-18,306.4,76.5,217.0,195.6,43535.0,39753.0,0.0,989.0,37.0,84.79,3455.0
2019-04-19,329.0,69.2,220.7,193.5,45026.0,41839.0,0.0,994.0,41.0,84.3,3511.0
2019-04-20,330.5,74.9,228.6,187.8,44437.0,40518.0,0.0,999.0,35.0,84.67,3586.0
2019-04-21,304.2,69.5,216.0,178.1,41297.0,39063.0,0.0,941.0,33.0,84.66,3484.0
2019-04-22,324.7,79.3,235.4,177.6,44882.0,40828.0,0.0,987.0,38.0,85.17,3675.0
2019-04-23,323.2,68.5,230.6,178.2,43302.0,42232.0,0.0,974.0,31.0,86.48,3717.0
2019-04-24,337.7,77.4,233.1,186.1,45072.0,43941.0,0.0,1014.0,32.0,87.68,3821.0
2019-04-25,342.2,78.4,241.9,189.3,45342.0,44505.0,0.0,1037.0,40.0,91.54,3936.0
2019-04-26,350.1,81.5,246.0,190.7,46265.0,44662.0,80.0,1057.0,28.0,87.18,3976.0
2019-04-27,352.2,84.3,236.5,193.3,46785.0,43411.0,20.0,1052.0,30.0,79.61,3937.0
2019-04-28,325.7,79.3,219.1,189.0,43377.0,40163.0,0.0,992.0,31.0,74.73,3804.0
2019-04-29,340.6,82.3,230.1,194.9,46275.0,42381.0,0.0,1032.0,56.0,73.71,3954.0
2019-04-30,332.7,79.5,214.8,193.7,45273.0,42302.0,0.0,1007.0,124.0,74.31,3948.0
2019-05-01,298.4,74.8,180.6,176.4,38998.0,38357.0,0.0,898.0,147.0,68.03,3742.0
2019-05-02,330.0,80.7,209.6,172.4,43617.0,42719.0,0.0,965.0,166.0,81.48,3794.0
2019-05-03,347.2,81.9,223.4,181.0,44301.0,43853.0,0.0,1010.0,167.0,90.23,3694.0
2019-05-04,346.6,80.8,224.5,189.4,43488.0,42914.0,20.0,1019.0,147.0,87.88,3711.0
2019-05-05,329.5,75.3,215.5,189.8,42521.0,40659.0,0.0,982.0,68.0,85.19,3648.0
2019-05-06,349.6,84.4,236.2,196.6,46206.0,44591.0,0.0,1045.0,54.0,85.89,3857.0
2019-05-07,343.7,86.1,226.9,196.5,45995.0,42109.0,0.0,1037.0,140.0,84.5,3932.0
2019-05-08,330.9,84.0,220.8,195.6,44804.0,42532.0,0.0,1014.0,154.0,80.74,3971.0
2019-05-09,332.9,83.1,228.3,201.7,46096.0,44044.0,30.0,1027.0,121.0,87.76,4009.0
2019-05-10,342.2,83.6,236.2,205.0,46848.0,44232.0,0.0,1051.0,55.0,86.07,4024.0
2019-05-11,352.7,84.6,232.3,199.1,46446.0,42729.0,0.0,1045.0,75.0,79.78,3977.0
2019-05-12,326.3,78.8,214.9,194.3,42781.0,40886.0,50.0,978.0,59.0,76.73,3825.0
2019-05-13,341.5,85.3,219.6,193.3,44965.0,42029.0,30.0,1016.0,105.0,82.08,3884.0
2019-05-14,344.4,85.1,223.6,197.0,45048.0,43465.0,30.0,1029.0,113.0,80.76,3867.0
2019-05-15,339.4,84.6,225.7,196.7,45156.0,41474.0,65.0,1026.0,85.0,81.7,3877.0
2019-05-16,343.8,83.4,225.0,197.6,45349.0,44172.0,25.0,1029.0,58.0,85.19,3892.0
2019-05-17,348.3,83.6,222.2,197.4,45058.0,43299.0,30.0,1037.0,72.0,81.99,3874.0
2019-05-18,335.7,81.5,220.9,197.7,44282.0,43627.0,20.0,1018.0,48.0,84.63,3808.0
2019-05-19,320.9,78.2,211.5,196.5,43101.0,41345.0,0.0,982.0,52.0,81.98,3772.0
2019-05-20,348.9,85.2,225.8,193.1,46624.0,43436.0,66.0,1034.0,42.0,85.55,3971.0
2019-05-21,359.7,86.8,221.7,201.7,45275.0,42436.0,0.0,1052.0,59.0,79.19,4053.0
2019-05-22,364.0,87.7,219.4,202.5,47477.0,43385.0,0.0,1054.0,42.0,84.75,4051.0
2019-05-23,365.3,89.4,218.9,202.5,47298.0,42143.0,-50.0,1060.0,61.0,78.07,4091.0
2019-05-24,355.5,82.8,205.3,199.9,46159.0,43082.0,25.0,1025.0,66.0,84.12,3944.0
2019-05-25,351.6,81.2,194.1,201.0,44913.0,42508.0,0.0,1009.0,97.0,88.22,3918.0
2019-05-26,328.3,77.8,176.0,199.1,41625.0,39967.0,0.0,961.0,122.0,87.67,3836.0
2019-05-27,345.5,85.6,194.9,197.0,45914.0,43142.0,0.0,1008.0,86.0,85.15,4025.0
2019-05-28,356.2,88.1,214.1,201.0,45419.0,44278.0,0.0,1051.0,90.0,84.4,4124.0
2019-05-29,345.2,79.6,206.3,197.1,45949.0,43693.0,0.0,1024.0,72.0,83.22,4129.0
2019-05-30,349.5,85.1,213.1,183.2,45295.0,43549.0,0.0,1018.0,74.0,75.67,4145.0
2019-05-31,343.0,84.1,212.7,196.3,45233.0,43386.0,0.0,1027.0,90.0,81.61,4112.0
2019-06-01,336.8,81.7,198.9,197.3,44420.0,44145.0,0.0,994.0,109.0,75.77,4002.0
2019-06-02,313.7,77.6,184.8,194.2,41482.0,36710.0,0.0,946.0,126.0,82.43,3949.0
2019-06-03,328.4,79.6,175.5,174.6,41099.0,40212.0,0.0,921.0,143.0,73.29,3922.0
2019-06-04,343.5,82.5,197.4,183.4,43443.0,42188.0,0.0,971.0,127.0,79.28,4028.0
2019-06-05,324.2,75.9,199.3,193.4,43436.0,39873.0,0.0,970.0,67.0,85.29,4093.0
2019-06-06,331.6,77.8,175.5,184.1,41570.0,38749.0,20.0,939.0,69.0,81.66,4020.0
2019-06-07,339.9,79.1,179.1,187.5,42733.0,40973.0,0.0,955.0,100.0,80.67,3970.0
2019-06-08,337.3,78.7,180.8,187.2,42114.0,41190.0,800.0,937.0,84.0,69.5,4000.0
2019-06-09,312.0,65.8,173.7,189.7,39028.0,37481.0,0.0,905.0,72.0,81.29,3943.0
2019-06-11,332.0,67.2,185.6,191.0,43328.0,42951.0,0.0,954.0,139.0,82.56,4124.0
2019-06-12,337.6,64.6,179.2,197.3,42376.0,42001.0,0.0,957.0,166.0,77.66,3944.0
2019-06-13,338.7,64.5,178.9,198.4,41543.0,41428.0,0.0,958.0,176.0,66.96,3897.0
2019-06-14,339.2,69.0,190.3,198.7,43163.0,43115.0,0.0,976.0,156.0,81.14,4093.0
2019-06-15,332.9,71.9,198.1,201.8,42970.0,42954.0,0.0,982.0,171.0,89.1,4056.0
2019-06-16,330.6,69.0,192.8,197.6,42151.0,40011.0,0.0,965.0,178.0,86.75,3848.0
2019-06-17,347.5,75.0,218.2,193.4,43490.0,42282.0,-30.0,1009.0,188.0,87.08,3944.0
2019-06-18,354.1,75.8,217.5,197.0,44640.0,44039.0,0.0,1025.0,175.0,87.09,3842.0
2019-06-19,355.5,73.3,218.4,204.0,44882.0,43838.0,0.0,1033.0,204.0,86.96,3940.0
2019-06-20,348.5,72.0,218.4,195.3,43653.0,41807.0,0.0,1014.0,195.0,79.47,3960.0
2019-06-21,349.6,71.0,218.9,187.1,43100.0,41476.0,0.0,993.0,159.0,65.59,3994.0
2019-06-22,336.7,66.7,203.3,183.0,41736.0,40445.0,0.0,949.0,148.0,61.45,3897.0
2019-06-23,310.1,63.4,182.3,169.6,37870.0,36925.0,0.0,879.0,113.0,62.79,3755.0
2019-06-24,329.9,71.4,191.5,176.2,42065.0,41707.0,0.0,929.0,110.0,71.54,3874.0
2019-06-25,347.7,73.2,199.2,178.1,42069.0,41490.0,0.0,963.0,137.0,75.14,3991.0
2019-06-26,330.3,74.2,198.1,179.0,41038.0,40660.0,0.0,952.0,171.0,67.37,4011.0
2019-06-27,334.0,75.9,198.2,178.2,41064.0,41658.0,0.0,960.0,192.0,75.99,4027.0
2019-06-28,337.3,76.1,195.2,185.0,41401.0,42562.0,0.0,966.0,214.0,70.71,4008.0
2019-06-29,339.7,77.2,191.8,184.6,39835.0,41010.0,0.0,949.0,201.0,62.52,3974.0
2019-06-30,319.5,70.3,170.3,174.3,37372.0,36707.0,0.0,879.0,173.0,55.52,3812.0
2019-07-01,334.9,76.4,184.6,169.9,40582.0,40454.0,0.0,919.0,184.0,58.93,3902.0
2019-07-02,339.7,77.1,192.6,171.9,41139.0,40595.0,0.0,936.0,190.0,62.4,3864.0
2019-07-03,342.8,75.2,195.9,171.4,42069.0,42143.0,0.0,940.0,203.0,68.37,3905.0
2019-07-04,346.7,73.4,195.4,179.4,42408.0,42025.0,0.0,957.0,192.0,73.58,3898.0
2019-07-05,347.2,72.8,191.5,169.3,45263.0,41059.0,0.0,943.0,195.0,61.02,3807.0
2019-07-06,336.3,72.7,183.5,179.4,41368.0,41051.0,0.0,932.0,197.0,59.9,3700.0
2019-07-07,317.2,65.4,172.9,175.1,38415.0,38126.0,0.0,887.0,197.0,64.7,3562.0
2019-07-08,336.8,69.2,188.5,182.5,41883.0,41957.0,0.0,942.0,208.0,73.66,3761.0
2019-07-09,338.4,68.6,195.2,188.4,41991.0,40625.0,99.0,963.0,205.0,66.78,3721.0
2019-07-10,327.8,66.1,188.8,185.9,40634.0,39725.0,0.0,944.0,191.0,70.15,3750.0
2019-07-11,327.2,67.2,190.0,187.1,41263.0,40459.0,0.0,943.0,175.0,68.3,3734.0
2019-07-12,334.7,70.1,196.5,189.0,43533.0,41492.0,0.0,968.0,117.0,72.77,3810.0
2019-07-13,322.9,72.2,196.1,184.1,43533.0,39757.0,0.0,950.0,128.0,75.61,3816.0
2019-07-14,294.6,65.6,182.3,171.8,38879.0,37939.0,0.0,891.0,134.0,74.76,3666.0
2019-07-15,303.6,70.0,194.8,172.3,41293.0,40667.0,0.0,923.0,166.0,75.62,3763.0
2019-07-16,312.7,70.0,201.1,178.1,42647.0,41780.0,20.0,952.0,143.0,79.51,3749.0
2019-07-17,324.5,69.2,202.6,181.9,42763.0,41446.0,0.0,972.0,126.0,73.05,3810.0
2019-07-18,318.3,66.6,199.3,179.2,42999.0,40413.0,0.0,955.0,141.0,67.69,3884.0
2019-07-19,308.9,61.3,195.4,169.0,41311.0,38792.0,0.0,924.0,152.0,61.26,3903.0
2019-07-20,291.4,60.5,186.6,165.5,39679.0,39760.0,0.0,878.0,147.0,60.43,3871.0
2019-07-21,282.4,56.0,168.0,164.9,35489.0,36766.0,281.0,848.0,149.0,68.94,3749.0
2019-07-22,297.9,60.0,171.9,165.3,37196.0,39735.0,0.0,887.0,147.0,64.79,3928.0
2019-07-23,299.0,60.7,164.5,168.2,38884.0,39146.0,0.0,891.0,142.0,64.24,4008.0
2019-07-24,312.3,62.7,172.9,175.2,41828.0,41803.0,0.0,930.0,172.0,62.62,3993.0
2019-07-25,312.5,65.7,163.7,174.1,40018.0,40533.0,0.0,923.0,144.0,60.93,3758.0
2019-07-26,300.7,65.6,174.8,158.7,38104.0,39171.0,0.0,882.0,152.0,45.01,3641.0
2019-07-27,305.3,66.3,165.4,154.9,34499.0,38701.0,0.0,868.0,154.0,46.33,3511.0
2019-07-28,284.4,62.2,160.8,151.0,32798.0,35774.0,0.0,827.0,162.0,39.55,3378.0
2019-07-29,301.4,68.5,175.2,155.2,38138.0,39844.0,0.0,869.0,182.0,45.44,3544.0
2019-07-30,313.9,70.3,167.1,161.8,38696.0,40041.0,0.0,877.0,163.0,47.3,3623.0
2019-07-31,321.5,71.6,182.5,169.9,41935.0,40565.0,0.0,923.0,176.0,75.28,3667.0
2019-08-01,325.8,72.6,185.0,166.0,41209.0,39684.0,100.0,929.0,214.0,63.11,3701.0
2019-08-02,325.4,72.4,184.7,153.9,39888.0,39245.0,150.0,897.0,224.0,37.79,3629.0
2019-08-03,311.5,72.1,179.9,153.3,38239.0,37586.0,0.0,869.0,191.0,49.06,3564.0
2019-08-04,295.3,65.5,157.5,152.6,35897.0,35781.0,0.0,829.0,188.0,50.81,3486.0
2019-08-05,309.9,68.3,170.9,158.1,38487.0,37690.0,0.0,881.0,209.0,54.92,3705.0
2019-08-06,307.6,64.1,155.7,155.1,38550.0,38007.0,0.0,851.0,200.0,45.97,3609.0
2019-08-07,301.8,57.0,150.1,153.5,36698.0,35973.0,0.0,826.0,203.0,43.37,3495.0
2019-08-08,299.7,47.1,145.9,154.8,36170.0,36165.0,0.0,813.0,197.0,44.07,3495.0
2019-08-09,295.4,41.6,145.6,170.0,36461.0,36708.0,0.0,832.0,197.0,52.08,3499.0
2019-08-10,296.4,46.5,142.7,174.8,37724.0,37935.0,0.0,852.0,211.0,60.59,3574.0
2019-08-11,277.9,47.9,141.4,181.5,35739.0,36209.0,50.0,846.0,186.0,67.15,3585.0
2019-08-12,306.7,55.0,154.5,186.0,39549.0,38963.0,0.0,907.0,188.0,69.7,3751.0
2019-08-13,312.4,58.6,160.5,183.4,47380.0,39214.0,0.0,915.0,173.0,63.01,3693.0
2019-08-14,306.8,59.4,161.3,183.6,40996.0,39528.0,0.0,920.0,170.0,64.8,3639.0
2019-08-15,286.0,58.1,149.9,184.7,37797.0,37141.0,0.0,876.0,148.0,67.9,3323.0
2019-08-16,301.6,62.5,164.2,183.3,42117.0,40121.0,0.0,932.0,140.0,77.32,3502.0
2019-08-17,272.1,63.8,158.1,174.0,40659.0,38192.0,0.0,894.0,78.0,65.76,3432.0
2019-08-18,260.2,60.0,142.7,164.1,38368.0,36364.0,0.0,851.0,64.0,44.22,3275.0
2019-08-19,282.0,65.6,158.5,164.3,39052.0,38953.0,0.0,896.0,61.0,77.41,3494.0
2019-08-20,281.3,67.4,160.1,161.9,39338.0,39087.0,0.0,896.0,103.0,60.84,3643.0
2019-08-21,283.3,67.2,169.0,159.9,39772.0,38831.0,0.0,905.0,150.0,64.05,3736.0
2019-08-22,279.8,65.7,168.4,160.9,38740.0,38672.0,0.0,886.0,144.0,68.1,3726.0
2019-08-23,284.2,63.9,168.0,164.7,38156.0,38017.0,0.0,882.0,171.0,66.0,3769.0
2019-08-24,284.2,64.6,160.0,165.4,38893.0,38189.0,0.0,893.0,169.0,76.31,3690.0
2019-08-25,261.3,58.4,155.9,166.8,36654.0,35978.0,0.0,862.0,158.0,79.28,3537.0
2019-08-26,284.8,62.9,172.7,175.5,40622.0,39917.0,50.0,922.0,166.0,81.31,3708.0
2019-08-27,302.4,63.4,182.3,184.6,42952.0,41494.0,0.0,966.0,151.0,83.39,3859.0
2019-08-28,312.0,61.7,186.2,187.2,44222.0,41363.0,0.0,991.0,134.0,78.31,3942.0
2019-08-29,310.8,65.6,191.8,194.8,45311.0,41733.0,0.0,1013.0,141.0,77.93,4004.0
2019-08-30,307.0,65.6,192.7,190.4,45369.0,41436.0,33.0,1004.0,170.0,74.06,3986.0
2019-08-31,303.6,66.1,184.8,182.7,41314.0,40406.0,75.0,951.0,176.0,56.4,3925.0
2019-09-01,278.7,60.2,172.1,167.9,36825.0,36358.0,0.0,857.0,133.0,48.2,3637.0
2019-09-02,276.8,64.9,171.9,157.2,37651.0,35835.0,0.0,840.0,133.0,59.39,3650.0
2019-09-03,286.3,65.9,174.9,153.6,38055.0,38122.0,0.0,856.0,159.0,51.84,3751.0
2019-09-04,291.3,65.2,172.6,159.4,39289.0,39067.0,0.0,871.0,166.0,55.18,3745.0
2019-09-05,296.9,65.1,170.5,163.6,40625.0,40411.0,0.0,894.0,187.0,61.82,3754.0
2019-09-06,303.7,65.5,179.2,167.9,40850.0,40437.0,0.0,918.0,205.0,56.81,3793.0
2019-09-07,307.3,67.0,177.7,169.6,40734.0,39784.0,0.0,918.0,192.0,61.65,3770.0
2019-09-08,290.2,62.6,167.9,169.7,38935.0,38239.0,33.0,886.0,176.0,60.01,3629.0
2019-09-09,318.2,67.1,187.0,181.9,42785.0,42190.0,0.0,963.0,186.0,76.18,3807.0
2019-09-10,329.9,64.5,191.6,186.9,44606.0,41016.0,0.0,988.0,157.0,76.36,3893.0
2019-09-11,313.2,58.9,189.5,186.6,42565.0,40247.0,49.0,963.0,124.0,75.37,3892.0
2019-09-12,289.2,61.2,194.7,183.0,40851.0,39181.0,0.0,935.0,126.0,63.51,3810.0
2019-09-13,291.4,65.2,193.9,184.5,41938.0,40188.0,0.0,941.0,105.0,73.47,3777.0
2019-09-14,288.8,67.2,190.9,180.5,41066.0,39879.0,0.0,935.0,95.0,73.62,3778.0
2019-09-15,262.3,63.1,185.5,175.6,37602.0,37711.0,0.0,882.0,98.0,70.25,3672.0
2019-09-16,276.8,67.7,188.3,172.8,41005.0,39574.0,0.0,913.0,108.0,61.67,3806.0
2019-09-17,274.6,69.2,179.8,162.7,40389.0,39308.0,0.0,888.0,95.0,48.23,3749.0
2019-09-18,282.1,68.4,177.7,159.2,40250.0,39955.0,0.0,856.0,88.0,47.55,3651.0
2019-09-19,277.0,68.6,171.9,153.8,39229.0,38283.0,0.0,846.0,74.0,50.59,3633.0
2019-09-20,287.2,70.0,177.6,152.4,39140.0,39016.0,0.0,860.0,81.0,62.24,3695.0
2019-09-21,282.9,70.3,180.1,159.3,39343.0,38700.0,70.0,867.0,54.0,76.31,3674.0
2019-09-22,264.6,66.3,169.8,156.6,36847.0,36783.0,0.0,834.0,23.0,60.26,3432.0
2019-09-23,280.4,71.4,177.3,158.1,39614.0,39160.0,0.0,874.0,26.0,71.18,3559.0
2019-09-24,282.4,70.2,158.3,153.1,39212.0,38776.0,0.0,841.0,21.0,59.1,3521.0
2019-09-25,282.3,68.8,159.2,153.9,38159.0,37251.0,0.0,825.0,31.0,65.78,3457.0
2019-09-26,280.9,68.1,154.8,147.7,38101.0,37759.0,0.0,813.0,35.0,63.34,3377.0
2019-09-27,293.5,70.2,164.7,149.7,39290.0,37881.0,0.0,834.0,16.0,75.92,3306.0
2019-09-28,291.6,71.3,163.0,154.2,37732.0,36728.0,0.0,848.0,13.0,78.1,3187.0
2019-09-29,274.7,65.1,156.0,160.0,36837.0,36075.0,0.0,829.0,12.0,79.23,2996.0
2019-09-30,280.4,67.9,173.6,163.0,37982.0,37630.0,0.0,860.0,14.0,78.89,3131.0
2019-10-01,290.8,68.9,176.0,168.8,39944.0,39193.0,0.0,886.0,17.0,81.56,3223.0
2019-10-02,270.5,67.4,157.0,167.7,38869.0,37446.0,0.0,836.0,11.0,71.67,3147.0
2019-10-03,298.4,69.9,163.5,168.1,39767.0,38789.0,0.0,881.0,13.0,71.63,3310.0
2019-10-04,314.1,72.4,162.4,164.9,40573.0,39159.0,0.0,899.0,16.0,79.23,3337.0
2019-10-05,305.9,69.6,156.7,163.3,39677.0,37670.0,0.0,881.0,8.0,79.45,3337.0
2019-10-06,288.7,64.2,138.7,160.7,36582.0,36329.0,0.0,834.0,11.0,66.36,3247.0
2019-10-07,268.8,66.3,136.3,158.5,35859.0,35653.0,0.0,813.0,20.0,58.89,3231.0
2019-10-08,288.2,68.7,137.1,154.8,36551.0,36059.0,0.0,821.0,8.0,72.48,3085.0
2019-10-09,312.9,72.1,145.7,158.4,38417.0,38805.0,0.0,864.0,9.0,70.21,3266.0
2019-10-10,318.7,71.7,153.5,159.6,39665.0,38863.0,0.0,880.0,6.0,66.99,3391.0
2019-10-11,323.6,70.2,156.5,159.1,39825.0,39492.0,0.0,884.0,6.0,63.67,3436.0
2019-10-12,320.9,68.6,155.1,160.6,39391.0,38538.0,0.0,874.0,7.0,70.65,3415.0
2019-10-13,284.9,62.8,147.2,162.2,36232.0,35554.0,0.0,829.0,12.0,71.08,3309.0
2019-10-14,301.2,68.7,160.2,165.1,41458.0,40056.0,0.0,879.0,20.0,77.44,3458.0
2019-10-15,292.1,69.6,160.7,164.4,40745.0,38764.0,0.0,874.0,25.0,64.07,3486.0
2019-10-16,282.1,67.7,158.1,156.5,39840.0,38122.0,0.0,853.0,28.0,51.42,3470.0
2019-10-17,266.3,67.4,161.8,152.3,39151.0,37351.0,0.0,828.0,24.0,60.91,3473.0
2019-10-18,276.9,67.9,162.5,154.9,39797.0,37804.0,0.0,833.0,26.0,61.52,3419.0
2019-10-19,264.2,67.0,154.6,155.4,37392.0,35874.0,0.0,796.0,27.0,67.21,3312.0
2019-10-20,249.8,61.8,138.3,149.7,33629.0,33073.0,0.0,749.0,19.0,62.49,3134.0
2019-10-21,253.7,63.3,146.0,152.5,36764.0,36707.0,0.0,766.0,20.0,49.37,3143.0
2019-10-22,257.5,65.9,146.2,146.7,36323.0,35962.0,0.0,770.0,20.0,53.6,3180.0
2019-10-23,262.0,65.6,147.4,144.4,37040.0,35538.0,0.0,773.0,42.0,58.66,3155.0
2019-10-24,259.4,65.1,147.2,146.6,36786.0,35732.0,0.0,771.0,46.0,55.39,3093.0
2019-10-25,266.0,64.9,141.8,151.4,37436.0,35635.0,0.0,781.0,52.0,56.17,3064.0
2019-10-26,241.5,62.4,140.1,149.8,34664.0,33691.0,0.0,750.0,37.0,50.89,2944.0
2019-10-27,195.7,57.2,132.6,146.1,31110.0,29524.0,0.0,679.0,11.0,53.75,2702.0
2019-10-28,201.2,64.6,128.2,152.8,33695.0,32972.0,0.0,697.0,21.0,52.95,2635.0
2019-10-29,218.6,64.4,133.8,156.7,34525.0,33581.0,50.0,725.0,40.0,56.51,2757.0
2019-10-30,221.8,63.5,136.9,149.8,35143.0,34740.0,0.0,724.0,53.0,40.15,2858.0
2019-10-31,230.7,60.6,146.8,148.7,35825.0,34052.0,0.0,741.0,59.0,47.35,2957.0
2019-11-01,245.8,62.3,121.0,153.8,36336.0,34965.0,0.0,740.0,23.0,60.98,3003.0
2019-11-02,253.6,65.0,142.8,155.2,37245.0,35307.0,0.0,774.0,8.0,72.58,3014.0
2019-11-03,243.0,60.3,141.7,157.5,37245.0,33829.0,0.0,756.0,11.0,69.96,2916.0
2019-11-04,264.6,66.9,159.9,164.0,40069.0,37837.0,0.0,819.0,6.0,82.24,3093.0
2019-11-05,283.1,69.4,165.2,167.9,40487.0,38626.0,0.0,852.0,7.0,82.68,3147.0
2019-11-06,295.3,71.0,171.6,173.5,41372.0,38818.0,0.0,881.0,8.0,76.72,3193.0
2019-11-07,295.0,70.7,171.4,173.5,40159.0,38584.0,0.0,877.0,13.0,76.62,3101.0
2019-11-08,289.9,71.5,168.5,171.0,40134.0,38398.0,0.0,870.0,13.0,69.04,3085.0
2019-11-09,281.2,69.6,166.9,164.9,39184.0,37406.0,0.0,848.0,7.0,72.21,3064.0
2019-11-10,262.4,62.4,155.8,165.1,35935.0,34692.0,0.0,808.0,9.0,74.65,2978.0
2019-11-11,286.3,67.9,168.5,173.2,40627.0,38445.0,0.0,863.0,19.0,76.36,3135.0
2019-11-12,293.5,69.7,173.2,176.0,41704.0,38879.0,50.0,895.0,35.0,83.3,3196.0
2019-11-13,295.1,70.8,177.3,173.3,41204.0,39351.0,0.0,901.0,49.0,83.51,3213.0
2019-11-14,297.1,71.4,175.6,171.9,41285.0,39167.0,0.0,907.0,39.0,61.35,3198.0
2019-11-15,288.3,72.6,172.8,165.5,42250.0,40169.0,0.0,900.0,28.0,59.91,3193.0
2019-11-16,273.6,72.1,172.0,168.3,41907.0,39189.0,0.0,886.0,24.0,73.03,3187.0
2019-11-17,260.2,65.4,164.1,168.3,37783.0,35942.0,0.0,854.0,24.0,83.83,3082.0
2019-11-18,282.8,72.1,180.4,175.1,42146.0,39326.0,0.0,909.0,37.0,74.6,3220.0
2019-11-19,291.4,72.6,183.5,173.8,42802.0,40137.0,0.0,919.0,23.0,61.29,3264.0
2019-11-20,290.2,71.5,186.2,167.6,41810.0,39510.0,50.0,918.0,35.0,72.44,3282.0
2019-11-21,279.1,71.6,186.2,168.6,41438.0,39112.0,0.0,910.0,49.0,74.33,3290.0
2019-11-22,273.6,71.9,186.4,169.6,42177.0,39388.0,0.0,899.0,44.0,73.49,3292.0
2019-11-23,267.5,72.0,188.0,169.3,40709.0,37133.0,0.0,881.0,49.0,87.11,3255.0
2019-11-24,244.6,65.8,176.5,167.3,37330.0,34490.0,0.0,834.0,43.0,81.81,3138.0
2019-11-25,269.1,72.0,196.3,169.5,41656.0,38436.0,0.0,892.0,53.0,83.4,3268.0
2019-11-26,280.8,73.0,182.1,169.5,42067.0,38032.0,0.0,893.0,62.0,75.24,3284.0
2019-11-27,280.3,73.5,185.8,169.9,40809.0,38299.0,0.0,888.0,53.0,71.59,3270.0
2019-11-28,265.8,73.8,190.8,168.6,40848.0,37475.0,0.0,875.0,57.0,63.43,3219.0
2019-11-29,264.7,74.2,195.3,167.7,40614.0,37410.0,0.0,878.0,48.0,64.29,3246.0
2019-11-30,250.0,72.0,190.9,170.0,39492.0,35990.0,0.0,857.0,44.0,64.04,3227.0
2019-12-01,211.8,64.2,162.3,151.7,34786.0,32015.0,0.0,755.0,33.0,37.49,3025.0
2019-12-02,230.6,70.0,167.4,151.6,37003.0,35163.0,0.0,783.0,39.0,35.29,3127.0
2019-12-03,242.5,69.8,165.0,152.6,38532.0,36249.0,0.0,792.0,52.0,38.77,3167.0
2019-12-04,251.7,70.2,172.9,153.2,39248.0,36574.0,0.0,820.0,63.0,62.04,3212.0
2019-12-05,254.2,69.8,174.5,156.4,39387.0,36745.0,0.0,834.0,48.0,62.84,3252.0
2019-12-06,257.7,68.7,179.9,156.0,40421.0,36493.0,99.0,850.0,62.0,60.86,3269.0
2019-12-07,250.4,69.8,177.1,155.0,39269.0,36547.0,82.0,841.0,41.0,67.65,3235.0
2019-12-08,229.0,64.7,169.7,150.3,35801.0,33696.0,83.0,795.0,37.0,55.95,3118.0
2019-12-09,258.0,70.6,184.5,155.9,39856.0,38340.0,0.0,858.0,45.0,75.37,3253.0
2019-12-10,274.8,71.5,188.0,159.7,40969.0,38185.0,0.0,888.0,37.0,74.08,3335.0
2019-12-11,278.4,72.5,196.1,163.0,41630.0,38836.0,0.0,910.0,24.0,76.58,3360.0
2019-12-12,287.5,72.6,196.6,160.7,42590.0,38332.0,0.0,921.0,31.0,79.91,3291.0
2019-12-13,283.2,72.4,204.2,159.3,44592.0,38311.0,0.0,926.0,36.0,81.67,3132.0
2019-12-14,256.1,70.4,197.7,156.6,42336.0,36731.0,0.0,888.0,37.0,64.63,3189.0
2019-12-15,223.8,63.4,178.7,154.2,38413.0,33994.0,0.0,826.0,40.0,71.91,3075.0
2019-12-16,255.2,68.7,195.5,155.9,42541.0,38293.0,0.0,887.0,41.0,83.37,3200.0
2019-12-17,266.2,67.1,198.9,158.2,43102.0,39222.0,0.0,906.0,57.0,73.16,3273.0
2019-12-18,270.6,69.8,196.4,160.2,44135.0,38637.0,0.0,916.0,55.0,65.29,3315.0
2019-12-19,274.3,71.2,202.9,166.5,43904.0,39306.0,0.0,938.0,63.0,75.88,3357.0
2019-12-20,281.8,71.7,204.9,167.6,45670.0,39188.0,0.0,947.0,32.0,69.57,3404.0
2019-12-21,268.8,70.0,202.6,167.4,45235.0,38839.0,0.0,932.0,48.0,74.46,3381.0
2019-12-22,254.8,64.7,192.6,164.8,41907.0,36290.0,0.0,900.0,47.0,77.42,3294.0
2019-12-23,277.7,71.9,203.7,166.1,45829.0,38618.0,0.0,945.0,44.0,70.92,3420.0
2019-12-24,285.9,72.5,209.0,167.7,46530.0,39385.0,0.0,965.0,38.0,76.89,3456.0
2019-12-25,261.1,66.9,204.1,164.5,44318.0,37738.0,0.0,929.0,37.0,73.2,3416.0
2019-12-26,272.4,72.7,207.2,168.2,48582.0,39550.0,0.0,950.0,19.0,65.39,3439.0
2019-12-27,271.4,74.4,211.6,172.6,46574.0,39097.0,0.0,963.0,22.0,75.62,3468.0
2019-12-28,276.3,73.6,208.1,170.1,44758.0,38016.0,0.0,943.0,41.0,75.13,3439.0
2019-12-29,259.2,66.5,193.3,163.0,42395.0,35824.0,0.0,893.0,38.0,76.57,3346.0
2019-12-30,268.3,72.7,206.3,164.6,44383.0,38024.0,0.0,922.0,40.0,77.11,3449.0
2019-12-31,285.2,73.6,212.2,170.1,46002.0,38605.0,0.0,952.0,29.0,68.46,3480.0
2020-01-01,270.3,73.4,205.3,165.2,45046.0,36574.0,0.0,922.0,36.0,72.66,3380.0
2020-01-02,286.8,75.4,212.4,167.4,46129.0,40058.0,0.0,950.0,24.0,71.37,3383.0
2020-01-03,298.3,75.4,217.5,171.2,46349.0,40722.0,0.0,964.0,18.0,72.82,3390.0
2020-01-04,294.2,74.9,217.4,166.4,45248.0,39977.0,0.0,952.0,14.0,75.11,3388.0
2020-01-05,279.2,68.2,201.0,160.8,44155.0,37187.0,0.0,906.0,25.0,73.03,3271.0
2020-01-06,290.7,73.7,213.2,161.9,46524.0,40059.0,0.0,948.0,55.0,63.92,3397.0
2020-01-07,291.7,74.4,215.4,161.3,47471.0,39584.0,0.0,959.0,46.0,63.26,3442.0
2020-01-08,298.3,66.7,216.7,166.8,46290.0,38755.0,0.0,965.0,35.0,77.1,3391.0
2020-01-09,298.3,73.0,225.6,168.6,47068.0,41486.0,0.0,984.0,22.0,80.6,3403.0
2020-01-10,298.5,73.4,226.8,171.5,45246.0,39733.0,0.0,988.0,45.0,83.16,3455.0
2020-01-11,298.1,70.9,222.3,171.3,44389.0,39669.0,0.0,982.0,47.0,87.37,3457.0
2020-01-12,279.3,63.2,207.3,170.8,42406.0,37054.0,0.0,937.0,41.0,90.81,3364.0
2020-01-13,294.7,69.3,222.7,170.4,46174.0,39455.0,0.0,975.0,12.0,93.97,3421.0
2020-01-14,287.0,70.4,230.7,166.7,46617.0,37949.0,0.0,973.0,21.0,94.28,3376.0
2020-01-15,238.5,70.2,220.5,156.0,43453.0,33512.0,0.0,893.0,37.0,97.28,3301.0
2020-01-16,227.2,70.1,227.3,153.7,42210.0,35476.0,0.0,884.0,22.0,96.22,3265.0
2020-01-17,246.6,71.4,233.0,167.5,45589.0,38222.0,0.0,934.0,23.0,91.3,3349.0
2020-01-18,262.1,72.3,228.3,169.5,44966.0,37363.0,0.0,948.0,34.0,80.43,3377.0
2020-01-19,246.7,67.8,192.3,170.2,43622.0,35787.0,0.0,892.0,23.0,80.31,3270.0
2020-01-20,283.0,73.3,233.6,177.3,46940.0,39737.0,0.0,986.0,38.0,86.88,3459.0
2020-01-21,294.0,75.7,233.8,180.6,47600.0,40218.0,0.0,1008.0,58.0,93.14,3527.0
2020-01-22,297.4,74.9,234.8,182.4,47686.0,40671.0,0.0,1013.0,73.0,89.64,3534.0
2020-01-23,302.3,76.0,233.2,184.3,47912.0,40765.0,0.0,1022.0,64.0,77.67,3544.0
2020-01-24,300.3,76.3,233.6,182.8,48818.0,40346.0,0.0,1018.0,52.0,90.83,3576.0
2020-01-25,299.5,74.0,228.6,183.0,47195.0,41165.0,0.0,1006.0,30.0,89.48,3567.0
2020-01-26,270.3,65.3,214.7,178.7,43795.0,36467.0,0.0,943.0,22.0,89.05,3347.0
2020-01-27,296.7,72.1,228.3,182.9,47469.0,41258.0,0.0,1002.0,26.0,89.84,3507.0
2020-01-28,307.0,74.2,233.3,187.8,49151.0,41720.0,75.0,1028.0,23.0,78.95,3548.0
2020-01-29,302.4,75.0,235.8,191.0,47414.0,41823.0,0.0,1032.0,19.0,77.79,3534.0
2020-01-30,308.0,74.1,239.4,191.8,48461.0,42411.0,0.0,1040.0,18.0,95.66,3553.0
2020-01-31,314.3,75.0,240.7,190.0,48497.0,42519.0,0.0,1052.0,19.0,95.62,3580.0
2020-02-01,306.3,73.7,233.8,188.6,48717.0,41290.0,0.0,1021.0,34.0,90.08,3524.0
2020-02-02,282.7,67.0,217.7,182.7,45711.0,38725.0,0.0,962.0,43.0,77.19,3421.0
2020-02-03,298.9,73.3,233.6,184.4,47649.0,42415.0,0.0,1006.0,33.0,85.81,3548.0
2020-02-04,311.3,74.3,233.9,180.6,47649.0,41794.0,0.0,1023.0,34.0,85.57,3590.0
2020-02-05,311.0,75.6,239.1,184.6,49705.0,41918.0,0.0,1047.0,29.0,85.32,3609.0
2020-02-06,312.9,75.4,239.5,189.5,49085.0,43633.0,0.0,1051.0,26.0,92.15,3632.0
2020-02-07,314.7,75.4,238.3,188.1,49931.0,41389.0,0.0,1051.0,28.0,85.95,3636.0
2020-02-08,314.6,73.4,230.7,187.4,49742.0,40929.0,0.0,1034.0,20.0,69.62,3596.0
2020-02-09,295.9,67.0,214.3,180.5,44591.0,38522.0,0.0,958.0,27.0,76.14,3439.0
2020-02-10,304.3,73.8,231.5,180.7,47862.0,42783.0,0.0,990.0,59.0,73.32,3552.0
2020-02-11,310.0,75.1,233.9,184.5,48407.0,41866.0,0.0,1022.0,73.0,76.1,3645.0
2020-02-12,311.9,76.0,237.7,186.4,49077.0,41743.0,0.0,1037.0,70.0,78.94,3666.0
2020-02-13,315.1,78.2,240.9,187.8,49421.0,42259.0,0.0,1053.0,41.0,88.89,3671.0
2020-02-14,324.0,77.6,244.6,189.0,49260.0,47376.0,0.0,1069.0,19.0,101.94,3669.0
2020-02-15,307.8,78.5,242.0,189.7,49006.0,43879.0,0.0,1062.0,13.0,100.66,3655.0
2020-02-16,296.6,71.9,225.3,189.7,46107.0,40248.0,0.0,1026.0,45.0,102.14,3571.0
2020-02-17,311.3,77.3,240.0,193.5,48913.0,44155.0,0.0,1076.0,52.0,103.62,3699.0
2020-02-18,317.5,77.4,244.1,197.3,51186.0,44958.0,0.0,1096.0,40.0,103.03,3745.0
2020-02-19,321.5,76.5,247.8,198.1,50932.0,44640.0,0.0,1106.0,46.0,102.83,3757.0
2020-02-20,319.1,75.3,246.6,197.4,51036.0,44950.0,0.0,1096.0,76.0,102.03,3718.0
2020-02-21,314.8,74.7,243.4,194.6,51878.0,48365.0,0.0,1089.0,69.0,95.69,3599.0
2020-02-22,316.4,76.9,236.8,194.6,50708.0,48656.0,0.0,1084.0,73.0,96.22,3609.0
2020-02-23,291.0,71.1,230.0,191.3,49232.0,42281.0,0.0,1040.0,68.0,100.84,3506.0
2020-02-24,311.6,77.6,242.7,195.0,51259.0,50436.0,0.0,1090.0,49.0,90.44,3617.0
2020-02-25,323.8,79.3,250.1,197.6,52565.0,44829.0,0.0,1114.0,30.0,85.03,3634.0
2020-02-26,325.6,79.7,249.6,201.2,51755.0,44973.0,0.0,1117.0,42.0,93.29,3632.0
2020-02-27,328.3,80.6,252.0,199.0,52586.0,45339.0,0.0,1117.0,44.0,92.12,3630.0
2020-02-28,329.1,80.5,253.3,200.7,52999.0,44622.0,0.0,1125.0,57.0,93.28,3683.0
2020-02-29,326.4,79.2,248.0,200.8,52405.0,43905.0,0.0,1118.0,46.0,91.46,3587.0
2020-03-01,302.8,71.9,224.3,194.0,48004.0,40122.0,0.0,1048.0,37.0,91.63,3378.0
2020-03-02,323.0,78.9,237.2,195.3,51170.0,44448.0,0.0,1090.0,19.0,84.65,3565.0
2020-03-03,334.0,79.9,245.1,195.9,51794.0,44904.0,0.0,1117.0,23.0,82.52,3635.0
2020-03-04,337.3,80.0,244.5,201.2,52108.0,45593.0,0.0,1125.0,33.0,88.1,3591.0
2020-03-05,336.3,79.2,251.9,199.5,53240.0,44438.0,0.0,1122.0,31.0,86.41,3533.0
2020-03-06,339.7,79.4,248.5,194.7,51557.0,44548.0,0.0,1115.0,42.0,86.65,3387.0
2020-03-07,332.2,79.5,247.7,185.7,50426.0,43643.0,0.0,1091.0,19.0,80.09,3410.0
2020-03-08,309.7,73.9,237.4,182.4,47277.0,40918.0,0.0,1037.0,19.0,76.68,3349.0
2020-03-09,328.5,80.3,253.3,187.7,50335.0,43644.0,0.0,1078.0,23.0,72.98,3383.0
2020-03-10,326.4,81.1,248.6,189.2,49599.0,42618.0,0.0,1075.0,25.0,99.17,3084.0
2020-03-11,333.6,82.6,255.2,192.3,52135.0,44839.0,0.0,1106.0,19.0,85.99,3217.0
2020-03-12,340.6,82.9,257.9,197.4,53110.0,45354.0,0.0,1123.0,23.0,87.34,3391.0
2020-03-13,341.5,82.5,259.2,200.0,52705.0,44814.0,0.0,1125.0,33.0,94.5,3434.0
2020-03-14,339.2,81.6,253.5,198.5,51771.0,44391.0,0.0,1117.0,34.0,91.42,3413.0
2020-03-15,311.7,75.6,239.0,196.1,48424.0,41756.0,0.0,1064.0,45.0,94.26,3316.0
2020-03-16,337.6,83.0,255.6,201.2,52332.0,45255.0,0.0,1127.0,41.0,92.85,3494.0
2020-03-17,346.2,84.5,256.9,205.1,52724.0,45097.0,0.0,1148.0,53.0,99.76,3586.0
2020-03-18,347.2,84.7,256.0,204.3,53465.0,45875.0,0.0,1157.0,31.0,101.04,3605.0
2020-03-19,345.6,85.3,258.6,201.3,52928.0,45593.0,0.0,1147.0,17.0,93.46,3594.0
2020-03-20,348.3,84.5,251.1,198.5,52829.0,44241.0,0.0,1128.0,30.0,92.59,3565.0
2020-03-21,339.8,81.7,244.8,192.9,51293.0,43591.0,0.0,1104.0,25.0,100.22,3495.0
2020-03-22,276.5,69.9,226.4,176.7,44261.0,37047.0,0.0,975.0,19.0,91.79,3030.0
2020-03-23,302.6,75.3,238.3,181.4,49943.0,39726.0,0.0,1030.0,23.0,93.75,3113.0
2020-03-24,290.7,69.9,231.2,175.4,46618.0,36450.0,0.0,983.0,25.0,96.0,2975.0
2020-03-25,256.3,66.7,214.9,162.1,43042.0,34405.0,0.0,911.0,35.0,96.57,2777.0
2020-03-26,245.9,65.7,213.6,159.7,42426.0,34956.0,0.0,891.0,40.0,96.74,2652.0
2020-03-27,244.7,66.6,217.4,160.4,41981.0,34632.0,0.0,896.0,47.0,97.14,2592.0
2020-03-28,244.5,67.5,214.6,161.0,42125.0,35205.0,0.0,900.0,39.0,98.22,2629.0
2020-03-29,242.7,67.8,215.7,160.4,42523.0,34504.0,0.0,897.0,40.0,94.51,2640.0
2020-03-30,244.1,69.3,218.2,162.7,43001.0,35562.0,0.0,902.0,38.0,95.76,2665.0
2020-03-31,245.2,70.2,221.6,164.2,42849.0,35444.0,0.0,910.0,36.0,97.67,2705.0
2020-04-01,243.9,70.3,220.7,163.7,42349.0,34817.0,0.0,903.0,31.0,90.17,2731.0
2020-04-02,246.5,71.4,226.7,165.8,42789.0,35880.0,0.0,917.0,30.0,94.71,2787.0
2020-04-03,250.2,71.4,226.2,165.2,42377.0,35066.0,0.0,911.0,32.0,92.64,2794.0
2020-04-04,250.6,71.7,228.8,163.2,41525.0,35012.0,0.0,908.0,26.0,88.61,2791.0
2020-04-05,245.5,65.5,214.5,162.0,42272.0,33743.0,0.0,880.0,28.0,83.68,2752.0
2020-04-06,247.0,64.7,199.8,164.1,41859.0,32884.0,0.0,860.0,25.0,83.09,2757.0
2020-04-07,235.1,62.8,182.0,160.3,39459.0,31567.0,0.0,809.0,37.0,77.08,2727.0
2020-04-08,237.5,63.8,187.8,155.6,39412.0,32373.0,0.0,815.0,27.0,88.76,2717.0
2020-04-09,224.4,64.2,186.6,130.6,36037.0,29496.0,0.0,778.0,36.0,82.52,2695.0
2020-04-10,207.8,62.9,184.1,139.7,35579.0,32272.0,0.0,765.0,33.0,90.58,2717.0
2020-04-11,222.7,66.8,197.1,148.7,36727.0,33163.0,0.0,809.0,30.0,97.06,2800.0
2020-04-12,228.2,67.9,198.4,154.9,37397.0,32737.0,0.0,822.0,30.0,88.39,2819.0
2020-04-13,239.1,70.8,206.6,158.7,38742.0,34318.0,0.0,844.0,29.0,91.43,2913.0
2020-04-14,243.8,70.8,208.4,160.9,39179.0,34656.0,0.0,856.0,40.0,92.86,2977.0
2020-04-15,248.2,70.6,217.0,163.0,42354.0,33769.0,0.0,863.0,32.0,91.94,2938.0
2020-04-16,252.5,69.5,219.8,165.0,39971.0,33969.0,0.0,870.0,28.0,90.64,2969.0
2020-04-17,254.9,71.0,219.0,166.6,40809.0,34127.0,0.0,875.0,24.0,89.4,2986.0
2020-04-18,259.0,72.1,204.4,171.0,40249.0,33529.0,0.0,865.0,29.0,92.73,2908.0
2020-04-19,253.7,69.6,196.4,168.7,37973.0,33493.0,0.0,838.0,31.0,89.76,2862.0
2020-04-20,255.6,71.7,207.4,170.6,39729.0,33392.0,0.0,856.0,34.0,88.33,2864.0
2020-04-21,255.0,71.3,207.2,169.3,39669.0,33798.0,0.0,851.0,20.0,91.81,2789.0
2020-04-22,260.5,70.7,207.9,170.1,39339.0,33629.0,0.0,857.0,25.0,89.07,2900.0
2020-04-23,261.7,70.6,205.5,170.5,39085.0,33907.0,0.0,859.0,35.0,90.62,2920.0
2020-04-24,260.8,69.9,193.5,169.4,38564.0,33085.0,0.0,845.0,50.0,83.25,2917.0
2020-04-25,259.0,70.3,198.2,159.1,38213.0,32788.0,0.0,833.0,63.0,91.44,2895.0
2020-04-26,228.7,63.9,196.3,148.6,34992.0,31019.0,0.0,782.0,31.0,89.82,2742.0
2020-04-27,230.9,66.2,201.7,150.9,36366.0,32803.0,0.0,792.0,47.0,97.66,2739.0
2020-04-28,236.3,68.5,206.8,155.8,37752.0,32150.0,0.0,804.0,32.0,85.31,2835.0
2020-04-29,221.8,65.4,184.0,142.2,35006.0,32348.0,0.0,749.0,27.0,67.57,2861.0
2020-04-30,228.8,67.7,189.7,151.3,34600.0,32071.0,0.0,783.0,29.0,84.33,2955.0
2020-05-01,234.4,67.5,189.7,151.8,35119.0,31886.0,0.0,783.0,36.0,87.21,2928.0
2020-05-02,245.3,70.5,187.9,157.9,36770.0,32676.0,0.0,805.0,32.0,94.62,2997.0
2020-05-03,250.0,69.1,184.0,163.9,36678.0,32724.0,0.0,814.0,32.0,92.73,2961.0
2020-05-04,263.3,74.0,195.8,167.5,38976.0,34676.0,0.0,852.0,31.0,95.8,3000.0
2020-05-05,271.8,72.4,204.2,170.6,40288.0,34680.0,0.0,872.0,31.0,92.93,3050.0
2020-05-06,279.6,68.1,204.0,171.9,41208.0,34588.0,0.0,877.0,43.0,83.98,3050.0
2020-05-07,281.7,69.8,205.2,171.7,41083.0,34575.0,0.0,877.0,35.0,83.15,3068.0
2020-05-08,288.1,71.3,199.3,174.8,41208.0,35805.0,0.0,886.0,22.0,83.06,3193.0
2020-05-09,292.4,72.7,205.6,177.3,41600.0,35936.0,0.0,903.0,20.0,84.33,3287.0
2020-05-10,289.3,68.6,192.6,175.6,39278.0,35290.0,0.0,873.0,28.0,83.98,3072.0
2020-05-11,303.8,72.5,199.4,180.6,42223.0,36314.0,0.0,907.0,28.0,86.19,3065.0
2020-05-12,296.7,72.2,208.4,178.7,41016.0,36456.0,0.0,911.0,23.0,94.53,3248.0
2020-05-13,296.1,72.7,214.7,180.5,42833.0,37180.0,0.0,922.0,21.0,77.3,3313.0
2020-05-14,302.7,73.2,214.5,174.5,43033.0,36998.0,0.0,927.0,26.0,80.1,3320.0
2020-05-15,303.5,71.9,209.5,181.9,44112.0,37132.0,0.0,931.0,43.0,83.02,3372.0
2020-05-16,296.5,71.2,204.1,185.5,41792.0,36537.0,0.0,917.0,49.0,73.61,3410.0
2020-05-17,277.3,63.7,192.5,177.6,38347.0,32707.0,0.0,862.0,54.0,73.23,3349.0
2020-05-18,270.5,63.3,169.2,174.1,38396.0,34074.0,0.0,834.0,105.0,66.52,3397.0
2020-05-19,274.7,65.6,174.0,164.7,36754.0,35589.0,0.0,837.0,161.0,67.77,3406.0
2020-05-20,296.7,70.1,188.0,175.5,39623.0,37137.0,0.0,898.0,173.0,81.61,3375.0
2020-05-21,302.2,71.2,196.5,186.9,41770.0,37884.0,0.0,932.0,135.0,87.06,3423.0
2020-05-22,306.5,72.4,201.3,192.3,43044.0,37842.0,0.0,954.0,123.0,84.59,3569.0
2020-05-23,311.9,74.0,201.2,195.9,42252.0,39016.0,0.0,959.0,101.0,84.73,3656.0
2020-05-24,302.2,69.7,192.6,194.0,40354.0,36510.0,0.0,938.0,116.0,83.35,3675.0
2020-05-25,306.3,75.9,200.9,191.6,43706.0,37714.0,0.0,960.0,88.0,79.25,3740.0
2020-05-26,318.9,77.4,187.3,193.5,44951.0,38044.0,0.0,962.0,91.0,79.51,3775.0
2020-05-27,324.6,77.7,187.0,194.8,45168.0,37898.0,0.0,969.0,102.0,80.46,3705.0
2020-05-28,307.0,74.3,192.1,195.4,45643.0,36896.0,0.0,957.0,94.0,82.24,3541.0
2020-05-29,298.8,69.8,192.8,193.3,44632.0,37268.0,0.0,945.0,86.0,80.27,3488.0
2020-05-30,306.6,70.5,183.5,186.4,42324.0,37211.0,0.0,919.0,56.0,72.53,3403.0
2020-05-31,288.5,63.5,168.5,184.1,39357.0,33526.0,0.0,858.0,47.0,69.65,3193.0
2020-06-01,303.3,68.3,164.5,178.2,39199.0,35541.0,0.0,861.0,51.0,70.54,3247.0
2020-06-02,305.1,65.6,155.9,172.0,39171.0,35759.0,0.0,847.0,77.0,77.82,3260.0
2020-06-03,311.9,65.6,144.6,175.3,38279.0,35499.0,0.0,845.0,87.0,72.96,3209.0
2020-06-04,319.5,66.3,166.4,174.3,40046.0,36690.0,0.0,877.0,112.0,70.74,3183.0
2020-06-05,321.4,66.4,177.3,181.6,42063.0,36543.0,0.0,904.0,109.0,80.19,3164.0
2020-06-06,299.3,64.2,175.2,186.6,39623.0,35351.0,0.0,887.0,132.0,77.82,3248.0
2020-06-07,279.2,57.1,170.2,182.6,37741.0,33990.0,0.0,848.0,150.0,71.31,3220.0
2020-06-08,302.4,64.1,187.7,184.3,41357.0,36975.0,0.0,906.0,154.0,79.38,3442.0
2020-06-09,314.5,67.9,196.2,178.8,44431.0,37011.0,0.0,931.0,159.0,78.54,3618.0
2020-06-10,310.8,66.8,194.6,167.0,41712.0,34519.0,0.0,899.0,156.0,61.62,3683.0
2020-06-11,294.2,65.3,170.8,144.6,39613.0,34756.0,0.0,821.0,168.0,38.4,3598.0
2020-06-12,289.0,64.3,165.3,140.7,36469.0,35294.0,0.0,804.0,172.0,50.81,3572.0
2020-06-13,299.3,62.7,169.9,150.4,37095.0,35547.0,0.0,835.0,169.0,61.69,3548.0
2020-06-14,287.3,56.9,162.4,161.6,35767.0,33856.0,0.0,823.0,187.0,66.77,3474.0
2020-06-15,314.2,65.2,175.8,173.0,40810.0,37686.0,0.0,891.0,199.0,69.31,3640.0
2020-06-16,321.2,66.1,178.9,169.8,40372.0,36885.0,0.0,891.0,180.0,61.41,3688.0
2020-06-17,326.3,65.7,174.3,165.0,40738.0,36829.0,0.0,882.0,167.0,58.18,3694.0
2020-06-18,322.8,64.5,176.4,166.1,39948.0,37354.0,0.0,881.0,164.0,62.9,3731.0
2020-06-19,318.6,64.2,184.4,169.9,40688.0,37857.0,0.0,895.0,150.0,67.56,3767.0
2020-06-20,313.0,64.1,186.1,172.6,40081.0,37706.0,0.0,901.0,160.0,72.78,3720.0
2020-06-21,293.1,57.7,183.3,170.4,38836.0,34679.0,0.0,861.0,166.0,60.47,3549.0
2020-06-22,293.4,61.8,190.7,169.7,40920.0,36830.0,0.0,881.0,162.0,62.5,3626.0
2020-06-23,296.2,64.4,196.1,176.6,41394.0,37302.0,0.0,901.0,127.0,73.52,3734.0
2020-06-24,291.2,66.9,196.0,176.9,42800.0,36910.0,0.0,907.0,77.0,80.4,3741.0
2020-06-25,281.5,67.2,192.5,171.8,42332.0,36873.0,0.0,895.0,58.0,78.41,3703.0
2020-06-26,283.4,65.6,173.2,173.8,42213.0,37026.0,0.0,883.0,69.0,76.29,3669.0
2020-06-27,288.1,63.1,174.9,173.6,41753.0,36513.0,0.0,883.0,95.0,71.9,3707.0
2020-06-28,265.1,58.6,163.9,168.7,38129.0,34713.0,0.0,826.0,90.0,65.04,3637.0
2020-06-29,276.6,64.1,174.8,167.9,41172.0,36159.0,0.0,857.0,73.0,71.99,3673.0
2020-06-30,280.7,64.4,170.4,158.1,38712.0,36668.0,0.0,844.0,107.0,65.46,3740.0
2020-07-01,283.4,66.4,175.3,157.0,39300.0,35942.0,0.0,855.0,149.0,72.45,3836.0
2020-07-02,280.4,64.1,171.3,155.8,39417.0,35398.0,0.0,847.0,165.0,68.93,3900.0
2020-07-03,270.0,62.1,161.2,153.3,37625.0,33378.0,0.0,825.0,190.0,65.73,3890.0
2020-07-04,256.4,61.5,157.6,151.8,35781.0,34904.0,0.0,796.0,182.0,56.49,3736.0
2020-07-05,234.8,57.5,149.5,141.1,34107.0,31961.0,0.0,744.0,154.0,47.66,3304.0
2020-07-06,268.8,62.4,166.9,148.5,39033.0,35423.0,0.0,809.0,184.0,55.11,3498.0
2020-07-07,283.8,62.2,171.6,161.4,39785.0,36888.0,0.0,854.0,170.0,68.96,3556.0
2020-07-08,289.6,63.0,165.8,167.4,40557.0,36068.0,0.0,868.0,112.0,68.48,3596.0
2020-07-09,285.4,63.1,157.7,151.5,38294.0,36070.0,0.0,837.0,71.0,57.77,3635.0
2020-07-10,265.6,62.9,156.5,150.7,36802.0,35569.0,0.0,810.0,83.0,56.71,3652.0
2020-07-11,261.0,64.0,158.9,149.0,36978.0,35125.0,0.0,813.0,85.0,71.59,3550.0
2020-07-12,232.4,59.2,152.1,149.7,35689.0,32179.0,0.0,775.0,104.0,72.37,3318.0
2020-07-13,261.3,64.0,169.2,153.0,39516.0,35865.0,0.0,837.0,104.0,66.15,3569.0
2020-07-14,272.3,65.3,167.6,151.3,39811.0,35654.0,0.0,844.0,101.0,56.05,3718.0
2020-07-15,271.3,65.2,155.1,141.0,38117.0,34238.0,0.0,807.0,128.0,41.59,3698.0
2020-07-16,268.2,62.6,138.5,139.0,35382.0,34391.0,0.0,780.0,142.0,49.86,3683.0
2020-07-17,265.5,58.3,143.6,145.8,37617.0,34986.0,0.0,807.0,144.0,64.32,3747.0
2020-07-18,267.6,59.9,146.7,148.0,38048.0,35796.0,0.0,824.0,65.0,71.42,3793.0
2020-07-19,246.3,57.0,140.3,147.8,36432.0,33033.0,0.0,792.0,36.0,70.4,3617.0
2020-07-20,264.1,62.5,144.6,151.2,39131.0,34935.0,0.0,816.0,37.0,67.32,3557.0
2020-07-21,277.6,64.1,146.2,153.0,38819.0,36528.0,0.0,836.0,26.0,79.16,3454.0
2020-07-22,291.8,66.7,158.7,159.6,41541.0,37571.0,0.0,885.0,18.0,73.42,3535.0
2020-07-23,296.8,66.8,162.1,154.4,39146.0,36798.0,0.0,861.0,22.0,49.34,3595.0
2020-07-24,289.2,64.3,158.3,150.9,39671.0,36320.0,0.0,851.0,43.0,66.26,3643.0
2020-07-25,278.6,63.2,149.3,151.5,38935.0,35176.0,0.0,831.0,70.0,64.4,3638.0
2020-07-26,231.3,59.2,139.3,151.2,35349.0,33098.0,0.0,776.0,96.0,72.71,3620.0
2020-07-27,272.2,65.4,156.9,160.6,41365.0,37479.0,0.0,872.0,118.0,82.65,3883.0
2020-07-28,279.2,66.0,165.1,167.2,42503.0,36811.0,0.0,897.0,92.0,64.53,3931.0
2020-07-29,268.2,60.3,163.9,163.5,41307.0,36164.0,0.0,860.0,93.0,60.39,3810.0
2020-07-30,266.1,59.7,161.2,167.1,41220.0,37223.0,0.0,870.0,100.0,75.04,3725.0
2020-07-31,274.3,58.7,164.8,170.5,43190.0,36513.0,0.0,891.0,113.0,72.19,3785.0
2020-08-01,258.2,59.4,156.6,161.1,40559.0,35427.0,0.0,844.0,129.0,68.0,3710.0
2020-08-02,219.5,54.6,140.7,155.1,36665.0,30795.0,0.0,764.0,157.0,69.67,3638.0
2020-08-03,246.6,58.2,147.4,157.0,39198.0,34813.0,0.0,805.0,198.0,56.83,3662.0
2020-08-04,251.4,58.6,138.4,148.0,37929.0,34767.0,0.0,794.0,207.0,49.89,3698.0
2020-08-05,250.6,50.0,131.1,146.0,37093.0,35782.0,0.0,793.0,200.0,46.7,3621.0
2020-08-06,265.9,57.1,140.5,155.7,41185.0,37754.0,0.0,851.0,197.0,61.06,3593.0
2020-08-07,283.6,55.2,149.4,167.7,43146.0,38628.0,0.0,912.0,211.0,63.12,3771.0
2020-08-08,284.3,56.4,149.9,170.7,43519.0,38504.0,0.0,920.0,192.0,63.49,3840.0
2020-08-09,222.7,51.1,137.9,168.7,39470.0,33918.0,0.0,838.0,150.0,46.24,3668.0
2020-08-10,256.1,55.8,145.3,158.7,38133.0,36420.0,0.0,821.0,166.0,45.72,3678.0
2020-08-11,281.6,58.8,150.6,165.1,40684.0,37289.0,0.0,864.0,192.0,68.72,3688.0
2020-08-12,278.3,61.7,153.7,163.3,41563.0,37613.0,0.0,872.0,205.0,55.05,3612.0
2020-08-13,287.3,63.5,156.9,160.2,40877.0,37380.0,0.0,861.0,179.0,46.69,3506.0
2020-08-14,291.7,64.3,160.6,157.8,42346.0,36865.0,0.0,859.0,196.0,43.8,3520.0
2020-08-15,275.3,61.2,150.2,144.6,37077.0,32324.0,0.0,785.0,179.0,38.45,3367.0
2020-08-16,260.4,58.9,136.3,142.6,35243.0,32047.0,0.0,724.0,153.0,32.55,3343.0
2020-08-17,290.8,64.5,149.5,150.8,39914.0,35704.0,0.0,786.0,155.0,47.82,3555.0
2020-08-18,305.6,65.4,147.6,160.7,37750.0,36581.0,0.0,827.0,165.0,64.43,3625.0
2020-08-19,310.3,65.8,154.2,164.2,40352.0,37207.0,0.0,855.0,143.0,59.02,3479.0
2020-08-20,310.8,66.4,158.4,163.3,39696.0,37123.0,0.0,851.0,160.0,55.15,3339.0
2020-08-21,319.2,67.1,160.2,162.8,39995.0,37723.0,0.0,865.0,135.0,78.8,3322.0
2020-08-22,311.1,67.4,151.6,162.9,40726.0,35366.0,0.0,858.0,94.0,86.26,3343.0
2020-08-23,274.6,62.2,149.9,160.2,38670.0,34957.0,0.0,831.0,101.0,86.95,3307.0
2020-08-24,287.7,68.4,163.8,163.6,40773.0,37990.0,0.0,875.0,68.0,85.27,3499.0
2020-08-25,295.3,70.6,175.3,170.8,42701.0,38857.0,0.0,919.0,70.0,98.04,3633.0
2020-08-26,299.4,71.4,182.7,171.5,44099.0,38664.0,0.0,936.0,52.0,87.16,3679.0
2020-08-27,296.9,71.3,187.3,168.4,42529.0,38280.0,0.0,908.0,92.0,85.1,3626.0
2020-08-28,301.8,71.9,193.8,176.5,43128.0,39171.0,0.0,924.0,103.0,96.71,3598.0
2020-08-29,303.8,71.1,195.7,184.8,43699.0,38744.0,0.0,939.0,124.0,98.25,3603.0
2020-08-30,279.6,66.2,184.2,185.5,41712.0,36197.0,0.0,902.0,115.0,99.5,3453.0
2020-08-31,296.1,64.1,183.5,183.4,43076.0,39002.0,0.0,932.0,64.0,101.25,3596.0
2020-09-01,289.0,65.6,179.2,178.5,44170.0,37931.0,0.0,929.0,41.0,90.29,3659.0
2020-09-02,275.8,65.3,171.6,171.7,42637.0,37062.0,0.0,896.0,28.0,56.4,3660.0
2020-09-03,280.4,67.2,155.2,172.7,41325.0,38086.0,0.0,881.0,22.0,91.64,3711.0
2020-09-04,284.4,69.5,164.5,177.8,43285.0,38490.0,0.0,915.0,22.0,92.63,3781.0
2020-09-05,278.4,68.9,167.5,182.6,42446.0,39091.0,0.0,923.0,25.0,96.12,3791.0
2020-09-06,255.4,58.5,158.7,184.7,41120.0,34800.0,0.0,882.0,68.0,96.91,3631.0
2020-09-07,266.5,62.5,165.6,191.5,43845.0,38162.0,0.0,915.0,100.0,91.01,3765.0
2020-09-08,279.1,66.1,164.5,189.0,44566.0,39271.0,0.0,934.0,80.0,85.07,3871.0
2020-09-09,281.1,65.6,159.5,190.0,44300.0,37165.0,0.0,928.0,73.0,89.74,3957.0
2020-09-10,272.2,63.2,155.3,189.2,43078.0,37025.0,0.0,904.0,94.0,83.77,3956.0
2020-09-11,280.3,61.8,157.0,182.8,41873.0,37354.0,0.0,888.0,116.0,76.37,3939.0
2020-09-12,280.2,60.3,149.4,171.5,38663.0,35713.0,0.0,850.0,127.0,70.37,3896.0
2020-09-13,247.0,54.9,129.9,146.5,33830.0,32033.0,0.0,739.0,119.0,44.29,3725.0
2020-09-14,257.2,61.3,141.3,143.6,35546.0,34711.0,0.0,754.0,142.0,47.58,3823.0
2020-09-15,272.4,63.8,146.6,150.5,36869.0,35374.0,0.0,781.0,143.0,74.31,3866.0
2020-09-16,283.1,64.5,150.6,152.9,37680.0,36045.0,0.0,801.0,145.0,71.74,3902.0
2020-09-17,286.5,64.3,149.8,157.3,37070.0,35654.0,0.0,809.0,147.0,78.7,3872.0
2020-09-18,296.4,63.8,152.7,161.8,40338.0,36392.0,0.0,833.0,180.0,70.08,3917.0
2020-09-19,279.8,60.6,151.5,152.0,37091.0,34675.0,0.0,796.0,149.0,54.48,3918.0
2020-09-20,246.3,54.1,129.3,143.5,33042.0,30344.0,0.0,718.0,144.0,55.49,3743.0
2020-09-21,271.1,60.2,136.1,147.1,37262.0,35433.0,0.0,765.0,188.0,61.95,3763.0
2020-09-22,291.3,62.2,145.5,157.3,38159.0,36747.0,0.0,817.0,179.0,76.3,3780.0
2020-09-23,307.9,64.1,151.9,165.9,39662.0,37977.0,0.0,856.0,180.0,88.12,3725.0
2020-09-24,321.9,65.7,163.3,174.4,43016.0,39213.0,0.0,906.0,90.0,90.13,3737.0
2020-09-25,315.3,66.7,166.5,175.3,44614.0,37016.0,0.0,907.0,85.0,80.71,3771.0
2020-09-26,306.8,66.3,148.8,146.9,38229.0,36410.0,0.0,809.0,81.0,42.76,3643.0
2020-09-27,279.4,61.4,143.3,147.6,35703.0,33786.0,0.0,774.0,63.0,84.87,3529.0
2020-09-28,293.6,68.6,156.0,162.7,39300.0,36739.0,0.0,842.0,65.0,102.74,3732.0
2020-09-29,283.3,69.1,160.3,164.1,39403.0,35366.0,0.0,843.0,90.0,74.7,3772.0
2020-10-01,282.0,67.9,154.9,147.9,37366.0,38127.0,0.0,819.0,110.0,82.8,3703.0
2020-10-02,271.6,64.8,154.0,153.6,36798.0,36311.0,0.0,817.0,102.0,90.11,3627.0
2020-10-03,284.3,66.9,156.9,155.2,39249.0,38112.0,0.0,850.0,151.0,81.39,3709.0
2020-10-04,281.9,62.4,146.9,155.3,36761.0,36005.0,0.0,837.0,164.0,73.52,3617.0
2020-10-05,302.5,68.2,165.7,164.6,41676.0,39353.0,0.0,904.0,111.0,94.62,3719.0
2020-10-06,327.2,69.9,176.3,173.4,43706.0,40123.0,0.0,954.0,69.0,102.14,3758.0
2020-10-07,327.0,71.0,180.5,172.9,45379.0,40444.0,0.0,938.0,70.0,90.48,3817.0
2020-10-08,310.9,70.1,185.9,178.9,45379.0,39615.0,0.0,929.0,23.0,86.84,3794.0
2020-10-09,307.1,68.0,185.9,179.0,43368.0,39433.0,0.0,926.0,40.0,81.17,3809.0
2020-10-10,297.1,68.1,159.4,166.3,39605.0,37928.0,0.0,869.0,60.0,74.39,3737.0
2020-10-11,267.0,60.7,133.2,145.7,33880.0,33604.0,0.0,757.0,89.0,43.62,3518.0
2020-10-12,280.0,63.7,149.8,145.4,35503.0,35230.0,0.0,789.0,83.0,61.31,3611.0
2020-10-13,292.5,64.4,147.4,134.5,35462.0,35431.0,0.0,765.0,118.0,58.77,3648.0
2020-10-14,300.9,64.2,141.1,145.3,37866.0,36829.0,0.0,757.0,183.0,59.54,3642.0
2020-10-15,311.4,65.5,147.0,150.9,38641.0,38538.0,0.0,802.0,135.0,73.93,3661.0
2020-10-16,321.3,65.8,155.0,157.1,38551.0,38535.0,0.0,840.0,109.0,88.21,3690.0
2020-10-17,308.0,66.0,156.7,158.3,38255.0,37583.0,0.0,832.0,69.0,92.15,3665.0
2020-10-18,265.5,62.7,148.1,158.8,34869.0,34382.0,0.0,769.0,40.0,82.78,3476.0
2020-10-19,281.2,69.6,156.9,159.7,38425.0,37734.0,0.0,814.0,58.0,81.9,3561.0
2020-10-20,288.6,69.3,147.7,155.0,37668.0,36568.0,0.0,802.0,64.0,74.8,3563.0
2020-10-21,286.4,69.8,142.0,151.7,37307.0,37259.0,0.0,792.0,83.0,61.37,3525.0
2020-10-22,287.4,67.6,146.2,154.0,37732.0,37540.0,0.0,802.0,90.0,74.18,3509.0
2020-10-23,293.7,67.5,146.6,155.2,37576.0,37471.0,0.0,815.0,82.0,86.26,3464.0
2020-10-24,287.3,65.8,143.3,162.2,36568.0,37009.0,0.0,811.0,63.0,96.16,3405.0
2020-10-25,263.4,62.0,135.1,158.4,34350.0,32631.0,0.0,762.0,29.0,93.3,3195.0
2020-10-26,285.5,67.9,136.0,165.1,36272.0,35872.0,0.0,806.0,14.0,90.73,3299.0
2020-10-27,311.0,70.5,152.8,171.3,39813.0,38582.0,60.0,867.0,13.0,97.34,3406.0
2020-10-28,315.4,71.5,163.2,172.2,40291.0,40200.0,0.0,887.0,16.0,96.76,3437.0
2020-10-29,311.5,71.6,166.9,170.9,40238.0,39322.0,0.0,885.0,14.0,86.58,3442.0
2020-10-30,317.0,72.4,175.4,175.0,41509.0,39985.0,0.0,906.0,11.0,95.59,3460.0
2020-10-31,318.2,72.6,179.3,178.9,42000.0,39867.0,0.0,913.0,13.0,93.89,3477.0
2020-11-01,296.8,67.1,167.9,177.5,39908.0,36847.0,0.0,866.0,17.0,98.44,3336.0
2020-11-02,317.3,73.2,184.1,185.3,44311.0,40676.0,0.0,921.0,17.0,94.22,3470.0
2020-11-03,328.4,73.1,187.2,190.9,44900.0,41232.0,0.0,940.0,22.0,94.47,3496.0
2020-11-04,326.7,72.6,191.5,183.8,44985.0,40839.0,50.0,932.0,31.0,88.35,3463.0
2020-11-05,301.7,71.4,192.4,185.8,44090.0,39445.0,0.0,908.0,30.0,93.26,3411.0
2020-11-06,294.6,71.4,185.9,179.0,42187.0,40337.0,0.0,889.0,40.0,81.85,3436.0
2020-11-07,296.2,73.1,186.4,174.2,42195.0,39709.0,0.0,885.0,47.0,85.95,3427.0
2020-11-08,269.7,66.7,172.9,169.2,38959.0,35290.0,0.0,823.0,42.0,83.76,3300.0
2020-11-09,290.0,73.5,188.7,170.4,41882.0,39853.0,0.0,869.0,40.0,102.59,3407.0
2020-11-10,300.6,74.3,190.1,170.9,42896.0,39748.0,0.0,882.0,48.0,105.35,3419.0
2020-11-11,301.4,72.5,193.0,173.2,43049.0,40776.0,0.0,887.0,40.0,104.96,3407.0
2020-11-12,299.1,72.8,197.2,163.7,42568.0,39166.0,0.0,880.0,44.0,68.51,3427.0
2020-11-13,259.9,72.3,194.6,157.4,41146.0,35348.0,0.0,834.0,43.0,64.96,3339.0
2020-11-14,197.1,69.3,171.9,157.4,35761.0,30682.0,0.0,733.0,67.0,89.66,3009.0
2020-11-15,194.6,66.0,160.6,152.0,35312.0,31543.0,0.0,708.0,55.0,65.95,2812.0
2020-11-16,219.6,71.5,154.8,153.5,36956.0,34250.0,0.0,747.0,52.0,54.16,2874.0
2020-11-17,232.6,69.0,164.3,158.1,38253.0,36849.0,0.0,774.0,48.0,65.26,3100.0
2020-11-18,243.9,70.3,177.6,162.8,38982.0,37751.0,0.0,807.0,39.0,85.96,3213.0
2020-11-19,255.3,72.1,181.5,167.5,39096.0,38155.0,0.0,832.0,58.0,92.95,3266.0
2020-11-20,264.7,72.5,189.6,171.3,40549.0,38349.0,0.0,855.0,34.0,97.57,3291.0
2020-11-21,267.1,71.4,189.9,170.0,40764.0,38945.0,0.0,855.0,28.0,109.01,3271.0
2020-11-22,249.4,64.2,181.5,167.8,38968.0,35061.0,0.0,814.0,26.0,96.21,3181.0
2020-11-23,270.2,69.4,195.2,170.4,41749.0,38810.0,0.0,859.0,26.0,80.31,3273.0
2020-11-24,266.4,71.2,200.9,166.8,41007.0,38266.0,0.0,858.0,23.0,76.64,3332.0
2020-11-25,236.6,72.5,198.6,155.1,39984.0,35800.0,0.0,813.0,40.0,75.77,3294.0
2020-11-26,208.4,67.3,186.1,122.4,35062.0,33356.0,0.0,725.0,57.0,30.24,3178.0
2020-11-27,243.9,72.2,186.4,116.6,39106.0,35095.0,0.0,754.0,45.0,45.89,3221.0
2020-11-28,255.4,71.7,177.9,127.9,38891.0,37230.0,0.0,770.0,31.0,55.62,3231.0
2020-11-29,241.3,66.1,174.9,130.8,36829.0,34587.0,0.0,755.0,43.0,52.04,3191.0
2020-11-30,255.1,73.4,187.6,135.6,38925.0,37594.0,0.0,802.0,44.0,81.17,3304.0
2020-12-01,264.0,73.7,193.6,139.5,39392.0,38068.0,0.0,817.0,53.0,96.58,3349.0
2020-12-02,263.3,72.6,197.1,147.2,39726.0,38228.0,0.0,835.0,27.0,85.31,3398.0
2020-12-03,243.0,70.7,196.2,145.0,40077.0,36990.0,0.0,813.0,32.0,56.19,3390.0
2020-12-04,242.1,69.4,194.4,147.0,40168.0,37167.0,0.0,816.0,42.0,64.5,3413.0
2020-12-05,240.9,69.8,191.1,148.5,39534.0,37156.0,0.0,815.0,36.0,74.48,3393.0
2020-12-06,221.1,64.3,176.8,145.9,38074.0,33403.0,0.0,772.0,54.0,77.4,3260.0
2020-12-07,233.5,69.4,185.2,147.4,40269.0,34985.0,0.0,806.0,48.0,62.73,3355.0
2020-12-08,241.3,69.6,180.0,147.8,40169.0,36884.0,0.0,811.0,55.0,72.34,3394.0
2020-12-09,246.8,72.5,178.4,148.4,40164.0,37496.0,0.0,826.0,45.0,77.63,3416.0
2020-12-10,250.3,70.3,183.9,150.1,39941.0,38028.0,0.0,832.0,49.0,99.78,3419.0
2020-12-11,259.1,73.0,188.8,152.6,41233.0,38511.0,0.0,853.0,40.0,104.03,3354.0
2020-12-12,262.8,72.5,192.9,151.6,40944.0,38574.0,0.0,859.0,41.0,102.83,3277.0
2020-12-13,241.5,65.8,183.7,152.6,39520.0,35193.0,0.0,822.0,27.0,90.88,3213.0
2020-12-14,258.4,69.9,199.3,156.2,43167.0,38760.0,0.0,868.0,41.0,97.25,3325.0
2020-12-15,270.2,71.4,202.8,157.7,44469.0,39384.0,0.0,889.0,53.0,93.96,3409.0
2020-12-16,268.0,72.9,200.4,159.8,43092.0,41974.0,0.0,892.0,61.0,69.33,3441.0
2020-12-17,258.3,72.0,207.1,159.6,44096.0,39385.0,0.0,888.0,38.0,65.67,3477.0
2020-12-18,262.3,72.2,212.3,163.3,45210.0,39444.0,0.0,906.0,47.0,85.78,3532.0
2020-12-19,256.4,69.4,208.0,162.2,44645.0,38903.0,0.0,891.0,81.0,78.87,3512.0
2020-12-20,236.4,62.6,192.5,154.8,42225.0,35191.0,0.0,837.0,71.0,79.9,3398.0
2020-12-21,257.1,67.9,205.3,158.6,44500.0,39119.0,0.0,883.0,63.0,95.8,3517.0
2020-12-22,270.2,70.2,206.1,161.6,44438.0,39454.0,0.0,907.0,40.0,92.0,3575.0
2020-12-23,276.0,71.9,213.0,163.8,45800.0,40452.0,0.0,927.0,38.0,89.41,3609.0
2020-12-24,278.6,72.9,214.6,164.8,46711.0,40389.0,0.0,934.0,39.0,95.92,3628.0
2020-12-25,275.8,67.3,210.0,164.1,46791.0,38484.0,0.0,921.0,50.0,95.4,3615.0
2020-12-26,281.7,69.5,212.0,164.0,47399.0,39661.0,0.0,929.0,37.0,101.42,3620.0
2020-12-27,260.8,63.8,199.5,162.3,44253.0,36570.0,0.0,885.0,23.0,97.07,3490.0
2020-12-28,280.0,70.5,212.2,167.1,47990.0,40395.0,0.0,936.0,29.0,90.75,3594.0
2020-12-29,284.9,72.2,216.3,166.0,46637.0,40909.0,0.0,950.0,48.0,86.88,3642.0
2020-12-30,285.1,74.5,216.7,165.9,49605.0,40761.0,0.0,956.0,69.0,91.73,3666.0
2020-12-31,264.8,72.9,212.3,162.6,46103.0,39539.0,0.0,928.0,61.0,63.83,3627.0
2021-01-01,246.3,68.7,207.0,156.4,47101.0,37166.0,0.0,890.0,74.0,81.64,3549.0
2021-01-02,251.7,68.8,208.5,163.0,44468.0,39773.0,0.0,905.0,61.0,74.82,3536.0
2021-01-03,233.6,64.5,198.9,157.6,44813.0,35566.0,0.0,863.0,62.0,76.87,3380.0
2021-01-04,251.7,70.9,208.1,163.6,46416.0,39652.0,0.0,908.0,51.0,84.43,3445.0
2021-01-05,259.4,72.4,208.8,166.1,47608.0,40338.0,0.0,925.0,44.0,74.79,3436.0
2021-01-06,258.7,70.9,203.8,164.3,46886.0,39347.0,0.0,914.0,20.0,45.17,3451.0
2021-01-07,255.1,69.9,174.5,156.2,41883.0,40027.0,0.0,860.0,31.0,44.74,3454.0
2021-01-08,259.9,70.1,180.6,162.6,44541.0,39296.0,0.0,888.0,29.0,66.62,3471.0
2021-01-09,258.0,69.2,172.7,159.6,42520.0,38521.0,0.0,878.0,36.0,64.13,3421.0
2021-01-10,238.7,63.7,165.3,163.0,40090.0,36779.0,0.0,848.0,34.0,80.38,3356.0
2021-01-11,251.9,69.7,179.4,169.2,45339.0,39609.0,0.0,893.0,45.0,65.23,3515.0
2021-01-12,250.3,68.9,185.1,170.8,46100.0,39878.0,0.0,901.0,71.0,73.02,3573.0
2021-01-13,242.4,68.0,193.1,167.3,45814.0,38049.0,0.0,899.0,67.0,77.05,3575.0
2021-01-14,201.1,68.5,188.2,157.6,44232.0,33216.0,0.0,830.0,52.0,83.1,3434.0
2021-01-15,188.5,71.2,202.6,158.0,41816.0,35576.0,0.0,839.0,38.0,90.08,3462.0
2021-01-16,200.0,71.8,208.5,163.6,44390.0,36774.0,0.0,866.0,34.0,86.56,3547.0
2021-01-17,203.9,66.5,199.0,168.0,43703.0,36296.0,0.0,860.0,46.0,103.64,3511.0
2021-01-18,235.4,70.7,214.0,173.5,47227.0,39683.0,0.0,925.0,60.0,108.64,3636.0
2021-01-19,254.1,71.5,220.3,179.7,48507.0,40215.0,0.0,959.0,29.0,103.47,3706.0
2021-01-20,269.5,73.1,223.2,181.3,49994.0,42529.0,0.0,988.0,17.0,102.89,3754.0
2021-01-21,277.5,75.3,224.4,185.6,51897.0,42891.0,0.0,1014.0,12.0,97.23,3762.0
2021-01-22,287.5,76.1,228.0,184.6,51519.0,43530.0,0.0,1035.0,17.0,89.14,3811.0
2021-01-23,288.7,75.5,228.5,183.9,52294.0,43381.0,0.0,1037.0,28.0,97.31,3795.0
2021-01-24,268.7,68.5,219.2,182.2,49412.0,39422.0,0.0,985.0,26.0,104.61,3682.0
2021-01-25,275.5,72.4,229.8,183.7,51132.0,42347.0,150.0,1005.0,33.0,108.47,3729.0
2021-01-26,259.8,68.2,219.3,183.0,49483.0,39399.0,40.0,971.0,36.0,109.17,3590.0
2021-01-27,275.3,70.4,230.0,187.1,51316.0,43141.0,0.0,1010.0,46.0,103.65,3723.0
2021-01-28,286.0,70.3,234.1,185.1,53214.0,42941.0,0.0,1026.0,58.0,101.73,3795.0
2021-01-29,292.6,71.4,237.0,185.9,53790.0,44055.0,0.0,1046.0,41.0,96.54,3815.0
2021-01-30,292.9,72.7,235.7,188.1,52647.0,44644.0,0.0,1049.0,34.0,97.83,3813.0
2021-01-31,272.4,67.8,223.6,182.1,50966.0,40882.0,0.0,999.0,45.0,98.02,3707.0
2021-02-01,286.0,74.0,232.0,184.1,52042.0,43005.0,0.0,1029.0,65.0,105.09,3779.0
2021-02-02,297.1,74.5,235.0,183.8,51979.0,43418.0,0.0,1038.0,69.0,101.85,3812.0
2021-02-03,296.9,75.7,236.6,183.4,52578.0,43364.0,70.0,1044.0,64.0,104.22,3809.0
2021-02-04,294.0,74.9,236.6,184.7,52271.0,43370.0,60.0,1040.0,62.0,109.59,3740.0
2021-02-05,299.1,74.1,239.5,187.8,52551.0,43645.0,0.0,1052.0,48.0,111.06,3756.0
2021-02-06,293.0,74.1,239.1,187.1,52105.0,42814.0,0.0,1043.0,42.0,108.38,3745.0
2021-02-07,271.1,66.7,221.3,181.7,49570.0,40554.0,0.0,980.0,57.0,102.49,3620.0
2021-02-08,280.7,71.5,233.4,187.6,50686.0,42772.0,0.0,1017.0,76.0,110.25,3739.0
2021-02-09,294.9,73.5,239.2,187.8,51733.0,43368.0,0.0,1041.0,55.0,111.13,3795.0
2021-02-10,298.2,72.4,243.3,190.5,52606.0,43799.0,0.0,1050.0,37.0,115.65,3790.0
2021-02-11,297.4,71.8,240.9,188.7,52927.0,43540.0,0.0,1046.0,44.0,111.36,3774.0
2021-02-12,301.2,72.9,244.6,191.1,53485.0,43514.0,0.0,1059.0,47.0,116.47,3786.0
2021-02-13,303.8,72.7,243.0,187.4,52283.0,43840.0,0.0,1054.0,37.0,118.65,3758.0
2021-02-14,278.9,67.3,232.8,186.7,51178.0,40068.0,0.0,1013.0,25.0,109.53,3648.0
2021-02-15,297.7,75.3,244.2,192.6,53125.0,44282.0,0.0,1063.0,29.0,109.0,3756.0
2021-02-16,309.6,77.7,247.3,194.6,53806.0,44497.0,50.0,1083.0,31.0,105.78,3749.0
2021-02-17,312.9,77.8,249.1,193.4,53599.0,44390.0,0.0,1090.0,32.0,105.75,3717.0
2021-02-18,313.6,78.4,245.5,193.8,54204.0,44026.0,0.0,1085.0,52.0,94.46,3698.0
2021-02-19,319.9,77.9,219.9,191.4,52341.0,42615.0,0.0,1052.0,43.0,66.16,3646.0
2021-02-20,296.3,77.2,208.3,177.0,48884.0,41869.0,0.0,1001.0,48.0,90.79,3617.0
2021-02-21,261.3,69.2,189.4,166.1,46440.0,37382.0,0.0,927.0,62.0,73.54,3484.0
2021-02-22,287.4,76.3,197.7,176.1,49035.0,42683.0,0.0,987.0,40.0,98.13,3629.0
2021-02-23,304.0,79.4,207.1,185.9,50457.0,43873.0,0.0,1032.0,28.0,112.79,3722.0
2021-02-24,310.2,80.2,215.9,191.8,50658.0,44359.0,0.0,1057.0,27.0,114.0,3791.0
2021-02-25,316.7,81.1,226.0,196.8,53216.0,44850.0,0.0,1084.0,12.0,115.36,3839.0
2021-02-26,325.4,81.7,236.0,201.9,55139.0,45560.0,0.0,1113.0,13.0,108.73,3890.0
2021-02-27,323.8,82.4,236.0,205.9,53159.0,45804.0,0.0,1119.0,17.0,105.51,3876.0
2021-02-28,295.7,76.3,229.9,201.9,50355.0,41316.0,0.0,1068.0,26.0,113.79,3773.0
2021-03-01,315.0,81.7,244.6,205.1,54376.0,45552.0,0.0,1113.0,25.0,109.21,3898.0
2021-03-02,325.2,81.5,253.5,207.8,54835.0,45796.0,0.0,1138.0,28.0,108.63,3949.0
2021-03-03,322.6,81.6,247.3,204.7,54319.0,45136.0,0.0,1128.0,47.0,112.32,3947.0
2021-03-04,324.9,80.1,249.5,204.6,54029.0,45922.0,0.0,1132.0,62.0,112.47,3961.0
2021-03-05,333.8,80.7,259.9,210.1,54324.0,46541.0,0.0,1160.0,43.0,120.4,4009.0
2021-03-06,335.0,81.9,257.0,209.8,54938.0,46542.0,0.0,1157.0,22.0,116.82,3997.0
2021-03-07,311.7,76.8,245.1,208.4,52382.0,43123.0,0.0,1111.0,30.0,110.89,3850.0
2021-03-08,333.1,84.3,259.8,210.3,55937.0,47218.0,0.0,1162.0,49.0,110.45,3976.0
2021-03-09,343.3,84.8,265.0,213.0,56162.0,47070.0,0.0,1185.0,51.0,122.1,4062.0
2021-03-10,342.7,83.0,265.8,212.2,56591.0,46817.0,0.0,1184.0,45.0,116.15,4065.0
2021-03-11,337.7,76.8,265.8,211.4,57195.0,46220.0,0.0,1173.0,38.0,112.93,4052.0
2021-03-12,336.0,80.2,262.2,206.7,55730.0,46664.0,0.0,1163.0,46.0,113.31,3918.0
2021-03-13,335.8,80.9,260.4,198.7,53724.0,46582.0,0.0,1150.0,35.0,112.74,3827.0
2021-03-14,311.2,76.1,247.4,209.3,52524.0,42310.0,0.0,1115.0,49.0,109.53,3812.0
2021-03-15,330.0,84.2,262.5,213.1,55897.0,46972.0,0.0,1168.0,41.0,115.56,3979.0
2021-03-16,346.6,85.4,264.6,217.5,56249.0,47709.0,0.0,1196.0,33.0,111.13,4059.0
2021-03-17,347.1,87.1,266.0,216.2,57002.0,47676.0,0.0,1200.0,30.0,102.77,4099.0
2021-03-18,348.9,87.5,265.6,215.3,57597.0,47315.0,0.0,1199.0,35.0,101.37,4090.0
2021-03-19,351.0,87.7,264.1,211.1,57278.0,47117.0,0.0,1195.0,24.0,102.65,4044.0
2021-03-20,350.0,85.5,260.6,210.7,55910.0,47328.0,0.0,1186.0,26.0,104.95,4033.0
2021-03-21,322.9,76.7,249.2,209.7,53206.0,42561.0,0.0,1130.0,30.0,104.72,3905.0
2021-03-22,345.8,83.2,262.0,216.1,57205.0,47097.0,0.0,1189.0,30.0,100.53,3962.0
2021-03-23,355.0,86.4,267.6,217.2,58029.0,47187.0,0.0,1209.0,34.0,113.61,3925.0
2021-03-24,355.6,87.5,269.4,216.8,57472.0,47816.0,0.0,1216.0,36.0,108.23,4000.0
2021-03-25,359.1,85.9,272.0,218.3,57429.0,48060.0,0.0,1222.0,31.0,101.48,4060.0
2021-03-26,360.6,87.1,272.0,219.1,58394.0,48299.0,0.0,1229.0,30.0,103.11,4063.0
2021-03-27,362.0,87.2,276.0,220.7,57733.0,48668.0,0.0,1236.0,26.0,101.74,4069.0
2021-03-28,334.2,77.5,259.2,218.7,54532.0,43929.0,0.0,1175.0,23.0,99.8,3932.0
2021-03-29,341.7,80.0,261.0,219.6,56076.0,45870.0,0.0,1181.0,27.0,101.73,3683.0
2021-03-30,352.5,82.7,265.1,219.5,57702.0,48921.0,0.0,1203.0,58.0,101.74,3832.0
2021-03-31,359.7,87.2,272.2,225.0,57414.0,48327.0,0.0,1232.0,67.0,112.66,3998.0
2021-04-01,366.4,85.1,273.0,226.1,57947.0,48510.0,0.0,1239.0,84.0,119.39,3998.0
2021-04-02,367.2,77.6,277.1,234.1,58433.0,48941.0,0.0,1248.0,82.0,117.56,4050.0
2021-04-03,367.8,83.1,277.5,231.5,57990.0,48918.0,0.0,1255.0,98.0,113.22,4087.0
2021-04-04,351.3,77.2,266.0,221.4,56001.0,45388.0,0.0,1201.0,67.0,108.34,3954.0
2021-04-05,363.1,87.8,276.0,222.6,57866.0,48172.0,0.0,1231.0,36.0,102.58,4070.0
2021-04-06,310.2,84.4,280.5,219.4,52947.0,45878.0,0.0,1171.0,30.0,98.16,4064.0
2021-04-07,353.3,87.3,277.7,221.5,57415.0,48946.0,0.0,1217.0,25.0,107.09,4120.0
2021-04-08,364.0,86.5,275.1,217.5,57396.0,48086.0,0.0,1215.0,33.0,99.7,4161.0
2021-04-09,372.7,87.9,271.9,217.8,57574.0,48780.0,0.0,1218.0,29.0,108.22,4122.0
2021-04-10,372.8,87.7,273.0,213.1,56870.0,48485.0,0.0,1208.0,27.0,109.8,4086.0
2021-04-11,351.5,79.5,259.9,213.9,53369.0,44329.0,0.0,1158.0,26.0,108.19,3944.0
2021-04-12,355.0,79.2,261.2,216.3,54942.0,45056.0,0.0,1157.0,29.0,100.42,4045.0
2021-04-13,355.9,78.4,242.6,210.9,52208.0,43707.0,0.0,1117.0,24.0,95.01,4047.0
2021-04-14,330.7,73.2,230.7,205.1,52504.0,41128.0,0.0,1039.0,35.0,89.55,3958.0
2021-04-15,308.9,77.8,219.0,177.5,46651.0,43514.0,0.0,988.0,19.0,108.66,3920.0
2021-04-16,326.0,78.9,234.9,196.2,49919.0,44605.0,0.0,1055.0,26.0,111.44,3942.0
2021-04-17,334.6,80.0,241.3,201.0,49929.0,45372.0,0.0,1080.0,29.0,108.54,3880.0
2021-04-18,319.9,74.6,230.5,206.0,47132.0,41517.0,0.0,1048.0,40.0,105.69,3835.0
2021-04-19,340.4,81.4,240.6,209.8,51610.0,45779.0,0.0,1095.0,73.0,111.42,3989.0
2021-04-20,348.5,78.7,237.5,207.8,50908.0,44549.0,0.0,1093.0,55.0,92.98,3992.0
2021-04-21,353.2,79.1,238.8,208.3,51512.0,44933.0,0.0,1091.0,43.0,103.87,3910.0
2021-04-22,354.4,80.8,227.0,205.0,48983.0,43359.0,0.0,1070.0,56.0,95.99,3823.0
2021-04-23,357.1,81.4,210.6,193.0,48080.0,42094.0,0.0,1033.0,45.0,94.16,3810.0
2021-04-24,356.7,77.9,201.4,193.5,47929.0,42861.0,0.0,1024.0,22.0,106.2,3838.0
2021-04-25,321.1,72.3,200.2,195.8,43780.0,39882.0,0.0,982.0,26.0,108.03,3749.0
2021-04-26,349.7,80.4,214.8,204.3,49386.0,44033.0,0.0,1046.0,32.0,107.62,3918.0
2021-04-27,360.9,81.9,223.1,204.9,49784.0,43829.0,0.0,1063.0,40.0,104.83,3970.0
2021-04-28,366.3,82.8,223.3,206.2,49757.0,44815.0,13.0,1070.0,41.0,104.23,4014.0
2021-04-29,371.2,84.6,221.0,206.0,49990.0,42830.0,0.0,1073.0,50.0,102.1,4021.0
2021-04-30,369.0,83.0,210.1,202.9,48670.0,43995.0,0.0,1050.0,24.0,106.6,3957.0
2021-05-01,335.4,73.6,202.5,195.1,43961.0,38474.0,0.0,981.0,32.0,97.67,3779.0
2021-05-02,319.1,74.2,198.3,196.7,43802.0,39387.0,0.0,962.0,21.0,102.42,3686.0
2021-05-03,343.1,77.9,211.6,201.3,47388.0,42233.0,0.0,1006.0,25.0,102.72,3747.0
2021-05-04,353.6,75.7,213.7,202.9,47699.0,41486.0,0.0,1020.0,19.0,97.08,3769.0
2021-05-05,352.5,75.7,208.6,200.7,47597.0,41270.0,0.0,1010.0,20.0,103.81,3788.0
2021-05-06,353.5,78.6,208.9,200.4,46688.0,42110.0,0.0,1013.0,19.0,103.16,3766.0
2021-05-07,347.1,75.8,207.7,201.8,46965.0,41110.0,0.0,1008.0,22.0,99.43,3708.0
2021-05-08,339.3,72.3,203.1,201.6,45323.0,41412.0,0.0,992.0,21.0,108.73,3773.0
2021-05-09,316.2,71.0,198.9,201.3,43566.0,38988.0,0.0,960.0,21.0,101.68,3635.0
2021-05-10,319.2,73.1,196.8,207.4,45310.0,39696.0,0.0,972.0,21.0,96.67,3681.0
2021-05-11,329.3,72.1,190.8,195.2,45590.0,39032.0,0.0,962.0,52.0,95.01,3675.0
2021-05-12,330.5,69.4,188.3,178.9,43296.0,38756.0,0.0,930.0,47.0,101.01,3587.0
2021-05-13,315.8,65.2,183.5,188.3,42712.0,37878.0,0.0,916.0,68.0,90.62,3506.0
2021-05-14,306.6,54.2,180.9,187.8,41154.0,35692.0,0.0,894.0,78.0,106.16,3571.0
2021-05-15,288.2,48.7,159.6,186.4,38172.0,35186.0,0.0,838.0,98.0,86.76,3565.0
2021-05-16,270.4,52.7,144.3,182.8,34393.0,34167.0,0.0,795.0,122.0,83.04,3420.0
2021-05-17,287.4,58.3,169.7,189.3,39582.0,37580.0,0.0,860.0,105.0,109.78,3455.0
2021-05-18,303.8,61.3,176.7,193.3,40821.0,37514.0,0.0,895.0,108.0,111.92,3300.0
2021-05-19,298.2,61.7,179.2,196.4,42505.0,36854.0,0.0,898.0,93.0,106.9,3150.0
2021-05-20,288.9,62.5,180.3,184.8,40131.0,35708.0,0.0,873.0,95.0,92.02,3185.0
2021-05-21,266.3,62.0,177.8,170.7,39464.0,34655.0,0.0,837.0,95.0,90.41,3280.0
2021-05-22,262.8,61.3,172.6,160.4,36594.0,35213.0,0.0,816.0,89.0,86.07,3366.0
2021-05-23,253.7,61.7,168.4,161.1,35813.0,34574.0,0.0,801.0,110.0,105.76,3379.0
2021-05-24,256.6,67.0,177.1,168.3,36689.0,36139.0,0.0,828.0,148.0,88.14,3501.0
2021-05-25,250.3,66.7,178.2,172.5,37243.0,34307.0,0.0,829.0,165.0,91.92,3500.0
2021-05-26,240.0,61.5,171.3,171.2,36244.0,35488.0,0.0,806.0,201.0,91.46,3475.0
2021-05-27,257.2,61.8,180.7,178.5,40212.0,35616.0,0.0,841.0,219.0,96.26,3506.0
2021-05-28,270.2,65.3,194.0,196.4,41426.0,37181.0,0.0,891.0,182.0,109.76,3632.0
2021-05-29,273.9,65.1,198.6,203.5,42373.0,36654.0,0.0,911.0,149.0,106.62,3730.0
2021-05-30,278.6,63.4,192.6,201.6,40924.0,35622.0,0.0,899.0,145.0,106.65,3610.0
2021-05-31,285.4,68.1,205.9,204.2,43519.0,37569.0,0.0,932.0,164.0,112.89,3753.0
2021-06-01,293.5,68.1,210.7,199.7,43902.0,38154.0,0.0,938.0,146.0,106.03,3535.0
2021-06-02,304.2,70.6,207.7,194.1,44051.0,37535.0,0.0,938.0,74.0,104.59,3629.0
2021-06-03,299.9,71.2,174.5,172.6,39286.0,36975.0,0.0,866.0,46.0,74.89,3629.0
2021-06-04,288.9,68.4,160.3,174.9,40337.0,35178.0,0.0,847.0,44.0,84.53,3677.0
2021-06-05,273.7,63.2,151.5,175.6,37303.0,34148.0,0.0,818.0,47.0,92.51,3594.0
2021-06-06,252.2,60.9,142.9,174.1,35671.0,32992.0,0.0,778.0,56.0,95.96,3516.0
2021-06-07,288.9,68.7,160.5,181.3,39376.0,36699.0,0.0,863.0,99.0,111.27,3783.0
2021-06-08,299.4,70.6,173.9,186.8,40432.0,36978.0,0.0,897.0,143.0,109.41,3904.0
2021-06-09,303.3,69.7,177.2,187.5,40283.0,37295.0,0.0,899.0,200.0,87.67,3935.0
2021-06-10,313.3,68.7,180.3,182.7,41032.0,37285.0,0.0,902.0,216.0,94.04,3906.0
2021-06-11,319.6,69.9,182.7,173.3,40819.0,37638.0,0.0,891.0,234.0,93.22,3814.0
2021-06-12,311.6,63.6,179.5,171.1,39256.0,35488.0,0.0,875.0,233.0,87.93,3770.0
2021-06-13,282.8,58.1,162.3,170.5,36040.0,33372.0,0.0,820.0,231.0,80.77,3587.0
2021-06-14,289.3,59.5,168.3,175.2,38934.0,36274.0,0.0,838.0,237.0,73.08,3789.0
2021-06-15,316.4,62.2,167.9,179.8,40578.0,37117.0,0.0,876.0,221.0,83.86,3799.0
2021-06-16,323.9,63.7,159.2,185.7,40872.0,37784.0,0.0,885.0,209.0,87.03,3773.0
2021-06-17,330.9,64.5,153.7,182.5,40975.0,38254.0,0.0,901.0,235.0,83.22,3776.0
2021-06-18,336.9,68.0,162.1,184.9,42600.0,38921.0,0.0,931.0,224.0,87.74,3766.0
2021-06-19,327.4,64.2,161.7,186.7,42443.0,38648.0,0.0,930.0,198.0,89.17,3682.0
2021-06-20,318.2,62.0,156.5,187.7,41694.0,37722.0,0.0,920.0,188.0,111.09,3585.0
2021-06-21,334.9,68.8,176.4,198.3,45525.0,41181.0,0.0,993.0,149.0,109.68,3867.0
2021-06-22,332.6,69.7,187.0,203.4,46626.0,41448.0,0.0,1014.0,126.0,97.96,4047.0
2021-06-23,330.0,71.2,195.5,197.3,47455.0,41349.0,0.0,1025.0,120.0,91.36,4116.0
2021-06-24,316.2,69.6,197.4,189.0,45609.0,40628.0,0.0,998.0,179.0,88.5,4046.0
2021-06-25,328.3,72.5,195.4,192.3,45815.0,42099.0,0.0,1021.0,183.0,95.74,4077.0
2021-06-26,329.6,66.6,196.3,195.4,47680.0,40547.0,0.0,1025.0,198.0,78.92,4049.0
2021-06-27,301.2,62.1,164.9,177.2,40954.0,36644.0,0.0,911.0,120.0,55.51,3926.0
2021-06-28,314.3,69.7,184.2,179.7,44912.0,41374.0,0.0,959.0,68.0,91.03,4134.0
2021-06-29,344.9,71.7,199.4,195.3,49123.0,41585.0,0.0,1046.0,49.0,108.45,4302.0
2021-06-30,349.8,75.2,211.0,199.3,51023.0,43711.0,0.0,1078.0,81.0,109.41,4384.0
2021-07-01,336.8,73.2,215.9,189.8,50167.0,42100.0,0.0,1055.0,97.0,78.53,4321.0
2021-07-02,316.7,72.3,212.6,179.6,46947.0,40950.0,0.0,1004.0,130.0,74.94,4288.0
2021-07-03,319.9,69.2,210.5,176.0,46264.0,41692.0,0.0,1010.0,82.0,97.0,4220.0
2021-07-04,290.5,66.1,199.5,172.6,44292.0,36533.0,0.0,959.0,64.0,89.5,4191.0
2021-07-05,300.4,72.1,196.4,171.9,44920.0,41207.0,0.0,968.0,59.0,87.37,4337.0
2021-07-06,322.1,73.1,200.2,179.8,46522.0,41542.0,0.0,999.0,45.0,98.72,4470.0
2021-07-07,323.1,75.6,194.8,182.5,47403.0,39766.0,0.0,996.0,61.0,100.96,4508.0
2021-07-08,322.8,74.9,191.6,174.3,43268.0,40302.0,0.0,946.0,71.0,81.12,4360.0
2021-07-09,307.8,73.0,185.9,170.3,42486.0,38881.0,0.0,929.0,115.0,73.48,4310.0
2021-07-10,290.9,61.8,171.8,166.2,40170.0,37260.0,0.0,879.0,171.0,74.2,4278.0
2021-07-11,264.1,56.5,152.5,161.3,36585.0,34061.0,0.0,807.0,186.0,50.67,4036.0
2021-07-12,296.2,63.3,165.7,163.7,40387.0,38687.0,0.0,866.0,206.0,66.91,4038.0
2021-07-13,310.7,64.3,166.3,164.4,41273.0,38657.0,0.0,881.0,201.0,62.33,4034.0
2021-07-14,309.0,63.4,160.3,159.7,40517.0,37930.0,0.0,860.0,180.0,62.13,3977.0
2021-07-15,297.4,65.1,153.1,154.1,39086.0,37955.0,0.0,833.0,147.0,65.01,4024.0
2021-07-16,302.9,66.1,159.2,160.2,42057.0,37752.0,0.0,870.0,122.0,79.22,4198.0
2021-07-17,295.7,62.5,158.9,163.0,41094.0,37885.0,0.0,873.0,117.0,82.76,4238.0
2021-07-18,258.0,58.2,136.2,157.8,37698.0,33651.0,0.0,806.0,156.0,57.38,3933.0
2021-07-19,289.8,65.8,146.9,161.7,40923.0,38013.0,0.0,860.0,207.0,90.0,3851.0
2021-07-20,304.9,68.5,147.5,164.0,41988.0,38104.0,0.0,887.0,214.0,82.12,3783.0
2021-07-21,309.9,64.6,140.8,156.7,39126.0,36753.0,0.0,836.0,238.0,51.06,3742.0
2021-07-22,306.9,65.9,145.6,142.0,37255.0,36435.0,0.0,803.0,246.0,44.21,3805.0
2021-07-23,313.0,67.8,144.8,149.1,38658.0,36764.0,0.0,827.0,224.0,69.32,3888.0
2021-07-24,318.7,64.2,145.6,160.1,40529.0,38146.0,0.0,858.0,225.0,91.35,3897.0
2021-07-25,296.6,60.1,131.5,169.1,38125.0,34332.0,0.0,843.0,222.0,94.06,3870.0
2021-07-26,315.2,67.6,149.1,175.8,42425.0,39758.0,0.0,911.0,213.0,96.58,4012.0
2021-07-27,326.2,68.4,161.3,186.7,44799.0,40396.0,0.0,966.0,229.0,97.85,3959.0
2021-07-28,333.1,69.8,170.0,192.4,46860.0,41004.0,0.0,994.0,228.0,98.23,3746.0
2021-07-29,337.7,69.6,175.5,194.6,48277.0,40933.0,0.0,1004.0,229.0,83.59,3725.0
2021-07-30,345.4,70.6,182.1,196.3,48669.0,40842.0,0.0,1022.0,226.0,91.97,3729.0
2021-07-31,339.4,67.4,182.2,196.6,48152.0,41198.0,0.0,1012.0,225.0,78.22,3741.0
2021-08-01,316.8,63.9,170.1,194.4,45356.0,38256.0,0.0,968.0,217.0,87.97,3622.0
2021-08-02,337.3,70.0,190.1,205.9,50532.0,41851.0,0.0,1038.0,226.0,98.57,3852.0
2021-08-03,342.3,69.6,195.6,209.6,50863.0,41752.0,0.0,1060.0,237.0,96.18,3959.0
2021-08-04,349.1,70.1,192.8,213.8,51334.0,42693.0,20.0,1073.0,231.0,94.24,4040.0
2021-08-05,352.4,70.3,194.8,219.5,52308.0,42797.0,0.0,1086.0,228.0,86.6,4156.0
2021-08-06,350.2,69.4,195.6,216.6,52286.0,42875.0,40.0,1078.0,209.0,91.86,4213.0
2021-08-07,334.7,67.6,194.4,219.2,51541.0,41566.0,20.0,1067.0,146.0,100.1,4239.0
2021-08-08,315.8,61.3,186.1,214.7,49260.0,39224.0,0.0,1022.0,97.0,100.21,4095.0
2021-08-09,337.7,69.2,201.6,216.9,52209.0,43613.0,0.0,1077.0,133.0,101.66,4246.0
2021-08-10,343.9,70.7,204.6,201.5,51451.0,43514.0,20.0,1079.0,154.0,86.3,4326.0
2021-08-11,343.5,70.9,203.6,206.1,51618.0,43196.0,20.0,1082.0,132.0,101.2,4377.0
2021-08-12,331.5,69.3,202.3,212.3,52529.0,42808.0,0.0,1075.0,169.0,81.62,4428.0
2021-08-13,335.5,69.2,198.4,204.7,51340.0,42257.0,0.0,1055.0,146.0,78.88,4455.0
2021-08-14,329.4,67.1,198.1,194.2,49123.0,42215.0,0.0,1034.0,194.0,87.93,4441.0
2021-08-15,287.3,61.4,181.8,187.3,46148.0,36871.0,0.0,956.0,157.0,76.99,4261.0
2021-08-16,321.6,69.1,195.7,185.2,46431.0,40896.0,0.0,963.0,128.0,67.0,4372.0
2021-08-17,329.1,71.2,191.7,179.8,45198.0,40790.0,0.0,953.0,127.0,61.05,4425.0
2021-08-18,322.8,70.7,188.3,188.7,45865.0,41386.0,0.0,953.0,172.0,83.34,4384.0
2021-08-19,328.0,69.7,191.9,195.5,47239.0,42069.0,0.0,981.0,192.0,90.63,4364.0
2021-08-20,330.2,67.9,195.2,195.9,48572.0,41888.0,0.0,997.0,93.0,79.84,4205.0
2021-08-21,310.9,63.1,192.5,187.9,46870.0,40224.0,0.0,962.0,54.0,65.3,4014.0
2021-08-22,283.9,63.3,169.6,182.4,43219.0,37332.0,0.0,899.0,19.0,93.89,3733.0
2021-08-23,301.2,68.4,180.4,189.3,46967.0,41369.0,0.0,957.0,38.0,98.34,3988.0
2021-08-24,312.5,71.8,185.7,196.4,48194.0,43057.0,0.0,1003.0,66.0,103.5,4208.0
2021-08-25,324.4,73.5,188.8,194.0,48860.0,43096.0,0.0,1021.0,93.0,88.98,4292.0
2021-08-26,326.3,72.9,195.8,190.8,48714.0,41988.0,0.0,999.0,113.0,89.24,4294.0
2021-08-27,317.6,70.5,191.0,187.6,48687.0,41262.0,0.0,978.0,125.0,78.92,4272.0
2021-08-28,306.5,68.4,180.0,172.6,44610.0,38973.0,1952.0,926.0,143.0,55.93,4218.0
2021-08-29,269.4,59.2,154.7,172.0,38892.0,35893.0,0.0,827.0,162.0,64.45,4032.0
2021-08-30,298.5,66.2,167.7,173.4,41336.0,39753.0,0.0,868.0,181.0,61.48,4027.0
2021-08-31,317.8,71.2,176.6,178.1,42937.0,40631.0,110.0,905.0,123.0,82.48,3981.0
2021-09-01,320.5,72.5,185.4,181.5,43816.0,40769.0,0.0,929.0,106.0,96.62,3949.0
2021-09-02,308.8,72.2,185.6,179.8,44969.0,40537.0,0.0,933.0,109.0,80.15,3985.0
2021-09-03,296.6,71.8,178.9,176.9,43017.0,40084.0,0.0,904.0,75.0,65.52,3948.0
2021-09-04,289.0,69.3,169.3,178.6,41852.0,39045.0,0.0,880.0,141.0,79.74,3900.0
2021-09-05,259.8,61.2,150.6,172.1,38439.0,34419.0,0.0,801.0,142.0,80.43,3795.0
2021-09-06,280.1,67.7,159.7,165.7,39787.0,38301.0,0.0,828.0,188.0,65.74,3954.0
2021-09-07,297.2,69.9,160.3,168.6,40770.0,39578.0,0.0,841.0,217.0,74.13,3886.0
2021-09-08,312.0,71.5,163.7,176.9,41261.0,40956.0,0.0,883.0,203.0,90.03,3914.0
2021-09-09,322.0,73.1,177.5,186.6,43666.0,41914.0,0.0,936.0,184.0,103.16,3977.0
2021-09-10,315.1,73.1,168.6,186.6,44182.0,38729.0,0.0,934.0,192.0,98.61,3866.0
2021-09-11,326.7,72.7,176.9,183.6,44746.0,41392.0,0.0,955.0,187.0,88.54,3686.0
2021-09-12,302.7,65.1,166.4,187.6,43635.0,37648.0,0.0,923.0,213.0,88.7,3566.0
2021-09-13,326.2,69.4,178.8,194.0,47128.0,41662.0,0.0,975.0,234.0,80.79,3712.0
2021-09-14,339.4,72.7,187.0,198.7,46970.0,43318.0,0.0,998.0,206.0,89.47,3673.0
2021-09-15,350.1,74.0,195.0,205.1,49681.0,43693.0,0.0,1042.0,137.0,95.45,3732.0
2021-09-16,341.6,73.3,203.6,211.8,50726.0,44611.0,0.0,1064.0,136.0,102.86,3744.0
2021-09-17,342.5,73.8,211.3,212.3,53380.0,44608.0,0.0,1091.0,87.0,104.23,3757.0
2021-09-18,321.7,74.5,216.2,209.3,51724.0,42965.0,950.0,1070.0,52.0,98.52,3859.0
2021-09-19,307.2,69.6,209.8,205.0,49586.0,40458.0,0.0,1031.0,31.0,96.88,3854.0
2021-09-20,313.2,76.7,219.4,202.1,51841.0,42456.0,801.0,1036.0,44.0,98.99,3995.0
2021-09-21,314.9,77.7,205.7,205.8,46898.0,43174.0,0.0,1003.0,102.0,87.3,3931.0
2021-09-22,326.3,77.8,205.0,197.2,46894.0,42418.0,0.0,998.0,101.0,82.89,3795.0
2021-09-23,321.9,77.5,204.0,197.7,47249.0,42629.0,83.0,996.0,102.0,85.47,3729.0
2021-09-24,318.5,77.1,207.9,192.0,47558.0,41737.0,0.0,996.0,52.0,214.49,3726.0
2021-09-25,319.1,77.7,206.7,194.7,47578.0,42553.0,0.0,1009.0,105.0,97.06,3792.0
2021-09-26,288.9,70.7,192.6,182.9,43012.0,37937.0,0.0,926.0,109.0,83.57,3649.0
2021-09-27,301.0,63.1,196.8,164.5,41997.0,39957.0,0.0,897.0,176.0,65.26,3719.0
2021-09-28,315.7,69.1,193.4,182.1,42851.0,41821.0,0.0,922.0,203.0,78.6,3755.0
2021-09-29,326.8,72.2,199.7,187.6,44697.0,43156.0,0.0,965.0,139.0,94.9,3792.0
2021-09-30,328.8,74.2,208.7,188.7,47198.0,42523.0,0.0,1000.0,62.0,92.33,3853.0
2021-10-01,306.3,74.4,201.4,189.6,47718.0,40428.0,390.0,982.0,19.0,86.5,3820.0
2021-10-02,279.1,68.7,170.4,188.3,42440.0,38848.0,0.0,909.0,14.0,91.91,3649.0
2021-10-03,261.4,65.3,165.8,191.1,41669.0,37583.0,0.0,885.0,21.0,98.24,3636.0
2021-10-04,294.7,73.2,182.2,198.0,46636.0,41115.0,0.0,958.0,20.0,95.46,3825.0
2021-10-05,295.6,74.0,183.6,195.7,46125.0,40503.0,0.0,954.0,17.0,83.03,3830.0
2021-10-06,290.1,74.4,169.1,182.8,44231.0,40607.0,560.0,925.0,29.0,76.75,3845.0
2021-10-07,303.2,75.7,168.5,181.3,44833.0,41531.0,70.0,947.0,42.0,86.9,3887.0
2021-10-08,308.1,75.2,170.6,180.2,45911.0,40648.0,0.0,952.0,72.0,83.01,3900.0
2021-10-09,290.3,71.7,165.7,175.2,41388.0,38887.0,220.0,898.0,94.0,73.34,3828.0
2021-10-10,270.8,66.6,152.2,176.7,40216.0,36868.0,0.0,859.0,98.0,93.7,3772.0
2021-10-11,288.1,71.1,164.7,182.6,44034.0,39391.0,400.0,912.0,87.0,88.64,3890.0
2021-10-12,287.2,69.0,166.4,185.4,43618.0,39259.0,500.0,921.0,97.0,96.91,3918.0
2021-10-13,291.2,70.7,164.3,184.5,44696.0,39191.0,850.0,925.0,85.0,94.64,3905.0
2021-10-14,265.3,69.7,162.8,191.0,42000.0,37701.0,0.0,901.0,60.0,92.42,3838.0
2021-10-15,286.0,71.4,149.9,185.6,42923.0,36562.0,0.0,893.0,44.0,93.75,3683.0
2021-10-16,290.1,69.4,159.2,182.0,41558.0,37844.0,0.0,879.0,37.0,80.46,3712.0
2021-10-17,267.9,63.3,155.8,182.9,39418.0,36395.0,0.0,835.0,81.0,77.01,3562.0
2021-10-18,296.8,70.5,171.9,191.8,44508.0,41623.0,0.0,916.0,129.0,99.7,3536.0
2021-10-19,317.1,72.3,180.2,202.0,45521.0,41698.0,0.0,968.0,51.0,98.98,3581.0
2021-10-20,313.9,73.0,188.7,201.6,46396.0,41760.0,0.0,978.0,19.0,85.01,3640.0
2021-10-21,304.1,73.1,185.9,198.6,44999.0,42183.0,0.0,965.0,16.0,88.63,3640.0
2021-10-22,313.7,74.8,183.9,199.3,45680.0,43056.0,0.0,978.0,16.0,91.85,3688.0
2021-10-23,308.5,72.7,182.8,197.8,46793.0,41599.0,0.0,968.0,19.0,84.14,3623.0
2021-10-24,273.7,66.7,163.4,182.6,40719.0,37275.0,0.0,884.0,23.0,84.07,3426.0
2021-10-25,294.7,72.9,177.7,187.4,43857.0,41779.0,0.0,934.0,16.0,90.6,3529.0
2021-10-26,304.4,73.9,180.4,190.2,44490.0,42402.0,0.0,950.0,27.0,97.19,3605.0
2021-10-27,311.1,72.7,180.8,194.0,44612.0,41989.0,0.0,957.0,35.0,100.94,3599.0
2021-10-28,303.6,73.4,188.1,196.1,45268.0,41999.0,0.0,959.0,27.0,95.22,3581.0
2021-10-29,296.6,74.0,187.7,184.7,46287.0,41193.0,0.0,939.0,30.0,58.79,3555.0
2021-10-30,283.8,73.1,183.2,176.1,42902.0,40928.0,0.0,902.0,31.0,75.78,3493.0
2021-10-31,264.9,66.9,172.2,172.1,40507.0,37441.0,0.0,855.0,22.0,73.01,3381.0
2021-11-01,270.7,71.3,164.5,167.1,40709.0,38450.0,0.0,849.0,28.0,59.47,3425.0
2021-11-02,266.9,71.5,174.7,163.6,41161.0,39226.0,0.0,851.0,47.0,68.74,3458.0
2021-11-03,243.9,71.9,178.5,160.9,40100.0,37205.0,0.0,826.0,28.0,66.9,3393.0
2021-11-04,185.2,67.5,173.4,150.1,36805.0,31062.0,0.0,732.0,23.0,71.18,3071.0
2021-11-05,195.9,71.2,160.1,155.7,36961.0,35048.0,0.0,746.0,27.0,79.63,2947.0
2021-11-06,222.5,73.3,165.6,162.7,38652.0,36737.0,0.0,793.0,33.0,87.5,3070.0
2021-11-07,219.7,67.7,160.1,160.0,36162.0,34764.0,0.0,769.0,19.0,64.41,3092.0
2021-11-08,234.6,71.5,172.4,162.9,38740.0,37595.0,0.0,807.0,19.0,65.5,3261.0
2021-11-09,245.2,70.8,174.1,166.3,39220.0,38271.0,0.0,822.0,28.0,72.8,3371.0
2021-11-10,243.5,72.0,178.6,168.0,39768.0,38135.0,0.0,828.0,20.0,72.13,3402.0
2021-11-11,215.5,73.6,172.1,153.5,38337.0,35930.0,0.0,778.0,58.0,45.32,3359.0
2021-11-12,233.8,72.5,169.4,150.9,39646.0,37832.0,0.0,788.0,84.0,41.88,3407.0
2021-11-13,249.9,70.3,169.3,151.7,39779.0,37991.0,0.0,799.0,42.0,60.58,3409.0
2021-11-14,231.1,63.3,155.4,151.9,36360.0,34907.0,0.0,755.0,41.0,64.57,3324.0
2021-11-15,253.0,68.7,164.3,156.8,40056.0,38446.0,0.0,802.0,49.0,70.67,3433.0
2021-11-16,262.6,70.2,161.7,156.8,39900.0,38409.0,0.0,809.0,34.0,67.78,3467.0
2021-11-17,265.0,72.0,158.1,155.0,39702.0,38264.0,0.0,808.0,31.0,58.33,3458.0
2021-11-18,252.7,72.3,155.6,148.8,38934.0,37068.0,0.0,787.0,28.0,35.87,3411.0
2021-11-19,254.8,71.9,146.6,141.1,37977.0,36529.0,0.0,768.0,93.0,41.87,3328.0
2021-11-20,253.2,71.5,143.4,141.8,37939.0,36534.0,0.0,758.0,70.0,59.48,3341.0
2021-11-21,238.6,64.9,130.5,139.7,52283.0,33984.0,0.0,716.0,16.0,65.63,3208.0
2021-11-22,264.5,71.7,147.9,147.7,39689.0,37848.0,0.0,782.0,9.0,83.66,3355.0
2021-11-23,271.7,72.8,150.1,154.2,39582.0,39202.0,0.0,804.0,11.0,84.26,3434.0
2021-11-24,275.6,72.8,147.3,154.9,39130.0,38684.0,0.0,809.0,25.0,74.62,3465.0
2021-11-25,268.9,72.0,147.1,155.6,38368.0,37776.0,0.0,802.0,44.0,76.01,3473.0
2021-11-26,259.1,71.3,151.0,155.9,38350.0,37680.0,0.0,798.0,38.0,78.68,3486.0
2021-11-27,252.6,71.5,148.9,153.1,37641.0,36845.0,0.0,785.0,43.0,69.34,3458.0
2021-11-28,229.4,65.4,132.9,143.3,33549.0,32482.0,0.0,722.0,54.0,45.27,3310.0
2021-11-29,244.5,70.7,142.9,142.3,37194.0,36511.0,0.0,755.0,55.0,46.8,3391.0
2021-11-30,255.9,71.8,141.1,143.2,37529.0,36902.0,0.0,768.0,51.0,68.36,3418.0
2021-12-01,258.1,72.8,153.5,145.0,38607.0,37973.0,0.0,789.0,58.0,73.84,3354.0
2021-12-02,265.8,73.8,155.3,147.8,39226.0,38666.0,0.0,808.0,30.0,73.79,3281.0
2021-12-03,274.7,74.6,159.3,148.5,39217.0,38515.0,0.0,827.0,9.0,79.44,3338.0
2021-12-04,263.3,74.4,155.6,150.2,38757.0,38156.0,0.0,813.0,7.0,80.4,3356.0
2021-12-05,249.1,67.7,137.6,152.3,35498.0,35089.0,0.0,772.0,10.0,77.34,3290.0
2021-12-06,266.8,74.7,155.2,153.2,39780.0,39367.0,0.0,824.0,8.0,87.25,3423.0
2021-12-07,277.8,75.5,156.7,154.6,40174.0,39448.0,0.0,843.0,18.0,93.32,3505.0
2021-12-08,283.3,76.0,160.7,165.6,40596.0,39893.0,0.0,866.0,38.0,90.11,3547.0
2021-12-09,281.8,76.4,165.5,160.5,41265.0,38849.0,0.0,866.0,40.0,64.51,3570.0
2021-12-10,282.2,76.0,163.7,159.0,41042.0,39377.0,0.0,859.0,50.0,75.1,3574.0
2021-12-11,280.3,74.9,164.5,158.3,40263.0,38844.0,0.0,857.0,57.0,83.49,3555.0
2021-12-12,245.3,69.1,149.0,158.3,37306.0,35248.0,0.0,799.0,61.0,81.4,3415.0
2021-12-13,268.1,75.9,165.7,162.2,41049.0,39135.0,0.0,853.0,60.0,76.13,3532.0
2021-12-14,275.2,76.2,170.9,164.8,41999.0,39216.0,0.0,871.0,52.0,70.15,3591.0
2021-12-15,277.7,76.7,174.2,166.4,42554.0,39749.0,0.0,877.0,53.0,77.09,3602.0
2021-12-16,282.7,76.5,177.9,166.7,43080.0,39964.0,0.0,887.0,44.0,99.09,3630.0
2021-12-17,289.7,77.0,181.7,166.3,44414.0,40229.0,0.0,901.0,36.0,98.1,3648.0
2021-12-18,276.4,76.4,180.6,163.4,43576.0,39412.0,0.0,882.0,46.0,102.55,3629.0
2021-12-19,258.6,69.4,168.6,160.4,41381.0,35520.0,0.0,838.0,54.0,103.87,3481.0
2021-12-20,276.6,74.1,182.4,165.8,43644.0,39647.0,0.0,887.0,41.0,102.7,3634.0
2021-12-21,286.8,74.3,190.9,167.3,44959.0,40481.0,0.0,909.0,18.0,103.07,3714.0
2021-12-22,288.5,74.4,193.9,168.8,45954.0,40764.0,0.0,918.0,12.0,99.96,3736.0
2021-12-23,293.0,74.8,200.5,170.3,46521.0,40881.0,0.0,932.0,14.0,105.6,3762.0
2021-12-24,295.8,73.7,203.2,172.6,47038.0,40269.0,0.0,944.0,18.0,104.26,3788.0
2021-12-25,287.3,66.3,199.0,171.3,46689.0,38706.0,0.0,920.0,18.0,102.55,3721.0
2021-12-26,263.1,64.7,187.1,167.8,44042.0,36079.0,0.0,874.0,26.0,101.2,3579.0
2021-12-27,287.4,72.2,199.9,175.3,46964.0,40809.0,0.0,933.0,51.0,96.83,3665.0
2021-12-28,289.4,72.6,204.3,178.4,47578.0,41619.0,0.0,948.0,53.0,101.17,3592.0
2021-12-29,297.1,72.8,206.6,179.3,48314.0,41357.0,0.0,960.0,42.0,94.71,3553.0
2021-12-30,295.2,72.8,207.5,174.9,48906.0,40193.0,0.0,958.0,69.0,93.73,3623.0
2021-12-31,273.4,74.9,208.1,175.6,47654.0,39728.0,0.0,943.0,77.0,66.68,3655.0
2022-01-01,253.9,74.9,201.0,170.7,47285.0,37107.0,0.0,905.0,68.0,75.94,3589.0
2022-01-02,228.5,69.1,191.2,169.7,43386.0,35676.0,0.0,859.0,69.0,88.72,3483.0
2022-01-03,264.7,76.3,209.3,177.0,46944.0,40896.0,0.0,935.0,53.0,97.28,3665.0
2022-01-04,275.8,77.1,214.9,177.5,,41124.0,0.0,955.0,56.0,102.27,3726.0
2022-01-05,286.7,76.6,216.6,179.3,48657.0,41530.0,0.0,969.0,36.0,101.81,3656.0
2022-01-06,291.7,76.8,219.8,182.9,49885.0,41992.0,0.0,984.0,45.0,101.18,3581.0
2022-01-07,297.0,77.9,221.3,183.5,50889.0,41795.0,0.0,999.0,46.0,92.34,3592.0
2022-01-08,298.4,77.0,225.5,180.8,49852.0,41830.0,0.0,999.0,41.0,78.78,3454.0
2022-01-09,269.6,70.4,209.7,182.1,47051.0,37552.0,0.0,945.0,36.0,88.83,3359.0
2022-01-10,295.6,76.5,220.4,185.9,50217.0,41947.0,0.0,991.0,27.0,96.27,3513.0
2022-01-11,306.7,77.5,223.9,188.9,50036.0,42986.0,0.0,995.0,27.0,92.48,3565.0
2022-01-12,310.9,76.8,222.6,187.3,49831.0,41592.0,0.0,983.0,18.0,87.27,3564.0
2022-01-13,302.3,75.8,224.2,175.9,48714.0,41010.0,0.0,958.0,29.0,93.78,3574.0
2022-01-14,260.0,75.0,227.1,166.7,46610.0,37465.0,0.0,910.0,18.0,97.21,3474.0
2022-01-15,243.5,74.8,216.6,157.7,44937.0,35558.0,0.0,872.0,17.0,97.07,3443.0
2022-01-16,235.2,69.0,213.3,152.8,41704.0,34892.0,0.0,845.0,53.0,90.19,3407.0
2022-01-17,272.1,76.3,234.7,164.1,47239.0,39895.0,0.0,937.0,62.0,93.24,3624.0
2022-01-18,287.7,77.2,225.9,171.7,48344.0,41220.0,0.0,963.0,58.0,105.85,3713.0
2022-01-19,294.1,77.1,229.0,174.9,49282.0,41193.0,0.0,981.0,25.0,108.45,3755.0
2022-01-20,297.9,77.2,233.1,176.5,49838.0,41577.0,0.0,995.0,25.0,110.45,3789.0
2022-01-21,306.0,77.5,232.1,183.6,52077.0,45759.0,0.0,1012.0,21.0,109.59,3812.0
2022-01-22,307.9,76.5,231.9,188.0,51533.0,42741.0,0.0,1016.0,52.0,110.33,3686.0
2022-01-23,281.1,67.4,213.8,186.9,44871.0,38419.0,0.0,958.0,67.0,111.06,3537.0
2022-01-24,301.9,72.9,244.6,188.7,51812.0,42968.0,0.0,1022.0,29.0,106.65,3734.0
2022-01-25,308.3,73.0,245.2,190.1,52435.0,42774.0,0.0,1031.0,15.0,101.8,3794.0
2022-01-26,290.4,69.4,224.3,185.4,49946.0,39610.0,0.0,978.0,17.0,88.77,3619.0
2022-01-27,301.0,73.3,229.4,184.7,51558.0,43079.0,0.0,1001.0,50.0,85.87,3739.0
2022-01-28,305.5,74.6,234.4,186.8,52236.0,42757.0,0.0,1018.0,79.0,121.06,3834.0
2022-01-29,306.4,76.0,234.6,186.9,52918.0,41996.0,0.0,1019.0,64.0,104.8,3817.0
2022-01-30,283.9,70.1,228.8,184.2,50187.0,39330.0,0.0,978.0,28.0,107.5,3723.0
2022-01-31,308.7,79.6,240.7,188.1,53043.0,42713.0,0.0,1034.0,18.0,108.26,3855.0
2022-02-01,316.9,81.0,241.4,190.9,52719.0,43020.0,0.0,1051.0,19.0,102.22,3877.0
2022-02-02,319.3,80.8,244.1,193.6,53125.0,43791.0,300.0,1058.0,19.0,107.25,3904.0
2022-02-03,320.6,80.8,242.2,171.0,52301.0,41017.0,1800.0,1035.0,36.0,106.29,3837.0
2022-02-04,323.7,78.3,241.3,171.9,53192.0,41459.0,2200.0,1034.0,36.0,116.34,3827.0
2022-02-05,327.8,75.2,243.9,193.9,54224.0,43622.0,0.0,1060.0,15.0,113.91,3860.0
2022-02-06,296.3,67.9,229.9,199.7,51031.0,39398.0,0.0,1005.0,38.0,101.22,3748.0
2022-02-07,316.5,76.7,246.1,200.1,54015.0,43964.0,0.0,1059.0,26.0,109.59,3875.0
2022-02-08,328.1,79.0,249.8,199.6,54750.0,44288.0,0.0,1082.0,29.0,107.61,3936.0
2022-02-09,327.2,79.5,250.6,202.9,54542.0,44331.0,0.0,1086.0,46.0,104.97,3900.0
2022-02-10,330.0,79.2,249.2,201.0,54576.0,43965.0,0.0,1085.0,45.0,106.34,3890.0
2022-02-11,319.0,78.3,248.2,199.4,53641.0,43023.0,0.0,1072.0,62.0,104.24,3893.0
2022-02-12,312.0,77.8,250.1,190.9,52449.0,42452.0,500.0,1054.0,46.0,102.68,3866.0
2022-02-13,284.9,71.9,237.2,197.5,51486.0,39580.0,0.0,1012.0,44.0,105.04,3765.0
2022-02-14,307.5,79.7,250.6,194.1,54241.0,42246.0,0.0,1057.0,41.0,108.91,3875.0
2022-02-15,317.7,81.0,255.8,189.7,53368.0,43008.0,0.0,1072.0,38.0,101.04,3922.0
2022-02-16,323.2,80.7,256.2,203.0,54677.0,43861.0,0.0,1091.0,28.0,105.37,3964.0
2022-02-17,326.2,80.6,256.3,202.9,54486.0,44278.0,0.0,1089.0,38.0,106.21,3945.0
2022-02-18,331.9,81.0,256.4,204.0,54693.0,44418.0,0.0,1103.0,57.0,106.71,3975.0
2022-02-19,311.9,80.5,257.5,201.5,53427.0,43256.0,0.0,1081.0,49.0,113.04,3948.0
2022-02-20,304.5,75.4,245.0,200.2,52120.0,40802.0,0.0,1049.0,24.0,117.75,3802.0
2022-02-21,332.9,82.9,257.4,205.7,55398.0,45552.0,0.0,1112.0,21.0,110.42,3936.0
2022-02-22,345.4,83.7,265.1,207.3,56236.0,45967.0,0.0,1139.0,27.0,112.27,4003.0
2022-02-23,339.6,82.6,265.3,212.4,55745.0,45823.0,0.0,1147.0,69.0,119.34,3997.0
2022-02-24,340.6,82.6,266.5,212.6,56861.0,46039.0,0.0,1159.0,48.0,112.96,4041.0
2022-02-25,337.5,83.1,267.4,210.4,57039.0,46567.0,0.0,1159.0,54.0,120.62,4042.0
2022-02-26,339.4,82.8,265.0,210.5,57098.0,46081.0,0.0,1155.0,63.0,118.4,3961.0
2022-02-27,314.2,77.2,253.1,206.2,54453.0,42457.0,0.0,1102.0,58.0,122.55,3869.0
2022-02-28,333.1,82.7,265.1,209.1,57105.0,46474.0,0.0,1151.0,43.0,125.73,4003.0
2022-03-01,338.8,82.0,267.7,208.3,58115.0,45126.0,0.0,1164.0,49.0,124.54,4008.0
2022-03-02,328.6,81.1,266.9,208.4,56218.0,45597.0,0.0,1147.0,79.0,120.22,4014.0
2022-03-03,335.8,80.4,259.4,211.5,56885.0,47140.0,0.0,1156.0,90.0,118.16,4051.0
2022-03-04,336.8,81.2,268.2,212.4,57329.0,47176.0,0.0,1175.0,64.0,118.77,4080.0
2022-03-05,333.7,82.9,272.8,213.4,56916.0,47277.0,0.0,1172.0,45.0,119.24,4072.0
2022-03-06,308.1,77.1,255.7,211.5,54278.0,41949.0,0.0,1116.0,60.0,113.67,3955.0
2022-03-07,315.9,84.2,268.1,215.5,56011.0,46432.0,0.0,1154.0,64.0,106.39,4056.0
2022-03-08,323.1,85.2,269.5,220.2,56252.0,46676.0,0.0,1169.0,46.0,113.48,4105.0
2022-03-09,329.4,86.6,276.4,222.8,56999.0,47446.0,0.0,1190.0,38.0,118.66,4118.0
2022-03-10,335.0,86.7,280.0,224.6,57950.0,48141.0,0.0,1204.0,32.0,108.47,4133.0
2022-03-11,343.2,87.3,284.6,222.3,58068.0,47301.0,0.0,1206.0,38.0,108.67,4174.0
2022-03-12,343.9,87.5,279.7,216.2,56324.0,47024.0,0.0,1190.0,32.0,107.49,4151.0
2022-03-13,311.6,80.5,261.7,218.1,54016.0,42390.0,0.0,1136.0,42.0,114.48,4053.0
2022-03-14,337.1,87.5,282.0,222.8,57784.0,47632.0,0.0,1196.0,38.0,116.72,4220.0
2022-03-15,345.5,89.9,280.3,224.8,58046.0,47555.0,0.0,1209.0,21.0,114.55,4299.0
2022-03-16,353.6,89.3,280.5,226.0,58681.0,48210.0,0.0,1222.0,26.0,110.27,4353.0
2022-03-17,352.8,89.3,288.0,228.3,58751.0,48795.0,0.0,1234.0,26.0,108.69,4358.0
2022-03-18,347.1,87.1,277.5,224.9,59175.0,45263.0,0.0,1210.0,39.0,109.44,4046.0
2022-03-19,344.5,84.8,263.9,226.2,58110.0,44674.0,0.0,1185.0,80.0,103.68,4100.0
2022-03-20,324.3,76.3,241.5,222.3,52730.0,42774.0,0.0,1123.0,98.0,93.42,4152.0
2022-03-21,343.9,84.5,262.0,224.8,57669.0,46628.0,0.0,1186.0,74.0,106.19,4320.0
2022-03-22,355.3,87.7,255.3,217.6,57169.0,47820.0,0.0,1190.0,49.0,85.24,4338.0
2022-03-23,357.6,88.1,261.6,220.7,58012.0,47784.0,0.0,1203.0,25.0,97.86,4344.0
2022-03-24,357.5,85.0,254.4,226.9,57773.0,47193.0,0.0,1195.0,31.0,97.07,4329.0
2022-03-25,358.6,84.7,255.7,223.1,57720.0,47759.0,0.0,1186.0,28.0,98.05,4311.0
2022-03-26,362.8,86.3,257.3,227.8,58832.0,47677.0,0.0,1192.0,22.0,99.14,4270.0
2022-03-27,341.2,80.1,245.2,230.7,56305.0,43631.0,0.0,1149.0,24.0,102.56,4192.0
2022-03-28,364.5,77.9,257.9,234.6,59518.0,47566.0,0.0,1195.0,21.0,110.52,4330.0
2022-03-29,375.4,79.7,268.5,221.0,59360.0,47824.0,300.0,1234.0,31.0,111.37,4430.0
2022-03-30,370.2,87.1,272.6,215.0,59652.0,47927.0,773.0,1232.0,43.0,108.0,4437.0
2022-03-31,372.5,89.2,274.6,221.5,59765.0,48949.0,563.0,1245.0,47.0,111.06,4459.0
2022-04-01,368.9,89.0,276.2,234.5,60814.0,47201.0,35.0,1252.0,42.0,106.69,4440.0
2022-04-02,368.6,85.8,252.7,228.8,58690.0,44711.0,0.0,1209.0,38.0,102.73,4376.0
2022-04-03,342.7,78.2,245.1,214.5,55143.0,42951.0,862.0,1145.0,25.0,107.26,4238.0
2022-04-04,363.1,85.0,271.5,220.8,59025.0,48065.0,0.0,1215.0,27.0,107.45,4397.0
2022-04-05,367.1,86.0,270.9,218.7,58219.0,47853.0,600.0,1218.0,26.0,103.27,4436.0
2022-04-06,367.6,80.4,271.3,205.9,58780.0,46721.0,760.0,1200.0,27.0,107.14,4428.0
2022-04-07,372.7,81.2,277.4,213.1,58864.0,47809.0,700.0,1221.0,30.0,108.73,4471.0
2022-04-08,372.7,79.0,282.9,217.1,59998.0,46896.0,361.0,1226.0,28.0,106.76,4520.0
2022-04-09,360.1,73.5,271.5,211.8,57751.0,44912.0,815.0,1179.0,25.0,100.63,4477.0
2022-04-10,320.3,69.8,250.1,207.4,53917.0,41612.0,826.0,1110.0,24.0,92.67,4301.0
2022-04-11,339.2,78.9,270.5,209.4,56531.0,45606.0,381.0,1159.0,21.0,100.78,4437.0
2022-04-12,345.0,78.0,269.3,208.8,56204.0,45416.0,1236.0,1165.0,26.0,105.31,4470.0
2022-04-13,336.8,76.7,262.1,209.2,56503.0,44551.0,771.0,1144.0,31.0,108.14,4450.0
2022-04-14,313.2,73.0,236.1,213.0,53822.0,42016.0,817.0,1067.0,23.0,99.25,4374.0
2022-04-15,324.1,69.6,213.2,211.6,53649.0,42970.0,786.0,1067.0,36.0,96.98,4350.0
2022-04-16,335.8,80.3,212.7,210.5,53326.0,42611.0,804.0,1092.0,53.0,99.97,4430.0
2022-04-17,296.9,76.2,190.5,200.7,46954.0,39366.0,888.0,1008.0,59.0,100.21,4274.0
2022-04-18,317.1,82.5,209.3,203.2,51595.0,43338.0,848.0,1063.0,50.0,111.51,4425.0
2022-04-19,343.7,84.1,207.2,205.4,52548.0,44188.0,839.0,1091.0,48.0,108.53,4469.0
2022-04-20,347.8,87.4,209.7,201.7,52685.0,44625.0,1462.0,1096.0,22.0,114.4,4430.0
2022-04-21,363.5,89.6,230.5,208.4,54192.0,44622.0,0.0,1135.0,29.0,109.57,4446.0
2022-04-22,367.9,87.2,236.1,208.9,55043.0,44810.0,0.0,1128.0,33.0,105.04,4380.0
2022-04-23,361.0,80.9,238.1,208.1,54045.0,45038.0,0.0,1117.0,22.0,96.79,4420.0
2022-04-24,331.1,75.3,225.8,206.1,49866.0,42202.0,0.0,1067.0,24.0,112.14,4302.0
2022-04-25,363.4,86.4,246.2,210.9,55441.0,45717.0,0.0,1135.0,25.0,110.19,4471.0
2022-04-26,376.7,90.6,246.4,209.5,55239.0,47551.0,487.0,1148.0,27.0,112.09,4498.0
2022-04-27,378.4,92.2,260.3,214.3,56438.0,47100.0,504.0,1168.0,18.0,111.32,4535.0
2022-04-28,386.6,92.9,257.4,215.6,56789.0,45607.0,320.0,1168.0,43.0,110.5,4567.0
2022-04-29,387.8,90.7,239.7,215.2,55543.0,46382.0,640.0,1148.0,43.0,112.98,4578.0
2022-04-30,385.6,87.3,244.6,219.0,55673.0,47621.0,60.0,1161.0,94.0,113.31,4562.0
2022-05-01,346.1,78.8,215.9,207.1,49391.0,40261.0,0.0,1066.0,116.0,112.66,4377.0
2022-05-02,349.3,83.1,234.4,208.3,53642.0,46093.0,0.0,1102.0,102.0,113.76,4490.0
2022-05-03,364.3,84.1,241.1,202.7,53234.0,44239.0,0.0,1109.0,59.0,110.77,4475.0
2022-05-04,359.6,84.4,234.2,200.7,50919.0,43290.0,0.0,1065.0,52.0,100.12,4389.0
2022-05-05,351.9,83.3,218.9,200.4,52631.0,42968.0,0.0,1052.0,46.0,105.89,4300.0
2022-05-06,370.4,85.0,219.3,195.1,50051.0,42990.0,0.0,1071.0,57.0,112.21,4423.0
2022-05-07,352.3,84.6,219.2,194.2,49058.0,44593.0,0.0,1056.0,61.0,107.25,4471.0
2022-05-08,327.9,77.9,199.6,190.0,45591.0,38353.0,0.0,998.0,85.0,96.18,4358.0
2022-05-09,339.8,84.5,212.2,187.0,47347.0,43288.0,0.0,1027.0,158.0,91.05,4489.0
2022-05-10,310.7,80.9,210.3,166.5,43148.0,41078.0,0.0,968.0,222.0,89.92,4476.0
2022-05-11,324.9,75.1,197.6,151.7,41797.0,41331.0,0.0,942.0,247.0,41.65,4497.0
2022-05-12,323.6,73.7,188.5,161.4,44089.0,41902.0,0.0,939.0,228.0,61.3,4525.0
2022-05-13,314.3,73.5,189.6,172.9,44190.0,42655.0,0.0,946.0,151.0,89.1,4502.0
2022-05-14,328.5,72.0,199.5,180.6,44874.0,42099.0,0.0,978.0,154.0,107.08,4534.0
2022-05-15,281.4,63.5,186.0,187.5,39060.0,37851.0,0.0,901.0,121.0,96.08,4382.0
2022-05-16,301.9,71.1,202.2,192.7,45042.0,41402.0,0.0,958.0,103.0,94.63,4501.0
2022-05-17,319.6,72.2,188.7,195.3,45302.0,41562.0,0.0,974.0,57.0,90.0,4508.0
2022-05-18,321.9,70.2,175.8,196.4,43571.0,41978.0,0.0,957.0,57.0,73.96,4479.0
2022-05-19,321.5,67.6,166.5,192.2,42271.0,41552.0,0.0,937.0,102.0,76.69,4473.0
2022-05-20,330.1,69.8,152.8,190.4,42218.0,41686.0,0.0,931.0,153.0,89.02,4452.0
2022-05-21,330.4,71.0,154.4,193.3,42802.0,42523.0,0.0,923.0,200.0,86.12,4277.0
2022-05-22,304.2,65.5,150.1,190.3,39167.0,37887.0,0.0,875.0,229.0,109.24,4053.0
2022-05-23,344.8,73.6,176.4,207.2,46129.0,44664.0,0.0,987.0,202.0,115.97,3946.0
2022-05-24,366.9,76.1,188.2,215.4,48762.0,44829.0,0.0,1041.0,141.0,115.51,4023.0
2022-05-25,368.5,79.4,201.9,192.2,48315.0,44965.0,610.0,1037.0,83.0,114.06,4195.0
2022-05-26,356.2,77.5,207.9,210.1,50300.0,43130.0,0.0,1039.0,118.0,113.61,4325.0
2022-05-27,353.9,77.3,209.5,205.3,47879.0,44367.0,0.0,1033.0,164.0,120.28,4380.0
2022-05-28,351.9,76.2,215.8,212.7,48335.0,44052.0,87.0,1045.0,159.0,109.75,4411.0
2022-05-29,331.4,70.4,206.6,216.9,45487.0,41039.0,0.0,1012.0,148.0,120.23,4293.0
2022-05-30,355.7,77.9,230.8,222.3,50925.0,44582.0,69.0,1081.0,138.0,118.56,4469.0
2022-05-31,362.4,78.7,225.2,222.9,50926.0,43817.0,0.0,1081.0,163.0,103.05,4574.0
2022-06-01,360.5,77.4,217.8,223.9,49348.0,44556.0,320.0,1070.0,169.0,114.26,4544.0
2022-06-02,370.7,76.9,212.7,229.1,50324.0,43765.0,0.0,1086.0,173.0,115.13,4616.0
2022-06-03,372.8,78.9,204.5,226.2,49868.0,43886.0,0.0,1077.0,143.0,114.2,4638.0
2022-06-04,366.8,80.1,205.8,224.2,49419.0,44617.0,574.0,1078.0,114.0,113.36,4627.0
2022-06-05,336.2,74.5,193.0,225.0,47398.0,38685.0,0.0,1018.0,142.0,135.74,4486.0
2022-06-06,338.4,79.6,185.4,184.4,45649.0,43993.0,0.0,978.0,91.0,85.26,4562.0
2022-06-07,337.3,78.8,195.6,201.8,46605.0,43616.0,0.0,1011.0,158.0,97.32,4676.0
2022-06-08,348.2,78.4,195.1,214.3,48015.0,44189.0,0.0,1037.0,194.0,106.25,4711.0
2022-06-09,359.8,79.5,202.8,223.5,49632.0,45384.0,0.0,1064.0,181.0,113.1,4712.0
2022-06-10,365.2,79.3,210.6,225.1,50884.0,45008.0,0.0,1087.0,194.0,105.54,4722.0
2022-06-11,365.5,76.7,208.5,221.2,49285.0,43551.0,0.0,1072.0,184.0,110.54,4655.0
2022-06-12,337.0,68.7,194.3,219.8,45388.0,38992.0,0.0,1009.0,157.0,109.76,4440.0
2022-06-13,354.5,75.0,212.4,215.3,49123.0,44534.0,0.0,1051.0,123.0,104.42,4554.0
2022-06-14,360.8,77.2,223.4,220.4,50256.0,44513.0,0.0,1071.0,110.0,113.73,4619.0
2022-06-15,355.1,76.4,209.5,205.9,46668.0,43630.0,0.0,1028.0,84.0,87.29,4599.0
2022-06-16,337.8,74.9,211.8,205.3,45615.0,43341.0,0.0,1004.0,73.0,103.11,4514.0
2022-06-17,340.7,75.7,206.3,200.8,46647.0,43252.0,0.0,1005.0,43.0,96.44,4346.0
2022-06-18,326.3,75.2,202.5,197.3,44350.0,42065.0,0.0,985.0,59.0,92.71,4219.0
2022-06-19,303.4,68.6,180.4,191.4,40734.0,38786.0,0.0,915.0,90.0,115.91,4002.0
2022-06-20,314.4,76.0,195.2,190.3,44367.0,42351.0,0.0,953.0,140.0,100.55,4113.0
2022-06-21,317.3,75.1,191.1,188.1,42421.0,41528.0,0.0,941.0,187.0,89.71,4113.0
2022-06-22,325.3,74.8,192.4,186.7,43596.0,42009.0,0.0,952.0,149.0,96.46,4191.0
2022-06-23,337.1,75.0,197.2,189.7,44926.0,42466.0,0.0,983.0,142.0,102.96,4341.0
2022-06-24,342.6,74.2,193.3,193.9,45725.0,43037.0,0.0,991.0,209.0,106.0,4395.0
2022-06-25,342.1,71.0,187.8,189.4,45201.0,41406.0,0.0,970.0,221.0,82.14,4394.0
2022-06-26,323.1,67.4,178.3,189.1,42511.0,38490.0,0.0,927.0,243.0,92.06,4368.0
2022-06-27,343.9,75.0,204.3,191.4,46814.0,43081.0,0.0,987.0,212.0,86.04,4540.0
2022-06-28,361.1,72.2,210.9,188.0,47489.0,43487.0,0.0,1009.0,181.0,86.25,4639.0
2022-06-29,367.8,70.8,213.2,194.8,48414.0,43581.0,0.0,1033.0,179.0,103.0,4562.0
2022-06-30,362.0,68.5,206.9,196.1,49017.0,42381.0,0.0,1027.0,199.0,95.22,4234.0
2022-07-01,349.9,67.9,202.9,192.7,47021.0,42850.0,0.0,1004.0,222.0,98.62,4147.0
2022-07-02,342.7,69.1,195.5,195.0,44640.0,42331.0,0.0,986.0,215.0,95.64,4174.0
2022-07-03,325.8,61.0,183.0,188.8,43078.0,37365.0,0.0,932.0,215.0,86.31,4049.0
2022-07-04,340.7,64.5,194.6,192.8,45801.0,42220.0,0.0,967.0,235.0,80.93,4285.0
2022-07-05,351.1,65.9,183.3,191.1,46111.0,41459.0,40.0,971.0,252.0,73.98,4386.0
2022-07-06,344.1,66.1,177.3,178.0,43825.0,41566.0,0.0,938.0,216.0,61.14,4331.0
2022-07-07,341.9,66.2,174.6,180.6,44127.0,40749.0,0.0,943.0,231.0,68.85,4371.0
2022-07-08,338.9,66.1,168.8,172.3,42678.0,40132.0,0.0,914.0,261.0,59.8,4376.0
2022-07-09,340.5,64.9,155.2,162.8,40518.0,38979.0,0.0,869.0,277.0,56.57,4173.0
2022-07-10,303.1,59.5,135.9,156.8,36789.0,33856.0,0.0,788.0,274.0,58.38,3908.0
2022-07-11,316.2,65.3,154.5,163.3,39736.0,38561.0,0.0,845.0,283.0,55.98,4115.0
2022-07-12,327.1,69.0,159.0,158.8,39645.0,38694.0,0.0,858.0,297.0,66.06,4170.0
2022-07-13,336.5,67.6,156.1,166.4,39943.0,39337.0,0.0,861.0,288.0,58.69,4173.0
2022-07-14,335.4,66.9,155.4,172.2,40806.0,39821.0,0.0,874.0,289.0,79.65,4090.0
2022-07-15,348.9,67.0,160.3,183.2,44311.0,41071.0,0.0,931.0,266.0,87.88,4068.0
2022-07-16,341.1,68.3,159.3,191.3,44428.0,39942.0,0.0,945.0,239.0,84.51,4155.0
2022-07-17,308.0,62.8,148.9,183.6,41598.0,36210.0,0.0,882.0,177.0,77.07,3930.0
2022-07-18,329.1,66.5,162.1,178.8,43034.0,40362.0,400.0,909.0,157.0,70.41,4166.0
2022-07-19,338.2,68.5,171.7,187.9,44661.0,41794.0,536.0,957.0,124.0,101.15,4343.0
2022-07-20,347.4,70.6,179.0,199.0,47435.0,41734.0,0.0,1002.0,90.0,107.31,4229.0
2022-07-21,335.0,71.0,182.1,198.5,46435.0,41960.0,0.0,992.0,106.0,91.9,4036.0
2022-07-22,321.0,72.4,188.2,190.7,46411.0,40966.0,0.0,966.0,118.0,66.3,4074.0
2022-07-23,315.4,70.8,181.0,186.8,42926.0,39872.0,0.0,927.0,174.0,71.2,4028.0
2022-07-24,281.7,64.8,166.8,184.4,41053.0,36697.0,0.0,884.0,155.0,83.79,3893.0
2022-07-25,315.7,71.9,188.5,195.2,46928.0,41667.0,0.0,975.0,98.0,98.24,4061.0
2022-07-26,313.5,73.6,195.0,185.3,45016.0,41758.0,261.0,959.0,50.0,66.0,4114.0
2022-07-27,308.8,73.7,195.5,186.9,45561.0,41570.0,255.0,969.0,14.0,93.98,4149.0
2022-07-28,314.2,73.9,182.5,193.5,45320.0,41711.0,0.0,981.0,20.0,104.9,4155.0
2022-07-29,324.9,75.7,186.7,202.9,48805.0,42755.0,0.0,1011.0,18.0,102.59,4167.0
2022-07-30,318.7,75.6,171.9,204.3,47227.0,42086.0,0.0,992.0,30.0,103.44,4125.0
2022-07-31,287.0,68.6,155.4,198.5,43877.0,38805.0,0.0,937.0,33.0,101.71,3943.0
2022-08-01,303.3,69.8,169.2,196.9,46154.0,41648.0,0.0,965.0,94.0,91.81,4114.0
2022-08-02,308.9,67.2,156.8,191.5,44100.0,41350.0,500.0,943.0,136.0,93.0,4248.0
2022-08-03,295.4,66.9,162.3,185.3,42799.0,39998.0,0.0,920.0,121.0,78.99,4292.0
2022-08-04,289.8,65.4,160.2,187.8,42063.0,39759.0,0.0,907.0,128.0,69.19,4247.0
2022-08-05,286.9,64.9,159.2,183.4,42479.0,38499.0,0.0,897.0,223.0,75.51,4196.0
2022-08-06,282.6,66.0,150.3,171.2,40063.0,39052.0,0.0,876.0,246.0,82.74,4172.0
2022-08-07,269.3,61.6,156.6,168.4,37603.0,35402.0,0.0,846.0,255.0,76.32,3972.0
2022-08-08,302.8,67.7,160.4,169.6,39072.0,38420.0,0.0,867.0,275.0,62.69,4100.0
2022-08-09,322.3,70.5,151.4,172.0,39499.0,38991.0,0.0,879.0,266.0,76.48,4137.0
2022-08-10,331.9,72.2,159.6,178.3,40968.0,40552.0,0.0,913.0,267.0,92.36,4165.0
2022-08-11,338.6,72.7,172.3,188.6,43624.0,41936.0,0.0,969.0,270.0,96.58,3991.0
2022-08-12,350.4,73.7,179.0,201.1,47075.0,42063.0,0.0,1018.0,245.0,96.12,4144.0
2022-08-13,349.1,74.5,164.7,200.6,45675.0,41312.0,0.0,1001.0,189.0,90.56,4209.0
2022-08-14,318.0,67.8,156.1,193.2,43173.0,36777.0,0.0,927.0,164.0,70.92,3988.0
2022-08-15,307.4,70.3,158.2,192.2,41501.0,37972.0,0.0,898.0,110.0,85.28,3666.0
2022-08-16,343.9,76.0,180.7,201.9,48122.0,43729.0,0.0,997.0,69.0,113.95,3951.0
2022-08-17,353.7,78.3,211.8,210.0,49269.0,43999.0,0.0,1068.0,87.0,115.86,4225.0
2022-08-18,343.3,79.3,219.0,211.6,49912.0,44182.0,0.0,1083.0,107.0,107.95,4362.0
2022-08-19,349.2,79.1,226.9,209.0,51732.0,43875.0,0.0,1095.0,137.0,97.45,4368.0
2022-08-20,332.0,78.5,205.8,211.9,48945.0,43524.0,0.0,1061.0,143.0,96.19,4176.0
2022-08-21,312.0,70.9,184.8,215.3,47567.0,39163.0,0.0,1004.0,182.0,100.43,4104.0
2022-08-22,316.7,72.5,195.7,221.3,50988.0,42819.0,0.0,1042.0,233.0,95.08,4309.0
2022-08-23,324.7,70.5,202.3,229.4,51119.0,43977.0,0.0,1068.0,214.0,103.19,4351.0
2022-08-24,324.0,69.5,208.4,219.7,51815.0,43849.0,0.0,1064.0,143.0,90.36,4316.0
2022-08-25,319.1,70.5,204.2,208.8,49708.0,42708.0,0.0,1035.0,87.0,97.21,4296.0
2022-08-26,306.9,71.9,218.4,200.6,48710.0,42445.0,514.0,1032.0,62.0,84.34,4406.0
2022-08-27,288.7,70.8,199.8,200.3,45735.0,41685.0,0.0,989.0,89.0,91.17,4377.0
2022-08-28,262.8,65.3,165.5,192.1,41762.0,38190.0,0.0,910.0,60.0,93.82,4235.0
2022-08-29,286.9,71.9,180.3,191.9,44501.0,41393.0,827.0,949.0,31.0,77.27,4357.0
2022-08-30,298.9,72.0,180.9,195.5,43202.0,41631.0,0.0,951.0,15.0,96.83,4461.0
2022-08-31,274.3,71.6,159.8,196.1,42989.0,37832.0,0.0,916.0,31.0,97.92,4418.0
2022-09-01,275.8,70.9,164.3,199.9,44463.0,40363.0,0.0,934.0,27.0,140.53,4390.0
2022-09-02,282.0,71.3,172.6,198.6,44666.0,42432.0,0.0,959.0,30.0,102.31,4468.0
2022-09-03,287.2,73.5,179.9,206.4,45878.0,43021.0,0.0,992.0,42.0,109.33,4543.0
2022-09-04,271.6,70.0,162.2,206.4,43485.0,38587.0,0.0,939.0,54.0,96.26,4388.0
2022-09-05,290.8,74.2,168.6,208.0,45973.0,42688.0,0.0,977.0,44.0,100.69,4499.0
2022-09-06,304.9,70.9,163.7,205.9,45397.0,41893.0,0.0,978.0,104.0,104.64,4539.0
2022-09-07,298.6,67.9,161.5,196.7,44585.0,40963.0,0.0,948.0,125.0,92.34,4570.0
2022-09-08,290.8,60.5,162.4,180.4,41613.0,40456.0,0.0,898.0,130.0,72.51,4517.0
2022-09-09,295.9,64.7,162.4,178.9,41261.0,40540.0,0.0,891.0,155.0,89.87,4491.0
2022-09-10,299.8,66.6,155.1,171.3,39389.0,39172.0,0.0,865.0,204.0,77.0,4425.0
2022-09-11,279.3,64.9,132.3,167.5,36219.0,36161.0,0.0,799.0,231.0,73.42,4178.0
2022-09-12,311.4,72.8,150.0,180.5,41731.0,41671.0,0.0,881.0,239.0,88.59,4228.0
2022-09-13,329.2,73.7,161.0,190.0,43086.0,42541.0,0.0,931.0,180.0,91.22,4188.0
2022-09-14,342.2,75.0,163.5,195.8,44733.0,43206.0,0.0,975.0,128.0,97.77,4166.0
2022-09-15,341.4,76.1,168.7,198.8,46286.0,43932.0,0.0,997.0,142.0,99.29,4077.0
2022-09-16,346.6,76.5,174.2,204.1,48164.0,44085.0,0.0,1027.0,134.0,100.07,4046.0
2022-09-17,334.7,76.2,180.1,210.3,47583.0,43709.0,0.0,1029.0,124.0,110.72,4042.0
2022-09-18,314.8,71.1,172.0,208.5,47035.0,39392.0,0.0,990.0,128.0,108.18,4026.0
2022-09-19,336.6,76.7,191.2,200.1,49825.0,43774.0,0.0,1035.0,163.0,96.46,4231.0
2022-09-20,343.7,78.4,195.4,202.1,48336.0,44682.0,0.0,1030.0,146.0,96.79,4252.0
2022-09-21,350.6,78.5,199.0,209.3,49045.0,45256.0,0.0,1053.0,133.0,104.68,4202.0
2022-09-22,351.8,79.2,205.4,210.7,50071.0,45110.0,0.0,1063.0,158.0,109.68,4126.0
2022-09-23,352.3,75.7,212.7,212.3,51157.0,44675.0,0.0,1078.0,156.0,115.23,4070.0
2022-09-24,358.0,77.9,209.7,217.4,52352.0,45172.0,0.0,1097.0,126.0,115.63,3995.0
2022-09-25,329.8,72.2,200.5,217.6,50774.0,41600.0,0.0,1056.0,65.0,114.74,3892.0
2022-09-26,331.4,78.3,207.9,210.6,52293.0,43962.0,0.0,1071.0,66.0,74.78,4074.0
2022-09-27,331.3,79.1,212.8,212.4,50332.0,44723.0,0.0,1058.0,61.0,96.17,4140.0
2022-09-28,334.8,79.3,216.3,209.3,51432.0,44522.0,0.0,1066.0,114.0,88.03,4211.0
2022-09-29,333.1,79.6,211.2,197.6,48104.0,43509.0,0.0,1026.0,115.0,76.05,4199.0
2022-09-30,330.9,79.1,190.1,187.2,46486.0,42509.0,0.0,985.0,152.0,63.71,4218.0
2022-10-01,309.3,76.5,162.6,175.4,42839.0,39823.0,0.0,919.0,169.0,72.87,4141.0
2022-10-02,283.9,68.3,149.2,173.0,39410.0,37121.0,0.0,874.0,155.0,92.91,3965.0
2022-10-03,344.3,77.1,184.1,224.4,44934.0,41811.0,0.0,1103.0,159.0,106.72,4265.0
2022-10-04,292.1,73.7,160.2,186.3,44262.0,38958.0,0.0,935.0,102.0,87.8,4092.0
2022-10-05,303.4,75.0,154.4,177.1,45380.0,38125.0,0.0,918.0,92.0,78.84,3897.0
2022-10-06,316.6,76.6,163.1,166.4,41710.0,40378.0,0.0,891.0,131.0,52.74,3927.0
2022-10-07,329.3,75.7,171.0,170.3,42317.0,41718.0,0.0,917.0,86.0,82.17,3886.0
2022-10-08,322.3,74.6,175.1,171.6,42180.0,41722.0,0.0,921.0,33.0,104.42,3794.0
2022-10-09,281.7,69.3,170.5,168.8,40573.0,36906.0,0.0,869.0,12.0,65.91,3646.0
2022-10-10,289.3,75.6,171.3,166.4,41641.0,41094.0,0.0,878.0,12.0,71.97,3696.0
2022-10-11,297.4,77.8,171.6,171.0,42547.0,42099.0,0.0,899.0,21.0,85.56,3706.0
2022-10-12,304.8,77.9,173.5,176.0,42728.0,42318.0,0.0,922.0,17.0,80.94,3746.0
2022-10-13,306.4,77.6,165.7,177.4,43201.0,42892.0,0.0,918.0,16.0,85.4,3781.0
2022-10-14,309.2,77.5,157.3,173.8,42107.0,41957.0,0.0,904.0,30.0,92.81,3762.0
2022-10-15,293.9,77.9,157.1,169.2,41139.0,40667.0,0.0,863.0,23.0,83.66,3699.0
2022-10-16,275.1,70.6,142.7,168.0,37283.0,36768.0,0.0,812.0,21.0,86.77,3564.0
2022-10-17,290.2,75.5,160.5,173.2,42208.0,41067.0,0.0,870.0,18.0,91.25,3711.0
2022-10-18,302.8,74.5,166.4,178.7,41957.0,41322.0,0.0,901.0,46.0,96.8,3776.0
2022-10-19,304.3,74.7,172.1,178.7,42359.0,42019.0,0.0,910.0,39.0,95.01,3783.0
2022-10-20,298.1,75.0,171.9,178.3,42417.0,41988.0,0.0,903.0,24.0,96.83,3774.0
2022-10-21,292.3,74.6,166.8,181.1,41590.0,41368.0,0.0,899.0,19.0,94.35,3754.0
2022-10-22,287.4,74.5,157.0,178.1,40264.0,39833.0,0.0,875.0,25.0,107.14,3685.0
2022-10-23,248.8,69.5,145.1,177.5,36499.0,35447.0,0.0,816.0,39.0,116.44,3470.0
2022-10-24,206.7,72.1,152.1,172.5,36051.0,32566.0,0.0,773.0,31.0,109.14,3195.0
2022-10-25,230.3,75.7,159.7,181.0,42277.0,41625.0,0.0,824.0,17.0,121.1,3130.0
2022-10-26,275.7,76.9,164.2,189.8,41881.0,40086.0,0.0,895.0,17.0,117.81,3315.0
2022-10-27,292.6,78.0,173.9,195.9,43722.0,41509.0,0.0,931.0,16.0,106.48,3511.0
2022-10-28,305.0,79.1,183.9,193.2,45240.0,42329.0,0.0,955.0,27.0,93.69,3592.0
2022-10-29,292.8,78.5,183.9,191.9,44801.0,40461.0,0.0,935.0,41.0,100.48,3597.0
2022-10-30,211.3,71.4,168.2,188.6,42041.0,37328.0,0.0,819.0,35.0,85.19,3428.0
2022-10-31,290.5,75.7,187.2,192.4,45404.0,42008.0,0.0,931.0,30.0,114.23,3629.0
2022-11-01,295.0,76.8,174.8,179.9,44357.0,39342.0,0.0,908.0,23.0,63.36,3647.0
2022-11-02,284.5,76.9,182.3,179.1,43732.0,40777.0,0.0,903.0,23.0,69.01,3686.0
2022-11-03,279.4,75.5,185.2,181.6,42863.0,41374.0,0.0,904.0,18.0,77.56,3699.0
2022-11-04,284.3,75.8,188.4,183.7,44496.0,41131.0,0.0,917.0,37.0,93.87,3743.0
2022-11-05,273.3,74.8,189.9,187.6,42841.0,40533.0,0.0,907.0,36.0,102.87,3745.0
2022-11-06,249.5,67.0,177.7,185.0,40893.0,36502.0,0.0,853.0,30.0,95.16,3599.0
2022-11-07,275.3,74.2,196.6,188.7,44196.0,41540.0,0.0,916.0,30.0,118.0,3755.0
2022-11-08,285.9,76.0,203.9,192.3,45964.0,45431.0,0.0,941.0,33.0,110.04,3802.0
2022-11-09,294.9,77.2,207.4,190.9,46670.0,42635.0,0.0,951.0,33.0,108.49,3822.0
2022-11-10,294.7,78.0,207.8,188.5,46230.0,41831.0,0.0,947.0,43.0,99.02,3831.0
2022-11-11,273.2,76.3,203.7,185.8,45434.0,39518.0,0.0,917.0,51.0,73.51,3790.0
2022-11-12,258.3,72.6,189.4,174.2,41651.0,39354.0,0.0,868.0,55.0,69.79,3715.0
2022-11-13,230.3,67.2,168.3,177.1,39558.0,35785.0,0.0,815.0,53.0,76.73,3551.0
2022-11-14,259.3,73.3,197.0,180.9,42832.0,40478.0,0.0,889.0,32.0,80.78,3698.0
2022-11-15,271.3,75.1,209.5,181.8,43880.0,40975.0,0.0,917.0,16.0,96.86,3767.0
2022-11-16,281.1,76.2,211.6,181.8,44790.0,41686.0,0.0,929.0,16.0,106.71,3788.0
2022-11-17,283.6,77.0,213.1,184.4,45131.0,41601.0,0.0,934.0,19.0,113.7,3792.0
2022-11-18,292.7,76.1,216.0,184.2,46658.0,41365.0,0.0,946.0,24.0,110.26,3805.0
2022-11-19,281.0,74.1,213.9,184.0,45111.0,40705.0,0.0,924.0,28.0,108.36,3764.0
2022-11-20,256.4,67.6,199.0,180.9,,,0.0,868.0,18.0,107.6,3621.0
2022-11-21,283.1,73.6,214.5,176.1,46273.0,39450.0,0.0,918.0,13.0,80.01,3751.0
2022-11-22,291.5,74.7,214.3,178.4,45815.0,41229.0,0.0,934.0,18.0,80.73,3803.0
2022-11-23,301.5,74.5,207.3,174.6,44559.0,41738.0,0.0,937.0,49.0,75.45,3821.0
2022-11-24,303.9,74.8,199.0,178.5,44665.0,42131.0,0.0,938.0,37.0,89.56,3842.0
2022-11-25,312.5,75.9,206.2,182.2,46710.0,42189.0,0.0,960.0,29.0,101.6,3879.0
2022-11-26,312.0,76.9,204.4,184.2,47002.0,42003.0,0.0,957.0,18.0,100.7,3857.0
2022-11-27,279.3,69.9,192.7,181.4,44401.0,37182.0,0.0,895.0,14.0,92.9,3716.0
2022-11-28,298.3,74.7,211.6,183.8,47227.0,41611.0,0.0,948.0,10.0,87.93,3821.0
2022-11-29,303.3,76.0,198.3,184.6,47254.0,41531.0,0.0,941.0,15.0,96.45,3839.0
2022-11-30,306.0,76.8,212.4,188.1,48021.0,41815.0,0.0,965.0,32.0,110.81,3866.0
2022-12-01,303.1,76.9,218.5,191.2,48070.0,42172.0,0.0,974.0,28.0,90.83,3825.0
2022-12-02,312.2,78.4,222.2,190.8,49797.0,42376.0,0.0,992.0,28.0,85.1,3866.0
2022-12-03,306.2,78.4,219.0,193.7,49026.0,41600.0,0.0,987.0,43.0,94.01,3870.0
2022-12-04,264.0,70.1,206.1,190.9,45456.0,36764.0,0.0,914.0,48.0,100.55,3739.0
2022-12-05,287.1,76.0,224.3,193.6,48498.0,42161.0,0.0,969.0,50.0,99.57,3844.0
2022-12-06,297.4,77.7,224.2,189.4,49380.0,42158.0,0.0,980.0,34.0,95.71,3904.0
2022-12-07,295.1,77.6,223.9,183.2,49116.0,41484.0,0.0,973.0,23.0,76.62,3905.0
2022-12-08,283.1,75.8,219.6,183.1,48387.0,40192.0,0.0,952.0,39.0,87.09,3864.0
2022-12-09,252.1,74.1,214.5,170.0,46485.0,38386.0,0.0,902.0,78.0,55.65,3808.0
2022-12-10,236.3,71.0,193.6,149.5,42742.0,38044.0,0.0,835.0,123.0,43.08,3727.0
2022-12-11,239.5,64.0,152.3,147.4,39006.0,34731.0,0.0,781.0,81.0,50.22,3609.0
2022-12-12,261.6,68.4,166.0,155.8,42639.0,38693.0,0.0,837.0,63.0,54.91,3747.0
2022-12-13,270.9,70.5,169.3,159.5,43207.0,39912.0,0.0,864.0,53.0,71.15,3817.0
2022-12-14,278.5,71.5,172.8,165.4,44291.0,40763.0,0.0,889.0,43.0,90.98,3855.0
2022-12-15,282.8,71.5,179.3,166.8,45451.0,41192.0,0.0,908.0,40.0,118.27,3856.0
2022-12-16,293.3,71.0,185.0,173.5,46551.0,41616.0,0.0,935.0,39.0,122.32,3902.0
2022-12-17,285.4,72.5,192.5,176.5,45938.0,41430.0,0.0,941.0,44.0,103.59,3936.0
2022-12-18,268.9,66.7,176.2,170.8,45193.0,37078.0,0.0,891.0,62.0,97.72,3813.0
2022-12-19,294.3,73.9,199.8,173.9,48342.0,41475.0,0.0,957.0,50.0,103.35,3908.0
2022-12-20,302.4,76.3,208.5,178.3,49536.0,42034.0,0.0,982.0,54.0,107.24,3968.0
2022-12-21,310.0,78.3,212.0,181.5,50949.0,42514.0,0.0,1001.0,54.0,109.33,4023.0
2022-12-22,314.1,77.1,218.3,183.0,51723.0,42697.0,0.0,1015.0,34.0,119.59,4050.0
2022-12-23,301.7,75.8,222.6,182.6,52722.0,41940.0,0.0,1008.0,19.0,125.29,4047.0
2022-12-24,319.3,74.2,216.3,184.2,53337.0,42130.0,0.0,1020.0,23.0,118.44,4037.0
2022-12-25,268.3,67.1,196.8,175.9,49188.0,36745.0,0.0,930.0,27.0,77.69,3872.0
2022-12-26,276.3,76.3,203.9,179.2,49980.0,41691.0,0.0,965.0,56.0,75.13,3972.0
2022-12-27,286.4,78.9,209.8,187.0,50808.0,42294.0,0.0,996.0,47.0,94.05,4041.0
2022-12-28,292.5,80.1,219.6,192.6,52513.0,42665.0,300.0,1024.0,37.0,107.39,4079.0
2022-12-29,303.3,80.5,223.2,198.4,53030.0,43345.0,0.0,1045.0,41.0,110.89,4103.0
2022-12-30,303.5,79.2,228.9,200.4,54591.0,43637.0,230.0,1056.0,31.0,117.1,4127.0
2022-12-31,301.6,76.6,227.7,199.7,54503.0,43226.0,0.0,1046.0,21.0,115.45,4081.0
2023-01-01,269.0,69.0,214.6,190.8,51806.0,37965.0,0.0,973.0,23.0,118.2,3872.0
2023-01-02,298.4,75.2,225.3,195.6,54691.0,43130.0,150.0,1032.0,51.0,114.02,4010.0
2023-01-03,308.5,75.8,229.2,198.4,55266.0,43710.0,0.0,1053.0,53.0,107.98,4121.0
2023-01-04,314.2,75.7,231.6,197.9,55860.0,43363.0,0.0,1062.0,72.0,111.87,4130.0
2023-01-05,314.0,75.7,229.7,197.1,55448.0,43643.0,900.0,1057.0,79.0,101.8,4158.0
2023-01-06,316.6,75.6,233.7,197.3,55352.0,43473.0,0.0,1058.0,86.0,86.74,4158.0
2023-01-07,307.2,76.1,229.7,196.7,54180.0,42745.0,0.0,1044.0,71.0,95.65,4154.0
2023-01-08,283.7,70.3,214.9,185.4,51758.0,38826.0,0.0,983.0,53.0,109.5,4043.0
2023-01-09,296.4,77.5,230.1,190.0,55121.0,42848.0,120.0,1029.0,48.0,119.51,4120.0
2023-01-10,302.5,77.0,236.9,195.3,55522.0,43251.0,0.0,1048.0,50.0,128.15,4177.0
2023-01-11,311.1,75.6,236.4,196.3,55811.0,43563.0,0.0,1055.0,31.0,131.7,4193.0
2023-01-12,312.2,75.0,240.8,199.6,56381.0,43299.0,500.0,1069.0,27.0,131.59,4189.0
2023-01-13,311.2,74.0,249.2,199.3,57453.0,43200.0,0.0,1077.0,26.0,122.43,4162.0
2023-01-14,294.5,72.7,241.8,192.5,56496.0,40220.0,0.0,1038.0,30.0,125.4,4009.0
2023-01-15,244.2,66.9,226.0,181.5,51566.0,34986.0,0.0,943.0,31.0,126.99,3871.0
2023-01-16,233.5,74.8,237.2,179.4,51987.0,37761.0,0.0,956.0,35.0,128.13,4019.0
2023-01-17,251.1,76.8,244.9,190.6,53879.0,40263.0,0.0,1001.0,44.0,131.5,4118.0
2023-01-18,285.5,76.5,242.6,195.2,55578.0,42776.0,0.0,1042.0,65.0,127.88,4176.0
2023-01-19,298.9,75.5,242.4,200.4,55861.0,43243.0,0.0,1062.0,73.0,130.89,4180.0
2023-01-20,309.0,74.3,249.7,202.2,56885.0,42927.0,0.0,1080.0,61.0,121.49,4185.0
2023-01-21,305.2,73.7,247.2,202.0,55387.0,42972.0,0.0,1070.0,47.0,114.05,4145.0
2023-01-22,290.3,68.2,228.8,200.4,54499.0,39584.0,0.0,1024.0,62.0,114.37,4005.0
2023-01-23,304.9,75.8,247.1,201.0,56502.0,43403.0,0.0,1077.0,62.0,103.54,4096.0
2023-01-24,300.9,76.3,250.1,204.2,54210.0,43918.0,0.0,1060.0,45.0,93.96,4082.0
2023-01-25,312.7,75.3,251.6,203.0,55742.0,43988.0,0.0,1078.0,63.0,127.26,4067.0
2023-01-26,287.0,72.4,233.1,201.9,53876.0,40708.0,0.0,1035.0,52.0,126.73,3839.0
2023-01-27,305.9,76.0,241.9,204.1,56239.0,43541.0,0.0,1070.0,67.0,129.19,3998.0
2023-01-28,316.0,75.8,242.8,205.3,57024.0,43434.0,0.0,1081.0,63.0,134.49,4057.0
2023-01-29,293.6,69.1,229.3,204.7,54085.0,40506.0,0.0,1040.0,74.0,128.45,3886.0
2023-01-30,310.5,75.5,247.4,207.7,57411.0,44043.0,0.0,1084.0,49.0,90.42,3905.0
2023-01-31,315.6,78.5,257.7,210.5,57725.0,44073.0,340.0,1111.0,38.0,108.54,4037.0
2023-02-01,304.2,79.1,252.0,206.8,56469.0,44091.0,0.0,1089.0,48.0,99.07,4034.0
2023-02-02,302.7,79.4,252.5,210.2,55998.0,43913.0,0.0,1095.0,81.0,95.93,4070.0
2023-02-03,299.4,78.4,258.6,212.1,56994.0,43651.0,0.0,1103.0,63.0,111.17,4108.0
2023-02-04,292.7,78.3,257.6,212.2,56726.0,43654.0,0.0,1085.0,45.0,113.12,4077.0
2023-02-05,268.1,72.4,245.0,208.1,53608.0,39870.0,0.0,1036.0,40.0,132.53,3971.0
2023-02-06,297.8,78.6,265.1,214.0,56733.0,44922.0,0.0,1098.0,31.0,122.05,4110.0
2023-02-07,307.4,78.8,269.0,217.2,56135.0,45212.0,0.0,1115.0,22.0,115.88,4164.0
2023-02-08,316.8,79.7,271.9,219.0,57648.0,45960.0,0.0,1133.0,30.0,124.77,4221.0
2023-02-09,317.3,81.3,271.9,219.7,56874.0,46430.0,0.0,1134.0,28.0,128.95,4229.0
2023-02-10,318.5,81.3,271.5,219.8,57706.0,46476.0,0.0,1151.0,33.0,131.4,4205.0
2023-02-11,323.7,79.2,269.4,216.8,58948.0,45329.0,0.0,1157.0,32.0,130.49,4195.0
2023-02-12,288.4,72.1,251.1,218.8,55674.0,41717.0,0.0,1109.0,35.0,137.69,4069.0
2023-02-13,314.9,78.7,267.4,220.0,58851.0,46200.0,0.0,1164.0,61.0,140.44,4162.0
2023-02-14,324.1,80.2,272.6,223.1,58883.0,46118.0,0.0,1187.0,40.0,141.48,4214.0
2023-02-15,326.8,80.8,272.2,222.3,58887.0,46301.0,0.0,1192.0,35.0,139.31,4256.0
2023-02-16,333.8,80.9,264.9,221.9,59534.0,46490.0,0.0,1190.0,66.0,136.78,4267.0
2023-02-17,337.2,80.9,273.5,225.5,60949.0,47035.0,0.0,1216.0,47.0,137.02,4316.0
2023-02-18,328.8,78.5,275.6,222.9,60659.0,45462.0,0.0,1201.0,27.0,130.9,4263.0
2023-02-19,304.7,73.3,258.5,217.7,57229.0,43008.0,0.0,1148.0,36.0,133.14,4138.0
2023-02-20,328.1,82.4,274.8,224.3,58568.0,47004.0,0.0,1200.0,28.0,130.87,4281.0
2023-02-21,331.6,85.3,281.2,227.7,59756.0,48000.0,0.0,1215.0,25.0,134.54,4318.0
2023-02-22,339.1,84.9,282.4,228.3,60857.0,47676.0,0.0,1230.0,44.0,134.25,4330.0
2023-02-23,338.3,83.2,276.6,228.0,60853.0,47623.0,0.0,1225.0,56.0,131.26,4325.0
2023-02-24,342.5,83.2,284.0,231.4,61118.0,47511.0,0.0,1244.0,47.0,133.47,4348.0
2023-02-25,343.1,83.0,281.2,231.5,60576.0,46992.0,0.0,1239.0,54.0,137.85,4330.0
2023-02-26,309.7,75.8,262.5,225.8,57895.0,43364.0,0.0,1172.0,83.0,138.0,4198.0
2023-02-27,335.5,81.3,273.7,229.9,60912.0,47018.0,0.0,1224.0,74.0,132.45,4311.0
2023-02-28,342.7,82.2,280.3,230.0,60982.0,47320.0,0.0,1236.0,82.0,127.24,4333.0
2023-03-01,349.7,84.9,285.0,227.1,61417.0,47515.0,0.0,1252.0,97.0,124.56,4325.0
2023-03-02,346.7,85.6,279.0,225.6,60987.0,47197.0,0.0,1242.0,106.0,132.98,4370.0
2023-03-03,334.1,84.2,277.8,228.6,60319.0,46522.0,0.0,1237.0,89.0,127.53,4393.0
2023-03-04,353.0,83.6,277.7,228.4,61602.0,47201.0,0.0,1250.0,99.0,127.87,4381.0
2023-03-05,321.5,78.4,269.0,223.8,57879.0,43840.0,0.0,1194.0,79.0,126.6,4218.0
2023-03-06,343.9,84.9,283.6,229.7,61867.0,48024.0,0.0,1248.0,67.0,126.75,4270.0
2023-03-07,354.9,86.3,280.4,231.2,60400.0,47532.0,0.0,1251.0,69.0,122.17,4051.0
2023-03-08,345.3,85.8,278.9,222.1,60327.0,46639.0,0.0,1227.0,99.0,124.2,3871.0
2023-03-09,347.1,87.7,281.6,223.8,61764.0,48254.0,0.0,1241.0,76.0,110.38,4005.0
2023-03-10,362.3,88.4,288.7,226.1,62942.0,47918.0,0.0,1267.0,65.0,121.5,4225.0
2023-03-11,358.0,87.4,284.3,222.7,60289.0,47881.0,0.0,1250.0,64.0,124.63,4271.0
2023-03-12,330.5,81.6,261.3,223.2,57276.0,43936.0,0.0,1196.0,82.0,132.08,4176.0
2023-03-13,354.5,90.3,286.4,228.5,62582.0,48697.0,0.0,1262.0,64.0,123.37,4341.0
2023-03-14,365.6,92.1,296.5,231.8,63867.0,49008.0,0.0,1295.0,35.0,128.34,4381.0
2023-03-15,375.8,90.8,295.5,233.2,64314.0,48769.0,0.0,1301.0,29.0,112.05,4355.0
2023-03-16,366.7,88.0,280.8,230.3,63145.0,46064.0,0.0,1250.0,25.0,101.01,4209.0
2023-03-17,362.9,89.1,266.4,196.5,55692.0,48475.0,0.0,1146.0,33.0,101.12,3980.0
2023-03-18,353.2,88.4,260.6,190.8,55848.0,44941.0,0.0,1126.0,37.0,103.35,3794.0
2023-03-19,305.4,80.6,239.6,167.5,45719.0,42755.0,0.0,990.0,74.0,115.5,3514.0
2023-03-20,326.4,88.2,267.7,183.4,52817.0,47223.0,0.0,1099.0,56.0,127.16,3709.0
2023-03-21,340.3,88.5,281.8,194.5,54797.0,48435.0,0.0,1158.0,36.0,142.68,3836.0
2023-03-22,353.0,88.6,268.9,197.5,56724.0,46839.0,0.0,1175.0,31.0,136.75,3915.0
2023-03-23,355.4,90.8,281.0,199.6,58038.0,47556.0,0.0,1201.0,31.0,132.14,4012.0
2023-03-24,353.8,90.8,289.0,208.2,59599.0,48416.0,0.0,1229.0,27.0,124.63,4080.0
2023-03-25,352.4,89.2,288.8,211.8,59953.0,48710.0,0.0,1230.0,29.0,113.37,4077.0
2023-03-26,324.9,82.7,274.4,210.4,55829.0,44851.0,0.0,1172.0,38.0,114.98,3935.0
2023-03-27,349.3,89.4,290.5,218.6,60040.0,49836.0,0.0,1234.0,36.0,130.14,4112.0
2023-03-28,367.9,91.8,296.5,225.3,61875.0,50287.0,0.0,1280.0,29.0,127.43,4226.0
2023-03-29,372.2,93.1,300.5,229.3,62920.0,49748.0,0.0,1291.0,34.0,123.24,4269.0
2023-03-30,370.0,91.0,297.1,229.4,64156.0,49536.0,0.0,1295.0,30.0,122.95,4187.0
2023-03-31,369.2,90.6,295.3,226.3,62456.0,50534.0,0.0,1287.0,39.0,129.71,4033.0
2023-04-01,365.5,89.6,288.9,220.4,60780.0,47759.0,0.0,1261.0,40.0,127.37,3935.0
2023-04-02,333.9,82.6,271.0,211.5,55930.0,44519.0,0.0,1187.0,47.0,128.45,3874.0
2023-04-03,357.4,89.1,291.8,219.2,61219.0,48215.0,0.0,1253.0,32.0,127.44,4097.0
2023-04-04,370.4,86.5,288.6,225.1,60798.0,47566.0,0.0,1252.0,29.0,117.53,4181.0
2023-04-05,370.3,86.8,292.9,227.4,60779.0,48318.0,0.0,1257.0,28.0,126.2,4205.0
2023-04-06,378.4,89.1,294.9,233.1,62404.0,48879.0,0.0,1276.0,32.0,120.88,4232.0
2023-04-07,379.0,83.3,277.1,233.5,60428.0,47740.0,0.0,1248.0,33.0,113.54,4222.0
2023-04-08,378.8,87.9,274.6,225.0,58886.0,48049.0,0.0,1230.0,49.0,121.59,4241.0
2023-04-09,347.9,82.5,268.4,226.9,55426.0,44458.0,0.0,1188.0,47.0,123.26,4151.0
2023-04-10,373.6,90.2,293.4,232.3,61065.0,48890.0,0.0,1258.0,55.0,132.54,4348.0
2023-04-11,389.0,95.7,297.7,236.0,61635.0,49832.0,0.0,1291.0,41.0,133.58,4452.0
2023-04-12,390.9,98.7,301.2,240.9,62037.0,50473.0,0.0,1305.0,37.0,131.74,4555.0
2023-04-13,392.4,100.6,304.8,244.1,62929.0,50505.0,0.0,1313.0,28.0,126.43,4592.0
2023-04-14,377.2,100.3,299.3,244.8,62453.0,48409.0,0.0,1281.0,32.0,118.18,4594.0
2023-04-15,385.9,93.3,289.1,241.3,60391.0,49445.0,0.0,1251.0,43.0,117.82,4561.0
2023-04-16,367.0,90.8,282.2,241.8,57637.0,46916.0,0.0,1226.0,28.0,131.03,4480.0
2023-04-17,380.5,100.6,301.3,244.4,62500.0,51325.0,0.0,1287.0,40.0,129.62,4721.0
2023-04-18,404.0,103.1,305.6,246.4,62744.0,52366.0,0.0,1321.0,31.0,127.66,4836.0
2023-04-19,409.4,103.3,307.8,246.5,63221.0,52343.0,0.0,1329.0,33.0,125.23,4792.0
2023-04-20,415.4,102.6,309.5,247.8,63794.0,51919.0,0.0,1328.0,61.0,121.84,4753.0
2023-04-21,405.4,99.5,298.1,241.3,61326.0,49031.0,0.0,1274.0,62.0,117.48,4578.0
2023-04-22,394.0,94.2,278.4,228.7,57489.0,47476.0,0.0,1206.0,41.0,109.85,4396.0
2023-04-23,344.9,88.7,267.0,211.8,51567.0,43308.0,0.0,1112.0,38.0,127.91,4084.0
2023-04-24,359.5,96.2,294.1,220.2,56756.0,48950.0,0.0,1178.0,32.0,126.17,4247.0
2023-04-25,370.5,92.5,287.6,228.4,56380.0,45702.0,0.0,1177.0,32.0,109.55,4335.0
2023-04-26,369.3,88.7,284.4,227.0,53709.0,48670.0,0.0,1139.0,24.0,112.45,4378.0
2023-04-27,374.6,90.1,289.5,232.9,55896.0,49111.0,0.0,1175.0,32.0,109.48,4361.0
2023-04-28,384.2,91.9,287.8,234.4,56241.0,48761.0,0.0,1188.0,30.0,107.99,4343.0
2023-04-29,370.7,86.8,275.0,222.7,53853.0,45465.0,0.0,1134.0,31.0,103.43,4211.0
2023-04-30,345.1,86.0,229.1,210.6,47523.0,42472.0,0.0,1037.0,34.0,116.33,3824.0
2023-05-01,298.25,82.02,223.7,176.08,42168.0,39946.0,0.0,925.86,30.12,103.93,3604.66
2023-05-02,298.97,85.35,230.33,183.14,45503.0,44384.0,0.0,959.0,28.59,96.83,3706.96
2023-05-03,313.58,87.02,242.41,188.59,45760.0,44703.0,0.0,1000.78,40.88,104.36,3804.05
2023-05-04,314.22,89.98,251.16,193.01,47616.0,45230.0,0.0,1024.3,26.78,110.89,3851.04
2023-05-05,314.89,90.69,253.1,193.2,48257.0,44854.0,0.0,1032.46,34.83,92.94,4002.94
2023-05-06,307.02,89.68,249.76,194.79,47187.0,44136.0,0.0,1020.01,45.97,114.08,4109.14
2023-05-07,279.49,81.59,222.8,190.27,41849.0,40873.0,0.0,945.42,41.61,94.07,3997.99
2023-05-08,305.42,91.3,229.27,200.71,47857.0,45067.0,0.0,1012.03,36.23,112.7,4235.13
2023-05-09,320.06,92.53,216.94,208.96,48390.0,45070.0,258.0,1029.6,36.68,119.0,4375.74
2023-05-10,337.88,93.77,197.93,218.34,48177.0,45941.0,0.0,1042.94,27.15,126.14,4406.21
2023-05-11,344.03,92.67,218.36,219.6,49984.0,46027.0,0.0,1071.47,64.08,119.21,4508.34
2023-05-12,351.32,92.99,220.33,224.5,51211.0,47338.0,0.0,1085.39,105.28,118.09,4580.78
2023-05-13,361.1,93.26,219.37,224.03,51421.0,46690.0,0.0,1092.88,164.98,119.42,4618.71
2023-05-14,337.15,87.13,214.13,226.33,47873.0,45158.0,0.0,1054.43,165.76,133.04,4433.01
2023-05-15,372.9,96.54,245.89,237.47,54676.0,49972.0,0.0,1154.0,144.07,137.58,4596.21
2023-05-16,384.88,98.04,263.6,245.11,55920.0,50706.0,0.0,1198.64,88.65,135.75,4669.06
2023-05-17,396.65,99.43,274.37,249.0,58369.0,50329.0,1003.0,1228.67,51.28,132.98,4776.92
2023-05-18,397.14,98.24,283.54,250.99,59501.0,50661.0,490.0,1242.3,52.3,130.84,4585.13
2023-05-19,391.25,98.21,286.22,247.91,59107.0,50219.0,0.0,1238.62,73.69,122.3,4752.64
2023-05-20,387.65,96.92,287.47,235.84,58366.0,48310.0,0.0,1214.49,80.7,115.59,4787.74
2023-05-21,350.1,86.91,243.27,225.74,51371.0,42813.0,0.0,1097.76,69.76,115.98,4602.23
2023-05-22,360.68,88.62,236.46,233.04,54614.0,46719.0,0.0,1108.74,44.5,120.5,4734.58
2023-05-23,382.89,91.54,246.07,233.26,54954.0,48358.0,0.0,1157.77,51.2,125.83,4799.48
2023-05-24,384.27,94.57,242.79,242.98,55081.0,48618.0,0.0,1170.08,99.95,127.98,4588.91
2023-05-25,385.35,93.97,245.75,235.81,55704.0,47563.0,0.0,1165.6,144.05,123.61,4448.1
2023-05-26,375.45,92.72,253.69,237.18,55312.0,47714.0,0.0,1164.77,151.98,127.63,4293.77
2023-05-27,369.78,92.12,259.77,244.24,55688.0,49193.0,0.0,1174.85,99.39,129.55,4296.32
2023-05-28,345.21,87.49,246.62,233.81,51662.0,43809.0,0.0,1115.24,73.59,122.67,4218.31
2023-05-29,374.29,94.37,265.55,233.93,57580.0,48842.0,40.0,1180.82,34.43,113.82,4357.03
2023-05-30,380.34,93.38,245.32,219.45,52904.0,45858.0,0.0,1134.73,46.39,99.33,4381.72
2023-05-31,374.58,92.99,243.12,222.66,54138.0,47138.0,0.0,1134.75,52.54,123.51,4441.05
2023-06-01,389.39,91.82,234.88,233.92,54171.0,48237.0,0.0,1159.78,123.12,119.72,4458.07
2023-06-02,386.13,93.08,241.56,243.02,55616.0,49101.0,0.0,1178.39,132.31,119.75,4560.1
2023-06-03,388.0,93.57,250.87,253.7,56532.0,49518.0,0.0,1203.31,129.71,125.01,4662.95
2023-06-04,356.79,84.79,231.89,238.78,50553.0,42722.0,0.0,1110.89,154.73,84.01,4334.82
2023-06-05,378.23,92.13,257.87,234.99,56144.0,48358.0,0.0,1166.53,172.46,128.05,4621.63
2023-06-06,371.49,91.29,261.99,244.35,56642.0,47664.0,0.0,1182.14,168.03,122.67,4715.37
2023-06-07,353.93,87.4,263.34,245.58,56684.0,47184.0,0.0,1164.85,180.26,117.54,4756.59
2023-06-08,380.89,82.23,264.79,242.06,56452.0,48610.0,0.0,1183.68,195.57,122.9,4860.11
2023-06-09,389.02,80.45,256.09,249.77,56676.0,47588.0,0.0,1190.96,215.2,124.7,4913.03
2023-06-10,382.72,77.78,238.5,244.59,53217.0,46829.0,0.0,1151.68,222.38,124.85,4848.35
2023-06-11,352.39,72.68,221.48,241.64,48324.0,42604.0,0.0,1086.94,208.66,118.86,4614.4
2023-06-12,376.03,77.17,245.21,251.66,54744.0,46951.0,0.0,1165.82,193.02,124.77,4817.13
2023-06-13,373.99,76.82,256.32,250.69,54416.0,48237.0,0.0,1181.34,219.77,129.42,4914.07
2023-06-14,379.07,78.89,261.13,254.61,55214.0,48995.0,0.0,1201.96,221.96,127.79,4851.58
2023-06-15,394.74,81.72,271.71,257.93,57788.0,50524.0,0.0,1236.39,176.44,132.53,4789.86
2023-06-16,405.58,83.83,276.59,263.75,58198.0,50105.0,0.0,1265.88,239.43,135.0,4842.84
2023-06-17,383.15,81.94,274.32,260.96,56420.0,49388.0,0.0,1236.21,222.74,111.69,4850.35
2023-06-18,345.56,73.02,259.41,251.46,52585.0,44002.0,0.0,1149.68,197.93,99.4,4606.87
2023-06-19,341.13,81.28,269.09,243.85,55852.0,48527.0,0.0,1165.69,123.85,108.08,4721.79
2023-06-20,345.69,82.64,253.46,235.69,53769.0,47012.0,0.0,1156.86,118.07,105.04,4789.76
2023-06-21,345.37,81.46,246.2,222.06,53179.0,45252.0,0.0,1126.59,121.57,99.16,4834.93
2023-06-22,351.92,81.63,241.64,215.63,52006.0,46910.0,0.0,1104.97,128.81,103.39,4866.39
2023-06-23,356.87,82.14,241.74,211.57,51560.0,45785.0,0.0,1100.55,178.2,95.22,4888.96
2023-06-24,361.61,82.46,221.75,206.62,49437.0,44838.0,0.0,1062.13,205.82,87.88,4756.19
2023-06-25,336.29,73.93,204.63,197.38,45788.0,42527.0,0.0,991.92,152.26,94.16,4272.31
2023-06-26,358.22,76.99,219.11,202.02,49116.0,46348.0,0.0,1049.17,224.23,97.47,4320.06
2023-06-27,366.14,74.43,234.8,216.87,51037.0,45836.0,0.0,1088.86,203.79,105.52,4402.83
2023-06-28,367.53,74.05,235.83,229.14,51206.0,46574.0,0.0,1104.53,217.9,105.67,4392.91
2023-06-29,372.46,71.4,228.62,235.47,52510.0,44854.0,0.0,1106.73,217.96,106.65,4355.77
2023-06-30,374.34,76.23,218.56,233.02,51760.0,47057.0,0.0,1111.78,214.33,115.61,4310.64
2023-07-01,376.9,78.49,224.9,240.01,53428.0,46722.0,0.0,1140.46,199.38,117.62,4399.85
2023-07-02,337.16,71.72,211.44,239.08,50039.0,42599.0,0.0,1073.37,208.75,100.21,4357.48
2023-07-03,346.19,71.97,222.63,226.65,53546.0,44321.0,0.0,1098.19,226.59,100.48,4599.0
2023-07-04,339.09,68.81,219.08,213.68,51050.0,43853.0,0.0,1078.71,247.68,92.2,4686.14
2023-07-05,342.84,66.22,212.04,207.68,49273.0,44448.0,0.0,1050.26,249.77,87.18,4546.6
2023-07-06,345.06,68.84,203.11,201.31,49122.0,44142.0,0.0,1045.24,267.5,82.74,4387.46
2023-07-07,358.43,71.27,203.66,207.72,50534.0,43659.0,0.0,1069.2,240.28,89.01,4403.67
2023-07-08,360.6,70.77,203.07,209.4,50720.0,44075.0,0.0,1071.0,209.91,88.63,4235.38
2023-07-09,331.59,67.28,188.32,217.09,47902.0,42012.0,0.0,1029.7,169.64,108.44,4033.82
2023-07-10,343.14,76.28,214.99,219.26,53125.0,44813.0,0.0,1098.26,147.5,94.05,4273.78
2023-07-11,328.44,78.26,218.97,216.07,50656.0,44508.0,0.0,1078.12,161.15,81.76,4359.06
2023-07-12,338.67,78.5,221.66,213.58,52208.0,44177.0,0.0,1094.24,160.11,97.65,4494.44
2023-07-13,336.3,77.85,220.54,207.11,51461.0,46660.0,0.0,1095.81,192.07,102.37,4574.17
2023-07-14,349.53,76.54,222.65,212.35,53302.0,48275.0,0.0,1131.22,215.41,114.83,4615.76
2023-07-15,355.5,77.79,222.89,216.26,53196.0,48175.0,0.0,1134.15,181.63,109.31,4596.18
2023-07-16,337.36,73.15,202.94,211.34,50408.0,44215.0,0.0,1074.15,169.18,92.81,4388.25
2023-07-17,356.96,79.38,215.57,209.48,54160.0,47876.0,0.0,1117.47,223.4,90.05,4594.5
2023-07-18,365.85,79.97,206.95,199.81,49927.0,45446.0,0.0,1073.44,271.85,75.98,4609.63
2023-07-19,368.63,78.32,201.62,193.66,49104.0,44905.0,0.0,1042.2,295.61,73.64,4570.11
2023-07-20,363.52,87.96,195.93,191.28,47876.0,44320.0,0.0,1023.97,294.9,80.83,4643.35
2023-07-21,374.86,80.58,202.4,195.04,48255.0,45012.0,0.0,1028.3,298.39,76.06,4701.71
2023-07-22,373.33,75.9,193.61,197.0,48472.0,43960.0,0.0,1034.35,297.92,82.55,4559.93
2023-07-23,336.84,67.14,170.45,191.3,45740.0,41060.0,0.0,978.35,284.95,76.87,4444.08
2023-07-24,337.91,70.67,177.88,190.02,47918.0,42620.0,0.0,986.56,263.23,66.47,4646.69
2023-07-25,336.04,72.1,172.26,178.45,43759.0,42624.0,0.0,941.31,244.59,59.97,4598.03
2023-07-26,339.21,71.64,170.41,170.52,43439.0,41894.0,0.0,931.35,250.53,55.48,4462.64
2023-07-27,349.45,71.25,166.31,171.24,44042.0,42298.0,0.0,911.09,255.41,75.76,4458.87
2023-07-28,366.83,73.75,175.3,184.56,45629.0,44766.0,0.0,980.08,238.2,101.59,4450.91
2023-07-29,376.26,75.58,173.6,194.66,48622.0,45771.0,0.0,1028.12,243.44,112.32,4334.94
2023-07-30,355.67,70.72,166.33,199.25,46558.0,43816.0,0.0,1011.92,228.68,111.13,4341.98
2023-07-31,378.75,78.75,196.79,207.22,52200.0,47082.0,0.0,1087.15,246.02,104.63,4627.63
2023-08-01,391.9,80.68,201.4,208.76,51185.0,48089.0,0.0,1104.48,282.86,105.9,4699.71
2023-08-02,392.73,81.98,204.48,211.39,53049.0,49037.0,0.0,1127.25,276.33,100.63,4606.66
2023-08-03,388.42,83.14,212.86,217.39,54431.0,48882.0,0.0,1147.48,275.31,101.05,4606.88
2023-08-04,393.82,83.11,225.26,227.05,57212.0,49962.0,0.0,1186.21,234.9,115.01,4658.5
2023-08-05,386.54,81.82,226.53,234.52,56403.0,49829.0,100.0,1191.6,210.48,128.6,4674.42
2023-08-06,367.54,75.64,212.21,232.65,54523.0,46645.0,0.0,1147.22,206.85,125.82,4533.94
2023-08-07,385.69,83.19,235.83,239.06,58606.0,50563.0,0.0,1212.97,189.19,112.94,4686.6
2023-08-08,389.71,84.15,242.64,236.8,59440.0,45917.0,3580.0,1223.76,157.79,103.33,4815.18
2023-08-09,381.51,83.22,249.32,235.6,60570.0,45302.0,3771.0,1220.06,108.35,115.1,4862.54
2023-08-10,358.46,85.23,252.7,236.44,59445.0,47036.0,1575.0,1205.27,77.54,108.46,4906.94
2023-08-11,352.06,85.68,254.22,231.02,60531.0,45368.0,388.0,1205.34,59.22,117.47,4977.89
2023-08-12,338.53,84.37,258.19,225.53,56025.0,48267.0,323.0,1183.2,134.12,113.56,5001.57
2023-08-13,316.35,77.69,245.87,229.88,54699.0,47071.0,0.0,1153.65,147.78,124.27,4896.1
2023-08-14,333.24,83.4,268.24,233.62,59272.0,48027.0,400.0,1200.17,126.85,114.13,4960.1
2023-08-15,313.76,79.67,257.96,232.47,54781.0,46636.0,0.0,1148.14,128.84,124.46,4827.94
2023-08-16,347.94,83.89,271.2,235.62,60107.0,48339.0,282.0,1212.41,128.71,125.49,5030.86
2023-08-17,366.74,86.46,282.1,237.08,61020.0,49500.0,0.0,1250.95,193.36,120.66,5122.4
2023-08-18,374.5,86.75,280.09,231.64,60551.0,48995.0,0.0,1237.0,220.11,100.57,5098.88
2023-08-19,363.76,83.26,257.36,224.81,54621.0,46818.0,0.0,1149.68,227.47,88.92,4960.62
2023-08-20,344.92,76.72,236.29,225.31,52277.0,43797.0,0.0,1102.62,177.72,119.13,4824.7
2023-08-21,367.66,84.92,260.59,227.05,59217.0,46350.0,1926.0,1184.58,104.9,127.99,4966.35
2023-08-22,373.35,87.94,260.12,233.43,60984.0,48544.0,554.0,1217.98,82.93,116.67,5031.21
2023-08-23,383.26,89.26,291.02,236.54,61084.0,50706.0,0.0,1269.44,116.16,115.17,4898.41
2023-08-24,380.69,88.6,295.61,237.4,61849.0,49775.0,0.0,1278.18,155.91,123.96,4901.98
2023-08-25,385.38,88.55,295.47,243.58,64098.0,49403.0,0.0,1299.37,135.47,125.05,4940.12
2023-08-26,389.83,87.32,283.67,231.71,61418.0,48860.0,300.0,1261.13,118.01,113.14,4938.69
2023-08-27,349.87,82.02,271.96,225.77,57412.0,45434.0,0.0,1195.94,133.8,123.68,4872.67
2023-08-28,365.37,84.35,289.35,238.1,60783.0,48681.0,0.0,1245.74,157.95,128.15,5049.74
2023-08-29,366.76,76.94,284.73,242.48,61383.0,46845.0,800.0,1247.66,106.76,123.37,5109.27
2023-08-30,351.01,80.26,278.31,240.4,62678.0,45817.0,2098.0,1233.64,59.52,115.37,5073.16
2023-08-31,344.71,84.1,268.3,231.56,61657.0,45977.0,1071.0,1216.28,54.46,115.69,5125.86
2023-09-01,345.96,87.26,256.97,244.58,60813.0,47304.0,400.0,1223.79,53.51,117.92,5218.53
2023-09-02,330.64,85.12,253.29,238.71,58271.0,45734.0,25.0,1188.78,122.36,111.66,5223.94
2023-09-03,304.89,76.34,230.17,205.73,46962.0,41525.0,0.0,1028.51,135.8,93.11,5025.67
2023-09-04,326.84,81.25,221.81,205.38,48844.0,44155.0,0.0,1036.82,228.33,62.38,5028.96
2023-09-05,333.26,80.17,223.27,199.72,47319.0,43165.0,0.0,1016.97,198.39,54.99,4999.89
2023-09-06,339.78,78.71,219.63,200.97,48486.0,43894.0,0.0,1022.33,195.26,105.17,4925.7
2023-09-07,336.9,77.3,223.33,204.03,48930.0,43813.0,0.0,1034.55,225.08,98.96,4770.42
2023-09-08,341.06,77.54,233.32,209.01,50684.0,45313.0,0.0,1067.21,229.84,94.8,4680.66
2023-09-09,352.17,77.03,228.81,221.58,51504.0,44709.0,0.0,1093.06,245.27,103.98,4638.36
2023-09-10,325.86,70.24,218.47,216.0,48816.0,41879.0,0.0,1034.99,248.98,98.49,4490.32
2023-09-11,352.23,75.79,245.33,213.44,53143.0,45464.0,0.0,1098.96,224.13,97.96,4720.46
2023-09-12,354.38,78.56,252.64,220.09,54066.0,46762.0,0.0,1143.53,190.45,113.17,4855.99
2023-09-13,361.5,81.15,258.29,223.27,56232.0,46688.0,0.0,1178.1,183.59,115.42,4924.7
2023-09-14,361.05,79.84,263.43,226.42,56667.0,47150.0,0.0,1182.29,191.73,105.31,4928.5
2023-09-15,365.18,78.83,262.07,230.92,58307.0,47429.0,0.0,1192.02,179.33,111.08,4795.01
2023-09-16,348.71,78.94,254.44,230.29,56285.0,46288.0,0.0,1176.66,199.22,110.52,4653.68
2023-09-17,314.29,70.46,231.86,226.47,53240.0,43380.0,0.0,1110.55,151.43,110.01,4284.03
2023-09-18,306.51,76.94,226.56,226.89,55168.0,42310.0,0.0,1121.97,137.53,116.78,4365.73
2023-09-19,321.6,78.22,236.51,233.69,57100.0,46640.0,0.0,1166.26,140.62,117.6,4453.2
2023-09-20,342.33,80.49,255.78,235.43,58665.0,47900.0,0.0,1219.14,116.66,113.68,4611.2
2023-09-21,348.17,81.43,263.05,227.08,56869.0,47163.0,0.0,1193.88,91.58,92.75,4635.84
2023-09-22,346.39,80.9,262.33,218.25,54545.0,45890.0,0.0,1146.77,64.08,97.85,4555.75
2023-09-23,351.6,79.3,247.14,213.82,53994.0,45342.0,0.0,1124.07,98.73,113.96,4402.73
2023-09-24,319.39,72.51,222.29,204.11,48799.0,42380.0,0.0,1045.14,149.54,101.63,4198.49
2023-09-25,331.62,80.1,235.79,208.84,51600.0,45772.0,0.0,1086.99,115.01,104.33,4351.57
2023-09-26,341.85,81.9,233.1,213.99,52780.0,45757.0,0.0,1111.61,120.51,108.34,4518.12
2023-09-27,345.82,81.14,237.0,213.78,54315.0,45315.0,100.0,1126.77,139.01,103.03,4585.98
2023-09-28,348.2,77.83,236.69,218.51,56290.0,45033.0,0.0,1130.94,147.02,109.25,4572.53
2023-09-29,344.63,75.91,220.95,210.51,53633.0,44479.0,0.0,1097.4,149.49,106.82,4572.66
2023-09-30,344.0,74.16,225.47,208.7,52320.0,44629.0,0.0,1092.85,154.46,103.04,4506.86
2023-10-01,317.35,67.59,203.01,204.38,49128.0,41049.0,0.0,1041.38,192.49,98.59,4317.23
2023-10-02,302.68,70.98,214.35,207.3,49868.0,43735.0,0.0,1039.33,158.45,95.14,4244.52
2023-10-03,355.71,76.48,247.01,217.1,56019.0,48612.0,0.0,1155.82,117.66,114.74,4426.35
2023-10-04,373.0,79.6,264.16,222.71,58834.0,48485.0,1140.0,1218.75,95.26,116.78,4517.33
2023-10-05,369.16,81.42,265.69,228.4,59561.0,48843.0,750.0,1233.01,67.86,119.36,4557.99
2023-10-06,374.5,81.96,256.73,235.24,60444.0,48804.0,950.0,1242.82,57.47,127.69,4651.17
2023-10-07,365.23,82.03,245.09,240.47,60748.0,48024.0,1580.0,1229.96,34.26,123.92,4662.45
2023-10-08,337.15,77.3,247.22,238.77,58210.0,44794.0,0.0,1187.38,28.2,118.18,4617.45
2023-10-09,354.86,84.09,256.51,242.25,61730.0,48151.0,1605.0,1226.31,23.37,110.63,4734.92
2023-10-10,360.57,85.07,255.68,228.8,61337.0,47743.0,1350.0,1221.46,25.94,111.24,4763.78
2023-10-11,358.43,83.58,254.37,235.08,60950.0,49324.0,1000.0,1214.9,38.56,109.87,4779.05
2023-10-12,353.33,81.42,247.3,237.85,59662.0,48735.0,0.0,1215.27,38.73,116.29,4758.44
2023-10-13,357.75,79.92,252.81,238.73,60640.0,49160.0,0.0,1233.51,30.54,119.6,4773.15
2023-10-14,349.86,78.96,259.82,236.41,59784.0,47599.0,0.0,1224.9,25.92,114.51,4720.93
2023-10-15,300.16,72.09,246.56,239.62,55668.0,44284.0,0.0,1151.7,25.24,115.04,4494.2
2023-10-16,321.74,79.52,266.15,241.61,59579.0,48032.0,0.0,1204.95,30.9,99.91,4415.27
2023-10-17,319.95,80.65,266.98,244.71,58366.0,48956.0,0.0,1205.82,21.6,114.08,4371.99
2023-10-18,332.56,82.2,269.76,246.75,59425.0,49146.0,0.0,1223.0,22.59,121.44,4461.36
2023-10-19,340.48,82.57,276.56,247.31,61553.0,49545.0,0.0,1240.2,21.09,116.71,4502.98
2023-10-20,348.36,82.28,277.25,247.15,62200.0,48554.0,0.0,1248.9,25.46,114.25,4493.49
2023-10-21,345.19,82.73,274.38,242.3,60384.0,47719.0,0.0,1217.78,28.36,117.08,4441.45
2023-10-22,321.68,75.1,259.59,233.64,56539.0,47304.0,0.0,1178.21,27.86,118.96,4298.14
2023-10-23,300.43,75.42,253.44,229.81,55511.0,45259.0,0.0,1131.88,34.63,120.27,4263.9
2023-10-24,326.52,78.05,248.16,228.55,56665.0,48078.0,0.0,1150.81,25.63,124.41,4141.97
2023-10-25,354.94,81.92,270.89,236.27,59674.0,48827.0,0.0,1207.15,33.61,121.36,4312.69
2023-10-26,363.65,83.06,282.32,241.87,60503.0,49306.0,0.0,1232.45,40.98,124.72,4448.82
2023-10-27,367.9,83.54,286.85,245.09,61319.0,48888.0,0.0,1240.42,40.83,123.63,4439.38
2023-10-28,365.52,82.73,283.38,241.0,60963.0,48838.0,0.0,1226.72,34.46,112.53,4395.42
2023-10-29,323.67,74.48,270.99,235.67,57147.0,43076.0,0.0,1152.3,41.42,100.0,4233.14
2023-10-30,322.38,79.28,273.36,233.14,57786.0,47244.0,0.0,1156.74,41.27,96.22,4332.06
2023-10-31,332.36,80.78,271.56,231.7,57621.0,47744.0,0.0,1164.04,35.46,96.9,4378.24
2023-11-01,335.66,80.94,253.64,230.48,56593.0,46405.0,0.0,1143.23,36.13,95.89,4354.75
2023-11-02,331.81,81.41,271.66,230.13,56948.0,46186.0,0.0,1153.5,34.24,103.2,4368.69
2023-11-03,322.09,80.85,275.44,226.67,56756.0,46207.0,0.0,1142.74,36.79,95.43,4370.17
2023-11-04,300.54,78.55,266.68,223.87,54239.0,45006.0,0.0,1104.84,33.32,90.08,4309.5
2023-11-05,270.94,71.49,238.99,214.16,49356.0,41374.0,0.0,1013.44,34.03,89.03,4107.17
2023-11-06,301.8,78.39,233.24,207.41,50212.0,45739.0,0.0,1040.2,24.26,91.01,4191.41
2023-11-07,304.77,80.7,220.16,206.84,48891.0,45318.0,0.0,1025.99,22.72,80.88,4200.62
2023-11-08,302.57,79.49,223.18,207.12,48786.0,45084.0,0.0,1020.22,25.03,82.08,4199.35
2023-11-09,301.61,78.65,206.11,202.76,46505.0,46062.0,0.0,1000.57,20.7,89.01,4159.83
2023-11-10,299.71,78.3,210.42,204.53,46841.0,45182.0,0.0,1010.31,40.4,101.52,4115.49
2023-11-11,265.02,79.24,205.55,202.15,44453.0,42692.0,0.0,965.27,62.66,107.79,3938.29
2023-11-12,212.27,72.49,195.86,198.02,42691.0,36460.0,0.0,883.76,54.5,112.94,3581.43
2023-11-13,224.94,78.76,199.13,199.85,44328.0,40731.0,0.0,911.33,59.5,106.27,3466.67
2023-11-14,249.96,80.21,209.61,208.78,46277.0,42969.0,0.0,964.69,43.98,76.0,3624.08
2023-11-15,272.9,81.68,229.46,208.97,47501.0,45348.0,0.0,1010.57,20.49,98.33,3756.17
2023-11-16,292.28,83.17,242.03,215.82,49311.0,46713.0,0.0,1050.31,19.38,108.61,3891.43
2023-11-17,310.79,84.47,252.34,221.02,52574.0,47537.0,0.0,1091.97,32.65,109.51,3989.25
2023-11-18,314.9,84.57,258.71,223.11,52474.0,46958.0,0.0,1101.41,37.13,106.4,4044.0
2023-11-19,287.57,76.99,235.53,220.2,49669.0,42774.0,0.0,1035.35,49.39,95.19,3913.47
2023-11-20,308.02,82.52,253.83,218.87,52793.0,46056.0,0.0,1083.48,40.76,110.2,4055.1
2023-11-21,317.32,83.76,262.22,210.27,52096.0,47656.0,0.0,1094.17,33.35,88.79,4110.49
2023-11-22,305.02,82.18,259.96,207.22,50790.0,46949.0,0.0,1076.76,28.32,79.32,4100.28
2023-11-23,297.9,81.55,259.16,203.54,49872.0,46041.0,0.0,1054.07,25.19,71.42,4082.57
2023-11-24,303.27,82.23,256.51,201.41,49752.0,46080.0,0.0,1047.11,40.12,70.76,4078.18
2023-11-25,294.17,80.87,246.27,200.31,48610.0,45223.0,0.0,1026.43,60.29,82.51,4021.79
2023-11-26,259.92,75.12,225.06,198.58,45726.0,40644.0,0.0,960.68,94.69,93.79,3762.85
2023-11-27,282.97,81.71,249.68,199.06,48548.0,45929.0,0.0,1019.13,59.02,80.0,3642.52
2023-11-28,298.25,84.61,252.38,201.8,49729.0,46550.0,0.0,1044.91,49.07,91.96,3730.25
2023-11-29,298.99,85.45,250.93,203.63,49636.0,46227.0,0.0,1046.49,55.39,94.44,3772.44
2023-11-30,294.28,85.32,249.82,199.61,48466.0,45107.0,0.0,1020.3,55.51,96.04,3705.85
2023-12-01,300.65,84.86,254.71,200.79,50450.0,46176.0,0.0,1050.37,29.33,94.49,3761.09
2023-12-02,294.11,84.73,248.8,194.82,48917.0,45326.0,0.0,1037.52,40.17,99.34,3749.99
2023-12-03,261.95,77.92,228.84,178.57,46014.0,39156.0,0.0,949.19,48.0,79.87,3606.14
2023-12-04,237.15,84.19,243.46,158.47,44938.0,39507.0,0.0,925.12,60.93,60.32,3629.63
2023-12-05,258.89,85.19,248.62,129.29,43051.0,40421.0,0.0,903.24,54.88,67.46,3646.97
2023-12-06,295.16,85.48,255.37,143.48,45987.0,43984.0,0.0,961.64,21.1,76.78,3711.19
2023-12-07,316.17,85.86,258.87,167.86,48604.0,44599.0,0.0,1023.32,19.09,86.38,3765.52
2023-12-08,315.6,84.78,257.92,173.84,49250.0,44514.0,0.0,1029.41,21.68,81.57,3821.69
2023-12-09,310.96,83.18,247.04,173.12,47776.0,43724.0,0.0,1012.07,33.76,83.3,3809.67
2023-12-10,281.2,76.44,230.46,171.54,45841.0,39424.0,0.0,959.41,49.72,98.24,3706.11
2023-12-11,307.46,83.91,252.22,178.62,50173.0,44388.0,0.0,1030.18,47.07,98.93,3882.68
2023-12-12,315.39,84.28,254.22,182.51,50946.0,44285.0,0.0,1053.1,53.41,109.0,3966.54
2023-12-13,317.71,82.88,256.09,185.8,51873.0,44817.0,0.0,1064.22,59.2,108.0,4020.55
2023-12-14,319.18,82.18,256.02,188.5,52549.0,44632.0,0.0,1070.48,69.07,111.44,4053.81
2023-12-15,317.28,83.3,259.41,186.55,53336.0,44001.0,0.0,1073.46,55.13,81.53,4072.12
2023-12-16,295.84,83.2,256.76,184.93,52064.0,43459.0,0.0,1046.82,46.19,56.23,4044.03
2023-12-17,270.58,75.33,235.19,184.72,50118.0,38846.0,0.0,984.57,93.57,58.24,3907.05
2023-12-18,280.12,77.77,251.71,188.58,51397.0,42478.0,0.0,1019.64,85.09,67.46,4019.95
2023-12-19,292.06,80.23,256.58,193.33,52202.0,43882.0,0.0,1050.15,71.3,86.72,4107.73
2023-12-20,303.39,83.69,260.57,195.43,53458.0,44029.0,0.0,1073.16,69.86,89.0,4138.79
2023-12-21,301.19,83.86,263.33,195.63,53505.0,44231.0,0.0,1074.81,51.31,88.4,4151.76
2023-12-22,308.82,84.73,271.02,194.28,55064.0,44205.0,0.0,1087.05,36.36,102.06,4187.34
2023-12-23,309.97,82.8,261.56,195.58,54820.0,43285.0,0.0,1079.29,52.08,113.38,4144.62
2023-12-24,279.16,74.27,241.58,193.78,51760.0,39444.0,0.0,1018.4,69.1,107.37,4017.63
2023-12-25,288.44,75.18,254.04,196.89,53949.0,41977.0,0.0,1046.21,75.63,112.06,4068.15
2023-12-26,308.6,81.24,265.88,198.76,55315.0,44549.0,0.0,1091.72,75.96,116.99,4161.0
2023-12-27,320.71,82.79,263.58,202.81,56097.0,44511.0,0.0,1110.41,95.03,120.23,4202.62
2023-12-28,326.41,84.38,266.14,205.1,56084.0,45197.0,0.0,1121.96,98.18,107.72,4229.6
2023-12-29,325.43,85.7,268.96,205.24,57244.0,44956.0,0.0,1128.88,86.5,104.64,4258.25
2023-12-30,319.32,84.84,269.23,205.28,56571.0,44618.0,0.0,1119.34,72.61,109.12,4230.79
2023-12-31,298.75,77.34,254.01,202.0,53833.0,41020.0,0.0,1066.25,75.13,118.39,4101.63
2024-01-01,303.63,84.13,261.55,196.77,56770.0,41466.0,0.0,1077.1,55.05,112.87,4101.12
2024-01-02,325.52,85.23,271.12,199.56,57505.0,45256.0,0.0,1121.26,58.7,100.15,4161.67
2024-01-03,336.65,85.76,271.47,202.51,57623.0,45134.0,0.0,1142.74,56.79,93.58,4238.59
2024-01-04,332.74,83.64,262.8,202.89,57476.0,44964.0,0.0,1128.44,47.9,77.92,4248.17
2024-01-05,326.03,80.95,261.71,202.13,56332.0,44810.0,0.0,1121.85,45.12,86.71,4262.74
2024-01-06,320.08,81.75,257.36,203.34,56505.0,44211.0,0.0,1110.57,57.24,94.73,4237.11
2024-01-07,290.32,75.21,228.74,197.89,52344.0,39922.0,0.0,1033.49,73.98,92.77,4080.49
2024-01-08,291.62,80.89,245.16,195.67,53548.0,43373.0,0.0,1061.62,72.25,60.53,4177.67
2024-01-09,287.58,81.55,247.31,198.35,53984.0,43483.0,0.0,1068.72,82.42,60.2,4225.72
2024-01-10,295.49,79.45,252.56,204.5,54608.0,44590.0,0.0,1086.01,84.12,81.89,4270.78
2024-01-11,302.85,81.3,258.39,209.95,56168.0,45079.0,0.0,1107.29,102.22,112.6,4323.24
2024-01-12,311.43,80.82,261.76,211.91,57344.0,45538.0,0.0,1126.24,113.66,115.31,4388.02
2024-01-13,309.22,78.86,269.11,208.97,55790.0,44834.0,0.0,1124.7,46.26,110.64,4356.71
2024-01-14,285.16,74.63,258.7,205.29,54783.0,40154.0,0.0,1073.61,40.12,111.39,4156.85
2024-01-15,245.72,81.82,263.43,194.5,54170.0,38603.0,0.0,1029.11,30.19,113.28,4197.97
2024-01-16,242.54,82.29,277.5,190.51,54277.0,40482.0,0.0,1041.05,27.47,111.99,4280.98
2024-01-17,268.32,82.3,279.53,196.09,55640.0,43216.0,0.0,1081.5,33.39,114.97,4356.61
2024-01-18,305.69,82.16,282.91,205.09,57110.0,46043.0,0.0,1138.58,28.83,103.94,4412.78
2024-01-19,324.37,83.71,284.24,212.85,58816.0,46594.0,0.0,1171.08,35.05,106.03,4477.51
2024-01-20,317.75,84.75,281.58,210.39,57180.0,46448.0,0.0,1157.75,48.54,98.22,4461.3
2024-01-21,302.16,78.15,267.05,211.25,55755.0,42703.0,0.0,1117.49,36.52,112.36,4332.92
2024-01-22,327.31,86.44,280.47,219.24,59522.0,46726.0,0.0,1177.54,43.91,116.41,4413.53
2024-01-23,328.03,87.54,286.34,220.75,58387.0,47738.0,0.0,1187.32,41.91,119.51,4441.43
2024-01-24,337.83,86.26,290.14,211.88,58998.0,48027.0,0.0,1190.2,28.27,116.1,4451.16
2024-01-25,340.65,85.36,289.91,225.83,60860.0,47512.0,0.0,1206.94,34.12,116.85,4482.77
2024-01-26,307.84,79.55,273.03,209.33,57363.0,42957.0,0.0,1128.47,58.93,123.66,4291.16
2024-01-27,325.32,80.62,273.28,220.96,58951.0,46235.0,0.0,1159.34,70.6,118.58,4356.13
2024-01-28,312.6,75.05,262.93,218.91,56039.0,43090.0,0.0,1124.32,57.68,121.81,4328.42
2024-01-29,333.24,82.8,282.75,221.62,59165.0,47628.0,0.0,1179.86,62.73,119.47,4440.56
2024-01-30,337.26,84.45,291.16,222.46,59346.0,48594.0,0.0,1196.96,42.49,129.01,4459.76
2024-01-31,354.78,85.81,293.01,221.51,60804.0,48829.0,0.0,1219.05,30.16,126.83,4420.68
2024-02-01,360.2,85.57,293.4,225.29,61371.0,47830.0,0.0,1230.31,29.11,116.17,4319.8
2024-02-02,363.26,86.85,296.6,227.75,61170.0,48331.0,0.0,1245.67,21.42,117.81,4420.5
2024-02-03,348.33,86.97,294.57,229.81,60021.0,47387.0,0.0,1231.09,39.9,112.48,4391.23
2024-02-04,319.25,80.02,275.15,224.36,57136.0,43230.0,0.0,1159.12,56.08,125.32,4175.59
2024-02-05,345.14,87.3,294.26,227.52,60649.0,46315.0,0.0,1222.83,49.68,127.27,4297.47
2024-02-06,350.25,86.9,301.41,233.2,61097.0,46740.0,0.0,1248.91,58.7,132.05,4421.49
2024-02-07,353.98,87.79,301.05,233.72,61627.0,50577.0,0.0,1260.21,44.37,132.53,4442.76
2024-02-08,356.06,88.75,306.11,232.22,62404.0,50269.0,0.0,1269.58,40.84,128.97,4441.25
2024-02-09,361.22,88.0,308.1,228.72,62941.0,49601.0,0.0,1273.54,59.03,132.5,4463.62
2024-02-10,357.55,86.98,300.99,224.38,61373.0,49133.0,0.0,1256.08,90.82,127.43,4432.41
2024-02-11,321.98,79.52,284.87,223.03,58053.0,44153.0,0.0,1182.43,92.16,125.35,4260.46
2024-02-12,331.94,86.09,301.59,222.46,62032.0,49045.0,0.0,1221.62,87.83,134.2,4362.12
2024-02-13,360.92,85.2,306.61,223.73,62565.0,47661.0,0.0,1263.8,79.11,135.48,4428.25
2024-02-14,361.71,90.27,309.78,224.3,63234.0,49940.0,0.0,1274.35,78.81,127.27,4433.94
2024-02-15,365.43,90.14,309.11,226.63,62585.0,49847.0,0.0,1276.77,82.28,136.84,4444.92
2024-02-16,367.23,90.26,305.67,228.04,63192.0,49457.0,0.0,1276.74,110.03,139.57,4473.55
2024-02-17,361.56,90.93,302.16,226.13,62106.0,49765.0,0.0,1263.9,74.82,141.53,4447.32
2024-02-18,331.69,84.93,291.02,217.87,59251.0,44972.0,0.0,1201.0,61.78,138.48,4263.69
2024-02-19,355.0,92.53,308.63,225.81,63204.0,50527.0,0.0,1268.24,61.77,135.31,4336.81
2024-02-20,371.86,93.69,312.54,230.88,64211.0,51202.0,0.0,1300.44,41.58,128.26,4423.46
2024-02-21,373.87,95.17,312.78,232.08,64298.0,51372.0,0.0,1307.06,29.64,128.85,4434.0
2024-02-22,382.61,94.95,311.05,236.11,64993.0,51487.0,0.0,1317.5,34.93,136.66,4468.35
2024-02-23,389.08,92.87,316.01,238.77,65828.0,51890.0,0.0,1334.82,40.08,137.22,4526.64
2024-02-24,385.14,91.41,314.03,238.04,65698.0,50465.0,0.0,1327.9,31.6,121.25,4501.74
2024-02-25,344.51,84.45,296.64,231.97,60376.0,46305.0,0.0,1242.04,51.66,118.15,4331.15
2024-02-26,366.21,91.67,309.3,232.86,63604.0,50821.0,0.0,1286.86,117.56,130.34,4437.24
2024-02-27,376.69,94.99,318.82,237.13,64831.0,51253.0,0.0,1320.47,102.36,136.78,4455.3
2024-02-28,377.63,96.15,319.52,237.52,65434.0,51108.0,0.0,1327.31,74.97,140.8,4449.07
2024-02-29,378.35,96.66,320.93,237.22,65063.0,51744.0,0.0,1332.68,81.7,138.31,4508.21
2024-03-01,383.52,95.97,322.43,236.35,66439.0,51161.0,0.0,1339.0,76.57,133.88,4450.3
2024-03-02,383.08,94.09,317.8,236.05,65164.0,50712.0,0.0,1330.7,53.59,142.32,4236.85
2024-03-03,350.59,87.14,303.61,233.7,62119.0,46830.0,0.0,1269.27,30.01,137.42,4057.54
2024-03-04,377.92,96.29,320.22,227.11,65958.0,51835.0,0.0,1325.34,28.54,135.54,4259.89
2024-03-05,388.71,98.18,325.72,239.2,66832.0,51404.0,0.0,1358.65,31.4,140.96,4377.65
2024-03-06,393.24,97.29,323.89,240.41,66821.0,52528.0,0.0,1362.85,31.92,130.59,4406.13
2024-03-07,395.33,97.09,326.08,242.0,67290.0,52787.0,0.0,1373.97,29.39,134.65,4455.58
2024-03-08,394.24,95.61,328.92,240.54,68084.0,51427.0,0.0,1374.0,26.93,136.62,4447.47
2024-03-09,390.87,96.65,322.7,239.02,65151.0,50926.0,0.0,1357.82,31.46,130.14,4445.19
2024-03-10,359.58,91.44,307.32,236.03,61556.0,47008.0,0.0,1296.67,42.78,124.16,4336.59
2024-03-11,386.6,100.22,325.54,241.36,67079.0,52377.0,0.0,1363.32,43.11,125.43,4515.46
2024-03-12,398.44,101.31,328.68,243.17,67328.0,53086.0,0.0,1387.92,35.39,130.5,4615.39
2024-03-13,402.33,101.91,330.47,245.6,68735.0,44747.0,0.0,1400.95,37.95,132.12,4633.73
2024-03-14,406.83,101.56,329.06,245.47,68095.570312,53089.0,0.0,1402.91,34.03,132.5,4663.42
2024-03-15,409.33,101.24,329.73,245.58,68009.0,53389.0,0.0,1404.15,38.17,128.86,4694.1
2024-03-16,404.48,100.4,322.43,245.72,66152.0,52389.0,0.0,1380.3,34.62,126.87,4648.01
2024-03-17,370.39,92.25,309.47,236.69,60604.0,47907.0,0.0,1286.19,41.21,133.08,4445.27
2024-03-18,393.18,100.06,327.7,239.85,65884.0,52831.0,0.0,1349.34,37.85,132.23,4593.28
2024-03-19,403.64,100.56,326.42,238.8,65287.0,52440.0,0.0,1356.86,39.24,128.76,4595.68
2024-03-20,407.87,101.15,328.08,225.94,64531.0,52231.0,0.0,1344.2,45.02,137.38,4475.09
2024-03-21,405.23,101.01,323.84,225.92,64211.0,52656.0,0.0,1343.2,73.23,122.67,4484.89
2024-03-22,406.38,101.56,331.44,230.74,65985.0,52897.0,0.0,1365.91,38.76,129.5,4575.19
2024-03-23,402.08,100.84,324.03,234.1,64669.0,52394.0,0.0,1358.42,36.84,134.38,4585.51
2024-03-24,368.0,95.22,309.24,229.71,60638.0,47423.0,0.0,1291.34,44.43,132.42,4359.68
2024-03-25,373.54,101.66,318.14,226.66,62820.0,49168.0,0.0,1301.75,46.56,133.42,4059.38
2024-03-26,390.79,103.94,324.73,231.21,65485.0,51861.0,0.0,1342.3,45.36,135.13,4317.07
2024-03-27,403.25,104.67,330.55,234.48,65227.0,52949.0,0.0,1369.49,44.59,137.06,4609.21
2024-03-28,412.75,103.78,328.92,238.36,66241.0,44532.0,0.0,1384.88,35.48,133.2,4747.93
2024-03-29,417.19,97.2,330.86,241.46,66641.0,52942.0,0.0,1390.3,35.54,134.98,4802.52
2024-03-30,409.27,101.64,327.35,240.99,65669.0,52603.0,0.0,1378.49,37.74,140.2,4735.34
2024-03-31,382.08,96.28,309.1,236.12,60559.0,48671.0,0.0,1310.19,30.55,148.69,4534.0
2024-04-01,408.41,104.52,325.23,239.56,66219.0,52587.0,0.0,1369.15,28.23,140.64,4622.48
2024-04-02,421.45,106.82,332.29,243.19,66222.0,53256.0,0.0,1396.66,34.35,133.73,4722.38
2024-04-03,427.34,107.93,334.26,244.26,66523.0,53970.0,0.0,1405.8,37.24,129.58,4800.64
2024-04-04,432.33,106.97,334.09,244.86,66355.0,53789.0,0.0,1408.91,31.25,138.85,4863.96
2024-04-05,432.78,106.55,336.88,247.91,66967.0,53981.0,0.0,1415.83,36.46,139.79,4910.01
2024-04-06,429.04,108.15,329.69,247.67,66723.0,53736.0,0.0,1401.62,33.41,136.55,4882.66
2024-04-07,400.83,103.35,316.3,244.68,61531.0,50474.0,0.0,1342.92,51.98,134.94,4649.45
2024-04-08,424.55,110.17,331.7,236.83,65439.0,53079.0,0.0,1374.68,48.73,139.25,4716.64
2024-04-09,426.54,111.77,312.91,235.91,63042.0,50775.0,0.0,1341.97,56.19,137.67,4705.39
2024-04-10,426.38,104.38,320.23,234.4,64228.0,51883.0,0.0,1344.51,56.22,136.77,4720.67
2024-04-11,427.25,108.32,319.39,237.65,63544.0,50805.0,0.0,1345.63,44.37,130.71,4650.22
2024-04-12,422.06,104.72,316.75,239.08,63388.0,50664.0,0.0,1334.73,66.65,118.7,4650.65
2024-04-13,408.0,98.84,301.25,235.35,61130.0,49716.0,0.0,1281.14,39.61,117.75,4577.16
2024-04-14,375.1,92.62,287.39,236.16,56487.0,47033.0,0.0,1225.15,45.51,137.21,4440.13
2024-04-15,405.87,104.05,311.19,240.19,62111.0,52555.0,0.0,1309.52,66.35,140.36,4750.4
2024-04-16,419.9,108.54,324.08,244.11,64376.0,53642.0,0.0,1351.62,37.41,142.76,4860.36
2024-04-17,431.28,108.69,328.29,250.19,65847.0,53884.0,0.0,1374.97,37.87,129.04,4854.17
2024-04-18,436.69,108.35,316.71,252.64,65684.0,52748.0,0.0,1368.38,45.93,125.16,4906.78
2024-04-19,379.63,108.36,298.6,253.61,60161.0,50476.0,0.0,1288.23,52.11,120.18,4863.68
2024-04-20,415.31,105.93,276.02,249.9,60434.0,51661.0,0.0,1279.17,57.67,106.55,4844.1
2024-04-21,400.1,97.11,272.63,244.89,56806.0,48322.0,0.0,1235.86,24.97,112.07,4679.43
2024-04-22,423.82,104.89,295.21,245.95,63028.0,52840.0,0.0,1298.05,42.58,130.97,4826.43
2024-04-23,433.61,106.43,307.82,245.77,62449.0,52771.0,0.0,1321.73,35.07,143.75,4842.85
2024-04-24,436.65,107.85,313.49,246.13,63086.0,52978.0,0.0,1336.4,43.21,140.92,4878.94
2024-04-25,436.25,109.56,322.58,249.79,64128.0,54098.0,0.0,1354.78,37.72,137.07,4990.84
2024-04-26,442.34,104.77,304.7,252.06,62913.0,53203.0,0.0,1343.04,33.35,138.21,4994.78
2024-04-27,435.08,110.05,319.39,250.79,64064.0,53625.0,0.0,1354.23,38.42,140.23,5015.56
2024-04-28,410.09,104.77,309.9,246.27,59745.0,50700.0,0.0,1300.55,38.36,136.54,4873.77
2024-04-29,436.18,113.0,326.98,251.81,65443.0,54798.0,0.0,1368.92,35.18,134.95,5051.28
2024-04-30,443.64,113.31,336.43,255.49,66470.0,54581.0,0.0,1393.19,47.21,134.63,5108.17
2024-05-01,410.33,107.2,308.55,250.61,60339.0,51233.0,0.0,1309.67,82.22,132.81,4848.28
2024-05-02,437.79,114.32,328.39,256.63,66140.0,54123.0,0.0,1376.65,61.41,138.81,4973.76
2024-05-03,442.81,116.08,317.88,258.74,65148.0,53992.0,0.0,1377.9,72.85,130.94,5045.45
2024-05-04,436.86,112.6,311.05,259.17,64783.0,53331.0,0.0,1364.0,78.15,135.73,5112.26
2024-05-05,404.76,103.36,300.53,253.62,59561.0,49325.0,0.0,1294.28,97.53,135.03,4969.0
2024-05-06,430.11,110.2,316.42,255.81,65412.0,53622.0,0.0,1348.11,99.46,131.64,5130.1
2024-05-07,429.8,110.1,295.5,215.32,60378.0,47522.0,0.0,1253.86,84.4,127.92,4940.83
2024-05-08,418.64,109.15,294.28,194.92,59975.0,51417.0,0.0,1208.28,48.96,133.5,4900.4
2024-05-09,419.53,101.13,290.93,214.87,57548.0,51000.0,0.0,1232.25,36.6,120.33,4935.08
2024-05-10,411.23,98.82,288.13,217.24,57351.0,50596.0,0.0,1227.07,25.75,116.42,4900.1
2024-05-11,406.03,95.75,264.16,224.21,56240.0,49370.0,0.0,1201.43,29.22,120.45,4749.47
2024-05-12,367.0,87.65,240.04,224.53,50750.0,44447.0,0.0,1118.27,33.77,118.44,4659.08
2024-05-13,390.61,93.71,244.34,196.71,50743.0,47890.0,0.0,1103.9,30.92,110.77,4776.2
2024-05-14,388.74,90.99,245.3,217.76,53710.0,48015.0,0.0,1145.86,29.79,116.71,4848.28
2024-05-15,382.94,89.69,244.33,226.34,54524.0,49096.0,0.0,1148.9,42.85,116.24,4960.9
2024-05-16,359.74,90.71,247.98,221.31,51087.0,46217.0,0.0,1117.24,37.41,103.47,5016.28
2024-05-17,352.12,90.92,238.39,211.0,50820.0,46635.0,0.0,1078.41,23.39,92.81,5050.48
2024-05-18,351.11,87.99,233.61,210.35,49896.0,46224.0,0.0,1069.22,23.83,115.68,5084.59
2024-05-19,312.35,78.99,196.94,204.53,43735.0,41647.0,0.0,968.56,33.85,108.02,4864.11
2024-05-20,325.45,81.13,214.54,209.51,47558.0,45496.0,0.0,1021.73,56.22,104.48,4994.84
2024-05-21,332.91,81.03,216.31,215.22,48819.0,46451.0,0.0,1047.64,42.03,122.22,5075.25
2024-05-22,333.17,80.66,227.85,221.1,50136.0,46667.0,0.0,1072.17,31.36,118.09,5167.85
2024-05-23,340.34,80.04,226.85,228.94,51479.0,47483.0,0.0,1080.68,36.9,115.11,5180.61
2024-05-24,351.36,79.35,225.75,227.3,52312.0,46457.0,0.0,1097.16,77.19,112.75,5269.44
2024-05-25,345.64,77.76,199.63,214.85,47985.0,45916.0,0.0,1051.13,245.81,98.29,5214.73
2024-05-26,309.1,72.22,182.66,212.43,43494.0,41331.0,0.0,974.43,267.47,105.47,4979.28
2024-05-27,347.59,80.53,211.25,224.38,51387.0,48290.0,0.0,1072.55,260.1,105.66,5120.52
2024-05-28,384.42,79.93,223.89,236.96,53955.0,49672.0,0.0,1144.2,252.93,123.12,5258.59
2024-05-29,392.6,79.41,234.97,246.8,56551.0,50210.0,0.0,1183.39,240.47,134.29,5408.0
2024-05-30,403.58,80.35,253.13,258.34,58890.0,51705.0,0.0,1232.34,180.02,137.45,5466.1
2024-05-31,419.17,83.74,268.7,262.35,61396.0,52887.0,0.0,1276.98,138.37,135.65,5416.08
2024-06-01,397.47,83.03,262.01,243.1,59053.0,47847.0,0.0,1225.57,126.26,120.91,5289.97
2024-06-02,341.4,77.66,219.84,221.62,50108.0,42531.0,0.0,1079.99,77.4,118.62,4974.71
2024-06-03,355.56,84.07,217.34,205.18,51134.0,48209.0,0.0,1061.3,46.88,89.4,5112.33
2024-06-04,385.81,88.24,228.1,220.98,52322.0,47782.0,0.0,1132.67,69.46,109.48,5206.74
2024-06-05,368.87,88.15,221.63,207.88,51440.0,45740.0,0.0,1091.71,78.26,122.6,5119.25
2024-06-06,343.64,87.63,206.8,195.44,47761.0,43436.0,0.0,1033.66,55.07,104.9,4918.57
2024-06-07,338.28,84.31,195.41,199.93,46142.0,45395.0,0.0,1016.46,57.79,91.32,5030.01
2024-06-08,330.24,81.83,184.39,191.17,44446.0,43756.0,0.0,983.3,115.02,101.06,4992.34
2024-06-09,305.19,73.75,164.74,193.03,41785.0,40576.0,0.0,924.21,175.16,106.7,4847.1
2024-06-10,337.75,80.89,184.91,201.29,46178.0,45544.0,0.0,1005.02,210.18,107.22,5024.77
2024-06-11,361.48,82.7,193.31,208.62,47624.0,46632.0,0.0,1047.89,222.72,106.73,5140.97
2024-06-12,364.45,83.44,184.48,209.66,46855.0,45804.0,0.0,1042.7,192.14,92.45,5160.69
2024-06-13,369.14,84.31,184.03,208.38,48237.0,46220.0,0.0,1051.96,170.19,105.42,5187.66
2024-06-14,374.86,85.5,201.01,205.5,48521.0,47145.0,0.0,1075.96,182.99,112.73,5224.5
2024-06-15,368.46,86.8,205.22,211.62,49448.0,47341.0,0.0,1083.45,179.15,133.63,5251.67
2024-06-16,353.25,80.68,200.09,214.35,48211.0,43127.0,0.0,1059.93,154.55,131.31,5143.83
2024-06-17,379.93,83.64,224.26,220.51,53819.0,47902.0,0.0,1122.5,121.19,124.33,5308.85
2024-06-18,367.03,87.07,226.5,222.01,52191.0,47113.0,0.0,1128.25,165.26,124.29,5314.05
2024-06-19,357.26,85.53,228.18,213.37,49874.0,47040.0,0.0,1109.01,175.6,111.69,5236.66
2024-06-20,359.85,82.7,225.81,217.15,50787.0,47541.0,0.0,1111.46,201.04,119.58,5044.54
2024-06-21,363.45,81.01,225.86,222.84,51864.0,46704.0,0.0,1122.07,208.76,111.83,5076.96
2024-06-22,358.56,78.77,229.09,215.85,50921.0,46393.0,0.0,1099.16,198.01,109.95,5070.26
2024-06-23,334.86,71.95,209.2,206.95,46130.0,41181.0,0.0,1028.55,216.03,111.84,4930.26
2024-06-24,356.14,75.4,220.54,214.49,50509.480469,46462.0,0.0,1086.13,217.01,114.01,5093.17
2024-06-25,370.78,75.29,223.8,222.47,52024.0,46601.0,0.0,1123.87,256.46,110.39,5186.59
2024-06-26,361.6,74.02,220.88,219.14,50965.0,45659.0,0.0,1115.21,268.11,100.34,5120.85
2024-06-27,366.0,76.03,218.51,209.03,50359.0,45327.0,0.0,1093.86,266.31,83.67,4949.13
2024-06-28,375.38,77.68,231.27,215.25,51635.0,47077.0,0.0,1116.72,222.99,113.7,4919.93
2024-06-29,384.59,79.43,238.26,213.58,52874.0,46753.0,0.0,1137.77,197.28,113.65,4887.99
2024-06-30,352.92,73.7,218.8,199.02,49030.0,41312.0,0.0,1048.79,170.33,85.71,4621.96
2024-07-01,357.9,78.24,224.26,195.3,50120.0,45317.0,0.0,1070.05,196.36,95.49,4678.36
2024-07-02,377.67,79.65,227.12,202.44,50262.0,46970.0,0.0,1109.73,219.68,113.72,4702.46
2024-07-03,383.68,81.69,236.72,213.4,52762.0,47091.0,0.0,1140.81,211.82,111.01,4711.16
2024-07-04,380.87,81.91,233.58,222.19,53086.0,48459.0,0.0,1160.37,184.11,104.27,4660.31
2024-07-05,382.06,81.93,240.39,216.86,55726.0,46072.0,0.0,1163.7,211.75,109.82,4696.95
2024-07-06,357.53,77.44,224.16,207.05,49872.0,44914.0,0.0,1096.06,234.62,88.67,4509.44
2024-07-07,335.2,71.32,207.68,203.94,47323.0,41178.0,0.0,1039.76,211.31,105.27,4415.98
2024-07-08,357.44,76.63,227.03,210.81,52716.0,45766.0,40.0,1106.29,194.29,98.75,4729.94
2024-07-09,372.53,76.37,227.94,208.53,52184.0,46348.0,303.0,1124.55,187.27,101.55,4882.89
2024-07-10,378.63,77.96,232.93,216.23,53685.0,47128.0,0.0,1151.69,187.67,125.75,4967.64
2024-07-11,375.86,81.65,235.32,218.05,54073.0,48589.0,0.0,1171.15,189.71,120.5,5049.26
2024-07-12,368.73,80.8,241.57,219.61,55992.0,45404.0,0.0,1170.29,200.13,113.6,4934.02
2024-07-13,347.59,76.66,222.36,199.99,49609.0,45057.0,0.0,1091.94,250.03,90.88,4838.73
2024-07-14,316.67,69.04,189.8,192.25,46966.0,39904.0,0.0,1002.15,290.85,82.12,4749.73
2024-07-15,327.63,69.72,199.13,191.42,48945.0,42765.0,0.0,1019.37,245.66,69.17,4886.03
2024-07-16,319.01,68.84,196.75,195.61,46378.0,43962.0,0.0,1016.99,305.65,85.71,4982.4
2024-07-17,337.92,73.63,204.1,202.13,50712.0,43553.0,0.0,1060.71,287.99,85.22,4987.04
2024-07-18,326.67,72.77,197.54,199.26,49228.0,42394.0,0.0,1046.2,310.63,89.35,5023.08
2024-07-19,328.61,73.34,189.61,187.82,46745.0,42191.0,0.0,998.73,318.36,78.74,4976.64
2024-07-20,329.27,76.6,181.59,182.04,44358.0,42824.0,0.0,971.9,303.71,71.44,4952.47
2024-07-21,324.72,72.36,165.81,182.86,43455.0,39199.0,0.0,934.38,307.49,85.5,4820.48
2024-07-22,356.51,76.3,189.55,188.28,48008.0,44567.0,0.0,1014.36,280.01,90.81,4936.54
2024-07-23,373.65,78.79,192.62,197.95,50321.0,45079.0,0.0,1068.82,296.67,87.55,4948.59
2024-07-24,379.68,79.55,191.39,204.82,50174.0,45496.0,0.0,1077.74,286.52,87.12,4865.64
2024-07-25,376.57,74.86,169.83,205.31,49670.0,44627.0,0.0,1040.75,305.66,74.95,4841.28
2024-07-26,376.95,79.49,170.91,207.47,50105.0,44983.0,0.0,1054.18,322.95,93.75,4861.28
2024-07-27,375.77,81.75,178.44,204.58,49464.0,46121.0,0.0,1070.94,302.64,91.19,4864.19
2024-07-28,348.44,71.52,178.07,209.31,49083.0,43015.0,0.0,1049.45,310.44,103.55,4795.07
2024-07-29,379.26,75.63,205.98,219.09,55487.0,48057.0,400.0,1144.79,285.56,102.11,5022.33
2024-07-30,385.82,72.55,215.22,222.86,55679.0,48516.0,30.0,1175.09,247.29,110.41,5115.92
2024-07-31,395.67,74.44,213.65,225.92,56170.0,48249.0,0.0,1186.48,242.81,119.39,5030.43
2024-08-01,385.87,75.37,212.05,225.28,54507.0,47382.0,0.0,1176.89,248.67,110.08,4661.82
2024-08-02,387.97,75.84,210.95,221.55,54714.0,47400.0,0.0,1171.12,262.12,100.16,4589.44
2024-08-03,374.8,75.79,211.69,220.65,54165.0,46451.0,0.0,1159.66,214.58,110.39,4522.99
2024-08-04,347.17,69.92,200.07,222.16,52597.0,43226.0,0.0,1118.06,180.04,116.48,4424.1
2024-08-05,349.6,77.83,224.59,234.72,56362.0,48054.0,0.0,1178.94,107.29,114.35,4673.36
2024-08-06,351.3,79.08,224.35,220.93,54514.0,45422.0,0.0,1153.33,124.13,100.66,4750.41
2024-08-07,335.47,80.53,210.27,197.5,50040.0,45733.0,0.0,1080.86,101.27,78.01,4615.43
2024-08-08,342.23,80.27,211.86,200.81,49539.0,45805.0,0.0,1086.64,123.68,106.18,4354.29
2024-08-09,352.2,80.28,220.04,210.09,51450.0,47183.0,0.0,1134.64,112.05,121.97,4723.32
2024-08-10,343.14,82.03,216.09,213.12,51859.0,48008.0,0.0,1130.76,98.51,120.06,4694.49
2024-08-11,312.83,76.12,207.91,218.0,49078.0,43718.0,0.0,1086.78,80.67,119.58,4420.68
2024-08-12,332.06,82.31,230.53,224.33,53707.0,48443.0,50.0,1160.6,40.55,126.0,4608.5
2024-08-13,349.29,82.86,234.83,226.18,54325.0,48113.0,600.0,1194.39,31.44,120.25,4776.76
2024-08-14,354.94,80.99,234.72,228.94,55617.0,48311.0,555.0,1204.48,37.63,118.03,4873.35
2024-08-15,313.37,78.51,211.05,230.85,50796.0,43691.0,0.0,1130.3,29.21,122.62,4607.17
2024-08-16,345.75,83.2,229.76,235.41,56912.0,47444.0,0.0,1191.89,37.78,104.46,4806.06
2024-08-17,348.51,82.42,212.65,227.91,51798.0,47674.0,0.0,1153.01,82.5,113.62,4861.8
2024-08-18,329.17,75.49,193.81,228.17,50492.0,44716.0,0.0,1110.66,47.35,122.1,4696.01
2024-08-19,350.69,83.31,219.0,231.15,55344.0,46287.0,0.0,1157.46,50.08,95.66,4681.66
2024-08-20,353.54,83.84,215.68,225.61,50447.0,48265.0,0.0,1120.42,38.26,118.71,4676.74
2024-08-21,350.17,77.29,212.44,227.23,51205.0,47344.0,0.0,1134.29,73.22,122.66,4831.41
2024-08-22,357.28,82.37,199.06,217.95,50506.0,47540.0,0.0,1121.53,113.32,114.04,4870.91
2024-08-23,369.7,83.86,209.49,219.06,53190.0,47795.0,0.0,1150.07,122.09,124.8,4812.2
2024-08-24,378.11,83.86,204.21,213.64,51680.0,45545.0,0.0,1133.08,221.95,104.52,4715.85
2024-08-25,346.56,76.69,181.55,214.49,48257.0,42404.0,0.0,1055.49,248.03,118.33,4469.79
2024-08-26,375.52,82.9,207.32,223.22,54163.0,47974.0,0.0,1154.72,243.83,129.35,4575.04
2024-08-27,386.48,85.48,214.79,235.09,57386.0,48544.0,0.0,1216.03,215.59,123.48,4499.34
2024-08-28,382.5,85.86,215.01,227.8,57568.0,48861.0,0.0,1220.78,208.42,100.93,4580.74
2024-08-29,361.31,83.07,217.37,228.03,57801.0,47327.0,0.0,1204.33,211.34,117.29,4542.45
2024-08-30,348.31,80.37,218.52,212.92,54404.0,45435.0,0.0,1138.35,204.27,95.19,4637.05
2024-08-31,338.37,78.88,210.25,181.92,48970.0,43898.0,0.0,1042.66,217.67,73.0,4663.59
2024-09-01,306.81,71.83,177.01,172.1,39993.0,39211.0,0.0,895.24,238.31,72.09,4442.32
2024-09-02,342.38,79.12,198.9,186.38,47251.0,44287.0,0.0,988.18,241.35,106.99,4634.94
2024-09-03,358.73,81.47,206.31,189.92,47628.0,45113.0,0.0,1028.88,242.12,107.24,4669.17
2024-09-04,367.47,82.32,213.71,194.14,49110.0,46257.0,0.0,1055.72,244.06,104.72,4552.7
2024-09-05,366.53,83.87,218.59,197.64,49068.0,46958.0,0.0,1074.84,219.72,121.39,4582.13
2024-09-06,382.72,84.02,224.03,201.59,52161.0,45933.0,0.0,1111.01,223.61,117.12,4645.97
2024-09-07,359.66,84.17,203.08,195.37,50960.0,42198.0,0.0,1048.57,211.57,112.6,4571.55
2024-09-08,319.92,77.06,190.6,185.73,46079.0,40098.0,0.0,973.26,227.96,94.14,4441.67
2024-09-09,355.77,81.85,210.1,191.14,49306.0,45124.0,0.0,1051.58,244.24,107.3,4683.75
2024-09-10,371.09,83.56,218.74,201.85,50861.0,47205.0,0.0,1101.85,262.82,123.6,4719.68
2024-09-11,387.1,84.06,224.48,215.38,53927.0,47779.0,0.0,1159.14,224.91,134.93,4670.78
2024-09-12,387.89,84.85,232.92,226.69,56436.0,49151.0,0.0,1199.94,192.01,135.02,4629.03
2024-09-13,388.16,85.65,252.13,230.67,58416.0,48697.0,0.0,1234.81,176.62,136.51,4644.41
2024-09-14,397.01,80.81,248.58,230.33,58841.0,47786.0,0.0,1238.19,181.94,136.67,4623.0
2024-09-15,362.2,72.54,229.56,230.91,56003.0,43901.0,0.0,1180.18,200.65,138.11,4514.08
2024-09-16,389.47,76.27,255.24,238.44,61429.0,48255.0,0.0,1256.76,185.44,139.23,4686.17
2024-09-17,405.28,82.29,261.95,242.58,62367.0,49732.0,0.0,1292.25,174.94,139.32,4680.09
2024-09-18,406.08,84.77,269.14,244.99,62899.0,50733.0,0.0,1312.46,147.25,141.67,4750.88
2024-09-19,403.12,86.36,277.55,246.09,63014.0,50987.0,0.0,1328.33,151.0,143.0,4901.86
2024-09-20,408.01,86.8,281.71,242.56,64870.0,49761.0,0.0,1329.75,155.81,134.78,5058.47
2024-09-21,381.77,84.9,269.0,231.92,57466.0,47221.0,0.0,1229.85,180.5,112.47,5058.42
2024-09-22,354.62,78.99,239.3,225.75,53482.0,44070.0,0.0,1140.3,160.38,118.84,4930.25
2024-09-23,381.39,84.54,248.46,223.91,57182.0,48358.0,0.0,1192.15,175.53,114.59,5109.12
2024-09-24,380.83,83.8,241.57,217.33,55210.0,47115.0,0.0,1159.16,186.93,105.08,5105.24
2024-09-25,383.99,84.96,228.42,204.91,52518.0,47567.0,0.0,1126.98,211.8,99.37,4974.1
2024-09-26,388.88,85.16,227.25,205.61,52714.0,47985.0,0.0,1131.24,174.06,106.74,4749.35
2024-09-27,389.78,85.77,242.41,208.55,54502.0,48104.0,0.0,1166.88,131.65,113.72,4596.05
2024-09-28,390.85,86.05,247.37,212.92,56479.0,47999.0,0.0,1195.58,44.42,118.26,4516.44
2024-09-29,352.22,79.71,219.98,212.66,52655.0,45076.0,0.0,1133.01,29.55,120.47,4463.66
2024-09-30,373.68,83.93,236.45,223.98,57493.0,48962.0,0.0,1200.27,17.74,120.76,4762.12
2024-10-01,382.35,88.32,238.5,231.16,58658.0,48946.0,0.0,1225.31,17.38,128.23,4894.71
2024-10-02,346.11,84.78,214.57,227.78,55464.0,43989.0,0.0,1146.03,43.97,125.85,4767.18
2024-10-03,373.63,87.64,216.82,223.13,56859.0,48540.0,0.0,1170.16,74.42,117.25,4905.83
2024-10-04,380.89,89.01,225.66,222.43,57060.0,48160.0,0.0,1189.6,74.98,116.73,4967.16
2024-10-05,356.27,87.39,216.86,222.65,53581.0,47185.0,0.0,1151.9,39.93,103.64,4885.21
2024-10-06,324.53,78.56,203.63,216.93,49623.0,43278.0,0.0,1081.23,16.83,105.22,4592.78
2024-10-07,348.85,81.35,222.0,217.62,54063.0,46836.0,0.0,1137.0,43.7,116.82,4814.0
2024-10-08,351.54,83.98,228.43,220.71,54472.0,47206.0,0.0,1157.31,40.32,118.0,4896.84
2024-10-09,352.72,85.23,224.52,218.5,55328.0,46926.0,0.0,1153.82,44.0,112.59,4858.28
2024-10-10,340.36,82.48,218.52,211.8,53089.0,44908.0,0.0,1113.78,62.79,114.52,4729.17
2024-10-11,300.35,80.07,198.04,208.26,48179.0,41467.0,0.0,1022.36,36.82,100.37,4545.16
2024-10-12,299.32,74.28,173.6,198.08,45087.0,39653.0,0.0,963.19,55.5,116.41,4251.54
2024-10-13,286.9,72.2,177.96,198.19,43995.0,40342.0,0.0,958.62,36.26,112.48,4178.59
2024-10-14,307.3,79.99,201.53,192.74,48204.0,43695.0,0.0,1026.52,22.32,61.33,4415.42
2024-10-15,295.75,80.65,198.89,187.06,46656.0,43124.0,0.0,1007.06,26.21,79.27,4437.7
2024-10-16,295.91,79.9,194.95,180.69,45661.0,43266.0,0.0,993.34,59.79,72.45,4420.58
2024-10-17,316.91,80.16,191.89,183.99,46858.0,44951.0,0.0,1005.38,94.36,102.86,4464.52
2024-10-18,329.76,81.9,197.07,189.61,47850.0,45868.0,0.0,1033.76,61.4,102.67,4523.36
2024-10-19,322.23,83.46,193.41,187.14,46625.0,44362.0,0.0,1018.34,25.46,96.46,4469.86
2024-10-20,302.88,77.39,171.89,184.46,43241.0,41965.0,0.0,957.56,22.54,108.58,4263.61
2024-10-21,326.25,84.53,188.92,191.77,47551.0,47289.0,0.0,1020.96,24.77,105.26,4396.26
2024-10-22,337.75,85.36,195.51,194.13,47682.0,45444.0,0.0,1040.93,15.17,114.48,4434.21
2024-10-23,341.98,84.61,196.34,196.24,47840.0,46164.0,0.0,1045.38,19.45,123.96,4432.51
2024-10-24,340.42,84.76,202.0,197.5,48031.0,46014.0,0.0,1053.24,22.95,111.96,4377.13
2024-10-25,334.0,83.51,207.75,202.75,48129.0,45529.0,0.0,1058.78,24.86,118.97,4327.48
2024-10-26,335.16,81.72,205.62,207.93,48667.0,45557.0,0.0,1061.93,36.4,132.84,4324.16
2024-10-27,322.34,76.41,194.92,209.15,47172.0,43132.0,0.0,1028.85,35.71,126.48,4257.37
2024-10-28,346.5,83.83,220.62,215.18,52338.0,48150.0,0.0,1103.47,43.36,123.77,4499.78
2024-10-29,354.81,85.46,230.21,220.39,53240.0,47115.0,0.0,1131.89,40.11,119.69,4582.24
2024-10-30,330.03,86.4,231.53,218.37,53051.0,44296.0,0.0,1103.0,14.77,104.13,4496.93
2024-10-31,257.13,84.38,217.74,205.47,46313.0,37570.0,0.0,972.28,20.07,112.4,4061.85
2024-11-01,258.1,84.18,195.65,205.71,45779.0,39913.0,0.0,952.19,20.48,110.41,3819.49
2024-11-02,279.13,82.43,193.91,214.54,46844.0,40998.0,0.0,979.01,25.76,112.35,3818.26
2024-11-03,275.57,73.29,195.27,211.64,44036.0,40314.0,0.0,956.23,30.47,118.12,3825.63
2024-11-04,311.1,80.76,219.11,213.12,48689.0,44805.0,0.0,1033.2,31.89,109.47,4079.35
2024-11-05,329.61,81.35,228.78,212.97,49961.0,46384.0,0.0,1064.39,26.61,126.83,4206.57
2024-11-06,336.48,83.16,238.09,216.34,50935.0,46001.0,0.0,1087.54,23.15,129.56,4286.85
2024-11-07,335.73,84.97,242.09,219.83,51762.0,45774.0,0.0,1096.06,25.82,117.88,4310.62
2024-11-08,333.95,85.2,243.46,218.34,51727.0,45836.0,0.0,1098.26,37.44,106.19,4326.03
2024-11-09,335.58,84.1,247.33,217.79,52072.0,44899.0,0.0,1097.51,40.32,118.24,4337.21
2024-11-10,313.91,77.83,231.85,216.62,48950.0,41970.0,0.0,1045.21,41.33,127.04,4175.28
2024-11-11,345.06,85.23,251.62,219.01,53101.0,46508.0,0.0,1111.64,37.27,125.72,4330.43
2024-11-12,351.8,87.4,255.0,212.2,52921.0,46366.0,0.0,1120.0,35.0,98.48,4365.0
2024-11-13,336.13,88.41,248.73,206.46,51066.0,45552.0,0.0,1095.33,64.49,89.08,4307.9
2024-11-14,331.25,87.27,239.03,206.23,52037.0,44233.0,0.0,1082.57,47.38,84.64,4279.86
2024-11-15,321.17,86.15,228.4,200.66,50011.0,44344.0,0.0,1057.73,29.58,81.84,4226.47
2024-11-16,304.45,84.63,221.93,200.54,47371.0,43819.0,0.0,1025.4,53.35,101.56,4153.64
2024-11-17,274.87,77.17,200.55,198.04,44502.0,39473.0,0.0,953.31,57.37,103.45,3971.73
2024-11-18,323.58,88.44,253.82,203.06,48761.0,43841.0,0.0,1081.0,84.13,163.0,4162.0
2024-11-19,315.09,86.66,235.39,200.25,49077.0,44078.0,0.0,1045.59,54.27,98.18,4155.59
2024-11-20,315.03,85.56,235.56,201.22,50198.0,43712.0,0.0,1044.35,68.49,89.18,4111.51
2024-11-21,313.65,84.53,244.42,201.04,50390.0,44127.0,0.0,1048.18,44.76,97.61,4136.81
2024-11-22,323.73,85.1,249.35,200.26,52191.0,44148.0,0.0,1066.63,44.43,122.95,4160.85
2024-11-23,330.9,85.87,249.14,203.06,52971.0,43260.0,0.0,1074.45,40.21,114.69,4160.88
2024-11-24,301.11,78.77,232.26,199.74,49519.0,39438.0,0.0,1009.28,44.38,104.05,3999.79
2024-11-25,323.22,86.32,249.24,200.97,52768.0,43599.0,0.0,1064.98,53.11,100.66,4124.14
2024-11-26,315.35,87.31,252.51,196.33,53698.0,42532.0,0.0,1061.23,35.27,71.15,4140.83
2024-11-27,297.84,84.77,248.53,192.81,50956.0,42542.0,0.0,1033.35,39.59,75.45,4123.2
2024-11-28,306.85,84.09,245.93,197.48,51686.0,43002.0,0.0,1044.24,55.22,114.75,4132.73
2024-11-29,309.96,84.86,254.24,197.76,53804.0,42943.0,0.0,1062.16,46.75,87.62,4164.41
2024-11-30,269.07,84.9,251.32,184.82,50694.0,39202.0,0.0,1003.84,79.85,66.73,4112.66
2024-12-01,229.24,76.49,221.65,174.02,45096.0,36259.0,0.0,902.99,118.82,48.8,3883.09
2024-12-02,272.81,80.42,213.5,179.17,46752.0,40989.0,0.0,953.28,123.87,64.64,4028.56
2024-12-03,303.14,79.76,199.35,178.61,46210.0,43068.0,0.0,973.07,92.67,81.92,4109.34
2024-12-04,314.55,82.45,208.13,182.95,47910.0,43342.0,0.0,1009.05,50.58,94.56,4168.99
2024-12-05,317.7,82.91,214.92,185.3,48673.0,44478.0,0.0,1028.09,31.25,91.12,4204.01
2024-12-06,333.47,83.99,221.7,190.81,50129.0,44783.0,0.0,1067.07,25.69,111.04,4246.82
2024-12-07,322.78,85.15,224.14,196.41,49309.0,44269.0,0.0,1063.22,21.93,110.49,4183.6
2024-12-08,301.51,78.02,209.12,192.57,47985.0,40909.0,0.0,1004.77,28.15,112.8,4033.04
2024-12-09,327.39,84.99,228.11,198.66,51363.0,45136.0,0.0,1075.48,20.86,103.56,4171.69
2024-12-10,339.1,86.5,240.53,204.27,53115.0,45206.0,0.0,1112.32,29.34,111.61,4241.18
2024-12-11,324.97,86.54,235.81,203.65,52518.0,43799.0,0.0,1093.44,67.81,97.26,4244.89
2024-12-12,295.67,86.14,232.79,197.54,51478.0,42343.0,0.0,1059.05,57.19,58.49,4217.16
2024-12-13,286.17,83.82,229.22,194.2,52015.0,42226.0,0.0,1045.03,55.59,63.59,4228.19
2024-12-14,280.06,80.49,223.61,190.65,50072.0,39343.0,0.0,1021.19,73.15,90.32,4172.08
2024-12-15,242.94,70.84,211.77,189.26,47769.0,37444.0,0.0,953.84,79.02,126.68,4019.5
2024-12-16,275.84,78.9,237.68,191.75,51723.0,41914.0,0.0,1035.42,49.27,121.59,4198.26
2024-12-17,293.18,81.39,248.93,194.7,53695.0,43038.0,0.0,1079.6,19.31,124.06,4297.94
2024-12-18,306.47,82.01,250.81,192.18,54292.0,43436.0,0.0,1096.57,14.01,99.28,4347.4
2024-12-19,311.87,84.12,261.67,192.98,54961.0,44427.0,30.0,1121.24,16.95,101.78,4383.4
2024-12-20,325.67,86.49,269.14,194.84,57381.0,45083.0,0.0,1153.22,30.49,97.59,4435.35
2024-12-21,307.57,85.63,263.69,194.32,54267.0,44732.0,0.0,1127.04,17.14,104.87,4374.08
2024-12-22,290.78,76.57,243.95,192.19,52438.0,40259.0,0.0,1070.64,23.75,101.24,4231.74
2024-12-23,315.68,81.42,262.73,198.57,55646.0,46172.0,0.0,1131.33,25.22,110.32,4328.66
2024-12-24,328.65,81.26,266.78,192.39,57189.0,43832.0,0.0,1144.38,24.53,102.26,4365.85
2024-12-25,321.28,73.46,263.0,183.78,55180.0,41612.0,0.0,1095.04,19.66,84.76,4304.27
2024-12-26,315.54,81.18,256.24,181.35,54300.0,43391.0,0.0,1088.26,32.1,68.32,4317.48
2024-12-27,317.99,86.28,246.1,182.07,54481.0,43956.0,0.0,1098.1,74.66,76.81,4192.58
2024-12-28,314.12,84.43,243.39,187.75,54092.0,43704.0,0.0,1099.6,75.97,116.83,4029.58
2024-12-29,285.12,77.91,233.24,188.07,52247.0,40258.0,0.0,1052.96,71.32,130.89,3988.37
2024-12-30,304.23,87.2,254.97,195.84,56324.0,43543.0,0.0,1117.43,83.55,117.37,4187.83
2024-12-31,313.36,87.62,259.25,201.81,57073.0,44203.0,0.0,1144.08,104.97,120.86,4264.44
2025-01-01,294.66,83.46,259.79,196.37,57353.0,40889.0,0.0,1106.44,113.94,126.36,4178.37
2025-01-02,316.1,82.84,264.45,199.44,57767.0,43914.0,0.0,1132.37,81.19,124.05,4252.67
2025-01-03,328.74,81.51,270.09,201.05,58823.0,43771.0,0.0,1157.8,101.83,136.41,4371.17
2025-01-04,316.62,80.26,273.6,199.96,57703.0,44045.0,0.0,1146.61,58.26,143.47,4357.81
2025-01-05,303.77,72.49,258.46,194.96,56020.0,40553.0,0.0,1097.51,55.34,141.99,4237.49
2025-01-06,329.34,80.45,279.35,199.12,60056.0,44997.0,0.0,1161.46,45.51,138.0,4394.02
2025-01-07,342.38,81.84,288.35,203.14,60527.0,45817.0,0.0,1192.56,45.16,132.91,4496.57
2025-01-08,344.2,83.49,286.14,206.79,60835.0,45561.0,0.0,1196.6,60.25,135.11,4491.46
2025-01-09,342.91,82.83,284.74,207.15,60915.0,45195.0,0.0,1195.74,78.19,125.91,4512.4
2025-01-10,340.67,83.67,288.81,209.2,61537.0,44457.0,0.0,1199.31,90.95,109.8,4565.02
2025-01-11,335.07,84.5,285.11,203.49,59204.0,43540.0,0.0,1178.29,68.77,84.28,4474.21
2025-01-12,305.64,78.57,269.65,203.59,57868.0,41400.0,0.0,1123.37,64.87,107.95,4259.8
2025-01-13,305.51,86.83,280.19,197.69,58580.0,41887.0,0.0,1134.91,72.07,108.77,4343.6
2025-01-14,252.18,88.49,269.48,185.66,56293.0,36432.0,0.0,1044.72,102.65,94.92,4179.05
2025-01-15,239.87,87.96,273.63,182.82,54933.0,39010.0,0.0,1039.05,112.46,97.06,4218.97
2025-01-16,261.35,87.1,283.57,197.9,57421.0,42817.0,0.0,1096.54,96.8,111.47,4335.38
2025-01-17,298.5,86.15,287.12,201.95,59663.0,43568.0,0.0,1142.54,116.39,122.89,4436.18
2025-01-18,302.9,85.04,285.15,206.22,59402.0,43574.0,0.0,1148.04,96.03,99.57,4440.54
2025-01-19,273.19,78.0,260.5,201.68,55526.0,40176.0,0.0,1076.28,49.58,84.18,4269.51
2025-01-20,292.13,85.19,278.72,205.78,57595.0,44795.0,0.0,1132.76,56.69,125.48,4403.44
2025-01-21,302.98,86.78,283.99,206.88,58668.0,45029.0,0.0,1160.73,56.04,139.65,4486.74
2025-01-22,313.29,86.68,290.29,209.35,59569.0,45843.0,0.0,1183.63,60.8,121.54,4517.76
2025-01-23,325.81,88.34,295.98,211.4,60609.0,46519.0,0.0,1209.75,70.18,128.25,4517.54
2025-01-24,330.56,86.47,295.96,209.57,61891.0,45975.0,0.0,1208.75,79.8,142.33,4566.26
2025-01-25,328.65,85.38,295.26,212.08,60963.0,46911.0,0.0,1205.36,64.55,141.05,4578.27
2025-01-26,286.47,77.03,272.17,207.53,56183.0,40872.0,0.0,1117.75,83.27,149.33,4327.83
2025-01-27,319.93,82.37,299.98,214.23,61268.0,46387.0,0.0,1197.56,57.02,145.0,4537.09
2025-01-28,336.5,85.12,305.48,218.15,62267.0,47306.0,0.0,1233.08,49.22,139.8,4665.13
2025-01-29,342.94,86.29,310.35,219.34,63519.0,46685.0,0.0,1249.79,68.82,134.74,4678.46
2025-01-30,347.25,86.88,311.01,221.7,62950.0,47916.0,0.0,1258.54,48.93,124.97,4699.85
2025-01-31,356.93,89.83,314.79,222.4,64875.0,48186.0,0.0,1280.05,41.42,134.9,4706.46
2025-02-01,348.88,90.76,313.96,224.43,63689.0,47250.0,0.0,1274.42,38.88,140.3,4623.02
2025-02-02,321.29,83.69,290.97,217.74,60642.0,43753.0,0.0,1204.3,57.02,148.4,4459.19
2025-02-03,344.57,90.49,309.16,220.68,63356.0,47766.0,0.0,1261.79,53.62,149.82,4623.81
2025-02-04,353.41,89.73,310.46,227.02,64270.0,47937.0,0.0,1284.34,57.54,152.96,4675.51
2025-02-05,358.91,88.41,315.93,229.67,65026.0,48163.0,0.0,1301.69,60.02,144.1,4675.18
2025-02-06,360.28,87.63,313.35,232.05,64894.0,48668.0,0.0,1305.54,83.46,142.61,4698.06
2025-02-07,365.36,86.78,315.35,237.61,66201.0,47809.0,0.0,1319.11,80.33,149.14,4728.51
2025-02-08,359.2,84.92,311.94,231.37,64254.0,47397.0,0.0,1294.59,84.39,143.76,4721.49
2025-02-09,322.03,78.4,292.0,230.79,61233.0,44111.0,0.0,1230.39,89.58,139.3,4553.2
2025-02-10,347.15,86.15,313.23,234.47,64492.0,48027.0,0.0,1291.64,62.96,138.46,4702.2
2025-02-11,363.94,87.61,316.37,234.84,65541.0,48067.0,0.0,1318.04,51.18,145.89,4755.0
2025-02-12,368.6,88.21,322.47,234.22,65282.0,48650.0,0.0,1332.17,39.67,145.38,4766.2
2025-02-13,369.04,89.37,327.37,236.48,66113.0,49682.0,0.0,1337.97,35.93,151.37,4730.93
2025-02-14,368.89,90.42,328.77,238.03,65775.0,49506.0,0.0,1337.28,24.69,152.83,4735.29
2025-02-15,367.87,91.16,307.67,238.11,65515.0,48617.0,0.0,1310.27,36.89,152.5,4710.28
2025-02-16,334.52,82.92,305.68,234.27,61914.0,44896.0,0.0,1253.33,51.3,154.76,4560.87
2025-02-17,366.17,90.14,323.18,238.43,65941.0,49664.0,0.0,1324.87,50.53,154.06,4725.26
2025-02-18,373.77,92.02,330.03,240.92,65856.0,50592.0,0.0,1352.87,34.21,148.02,4787.12
2025-02-19,377.52,92.05,333.36,240.48,66704.0,51222.0,0.0,1365.02,28.92,144.49,4789.02
2025-02-20,382.22,94.34,336.92,241.34,67911.0,51294.0,0.0,1379.37,35.56,140.59,4688.7
2025-02-21,385.63,94.75,338.58,242.66,68306.0,51144.0,0.0,1388.97,43.74,141.87,4760.56
2025-02-22,377.81,94.69,335.76,242.35,67801.0,50894.0,0.0,1373.43,31.24,142.44,4761.06
2025-02-23,350.97,88.25,312.79,238.42,63163.0,46948.0,0.0,1302.83,50.8,144.47,4582.66
2025-02-24,373.72,94.38,316.11,239.82,65757.0,50976.0,0.0,1343.9,90.68,147.69,4716.33
2025-02-25,386.96,94.24,326.29,242.16,68939.0,51237.0,0.0,1374.94,102.41,135.52,4777.97
2025-02-26,382.8,94.15,326.67,237.71,68567.0,49301.0,0.0,1366.71,116.72,139.7,4741.71
2025-02-27,377.13,95.65,329.68,236.78,66789.0,50554.0,0.0,1359.42,108.68,145.86,4727.99
2025-02-28,382.71,97.9,340.01,237.96,68536.0,51394.0,0.0,1386.48,90.03,133.42,4763.12
2025-03-01,367.24,100.41,338.34,238.53,66557.0,50493.0,0.0,1367.41,81.4,136.39,4700.83
2025-03-02,337.29,90.55,321.18,235.59,62601.0,47390.0,0.0,1301.93,46.14,137.55,4559.01
2025-03-03,370.53,96.44,341.84,243.17,67634.0,52214.0,0.0,1379.2,30.64,134.41,4753.84
2025-03-04,384.9,100.61,346.28,249.23,68797.0,52980.0,0.0,1417.32,34.93,132.72,4824.1
2025-03-05,388.6,101.8,350.1,251.1,68399.0,53180.0,0.0,1428.0,31.0,146.68,4740.0
2025-03-06,391.98,102.32,350.6,241.96,67811.0,52868.0,0.0,1419.6,30.42,155.51,4751.75
2025-03-07,399.24,102.66,352.46,241.83,68871.0,52758.0,0.0,1431.3,28.23,152.91,4853.78
2025-03-08,394.22,101.45,344.65,241.38,67522.0,52130.0,0.0,1414.15,22.09,144.6,4883.49
2025-03-09,352.95,95.16,330.21,236.85,63213.0,47886.0,0.0,1341.22,57.19,146.91,4766.2
2025-03-10,373.6,99.25,341.02,236.88,66816.0,52133.0,0.0,1379.79,110.08,148.19,4905.23
2025-03-11,363.47,100.63,336.03,235.99,67543.0,49690.0,0.0,1371.73,109.03,114.01,4942.46
2025-03-12,333.06,95.55,344.2,240.96,66097.0,49664.0,0.0,1351.2,47.46,126.68,4875.2
2025-03-13,339.1,92.13,343.7,247.46,65290.0,52618.0,0.0,1364.55,35.8,149.82,4875.5
2025-03-14,344.24,96.68,340.89,242.26,64884.0,49317.0,0.0,1351.83,35.59,150.01,4398.28
2025-03-15,346.92,99.09,340.06,241.73,65608.0,51547.0,0.0,1358.95,45.71,148.05,4489.34
2025-03-16,338.82,92.63,326.44,239.99,62873.0,48617.0,0.0,1328.05,36.42,141.24,4606.75
2025-03-17,381.23,92.33,353.73,248.21,69104.0,53194.0,0.0,1415.8,29.34,140.84,4847.15
2025-03-18,399.46,92.73,357.64,250.43,69242.0,54478.0,0.0,1450.75,36.1,144.85,4904.12
2025-03-19,404.18,98.15,359.23,251.7,68990.0,54510.0,0.0,1459.99,43.55,143.95,4953.08
2025-03-20,406.47,101.05,356.11,248.56,69389.0,54383.0,0.0,1455.66,49.69,151.07,4905.45
2025-03-21,410.14,101.25,357.91,250.19,69942.0,54134.0,0.0,1457.42,35.69,138.46,4856.67
2025-03-22,406.16,94.02,336.6,247.47,66862.0,51082.0,0.0,1385.87,39.87,123.74,4707.18
2025-03-23,371.15,85.03,298.06,237.81,60579.0,48744.0,0.0,1297.49,35.64,131.3,4535.13
2025-03-24,399.11,96.04,323.14,242.91,67016.0,53978.0,0.0,1383.15,35.91,142.85,4784.39
2025-03-25,411.98,98.91,323.71,246.16,66761.0,53335.0,0.0,1410.28,33.94,141.35,4876.21
2025-03-26,412.61,97.36,323.58,248.96,68183.0,53698.0,0.0,1415.93,33.22,145.49,4926.39
2025-03-27,418.22,97.41,332.65,254.95,68542.0,55344.0,0.0,1438.05,28.9,139.08,4972.98
2025-03-28,425.06,100.67,338.68,257.24,69695.0,55925.0,0.0,1458.07,33.39,135.77,4962.9
2025-03-29,414.79,102.91,340.02,256.63,68901.0,54885.0,0.0,1452.14,38.06,140.55,4862.5
2025-03-30,381.98,96.74,320.83,248.82,64315.0,49956.0,0.0,1373.81,35.43,140.55,4694.09
2025-03-31,395.1,97.0,326.28,244.77,66091.0,51239.0,0.0,1376.31,35.7,128.84,4771.29
2025-04-01,405.01,98.61,334.93,241.94,66169.0,52157.0,0.0,1392.62,43.13,137.04,4768.56
2025-04-02,410.16,96.0,337.23,245.35,66598.0,52893.0,0.0,1398.62,35.49,127.19,4775.83
2025-04-03,381.95,93.5,306.59,243.23,63684.0,49013.0,0.0,1315.34,35.81,106.31,4710.38
2025-04-04,372.38,90.71,294.0,225.35,59375.0,50898.0,0.0,1243.86,23.58,133.22,4669.64
2025-04-05,366.36,89.24,289.47,225.29,57873.0,49457.0,0.0,1243.54,24.01,137.92,4744.98
2025-04-06,342.36,83.01,268.26,226.61,53950.0,46080.0,0.0,1199.07,35.53,138.14,4623.36
2025-04-07,364.08,93.96,300.83,232.37,60414.0,51628.0,0.0,1274.2,40.09,147.09,4869.67
2025-04-08,394.63,97.44,307.39,233.02,62388.0,50836.0,0.0,1310.24,38.27,140.11,5022.47
2025-04-09,399.11,95.42,307.64,234.3,62758.0,52368.0,0.0,1315.4,32.86,140.66,5076.4
2025-04-10,402.22,95.58,305.41,236.1,63324.0,50543.0,0.0,1307.09,112.58,129.91,4854.22
2025-04-11,387.44,95.8,305.28,228.99,61130.0,50356.0,0.0,1275.79,107.78,138.35,4687.76
2025-04-12,371.06,92.93,290.47,230.71,59848.0,50223.0,0.0,1250.37,90.76,145.9,4677.13
2025-04-13,360.64,87.94,271.5,223.01,55641.0,47657.0,0.0,1199.58,45.35,144.78,4526.5
2025-04-14,361.52,84.37,289.27,218.85,57861.0,47447.0,0.0,1213.08,47.12,141.5,4731.25
2025-04-15,380.63,92.1,297.63,227.66,59418.0,52360.0,0.0,1256.32,51.49,147.01,4881.36
2025-04-16,385.56,98.38,302.48,220.55,58556.0,50996.0,0.0,1257.35,54.44,142.93,4972.46
2025-04-17,394.91,99.21,295.1,230.8,60812.0,52225.0,0.0,1275.56,47.21,139.41,4973.33
2025-04-18,400.49,92.14,294.84,234.54,59929.0,49802.0,0.0,1267.8,67.62,135.66,4920.19
2025-04-19,401.36,96.26,282.82,236.36,60182.0,52644.0,0.0,1256.03,69.25,142.89,4895.86
2025-04-20,378.91,91.06,265.66,237.76,55364.0,47615.0,0.0,1208.39,71.23,138.14,4872.65
2025-04-21,408.63,100.63,269.86,236.43,60790.0,53068.0,130.0,1257.65,44.32,131.61,5069.91
2025-04-22,423.05,102.87,287.3,246.35,62182.0,53570.0,50.0,1309.32,31.88,136.42,5173.71
2025-04-23,424.53,101.02,295.36,250.01,63145.0,54224.0,50.0,1326.05,46.42,145.14,5186.56
2025-04-24,433.53,100.76,302.55,250.19,64086.0,54820.0,50.0,1342.16,61.78,142.42,5237.31
2025-04-25,438.08,102.61,306.06,254.2,64560.0,53757.0,35.0,1353.11,54.14,135.28,5293.06
2025-04-26,434.67,100.06,291.72,253.89,63753.0,53722.0,30.0,1324.15,28.66,130.91,5199.06
2025-04-27,396.51,90.77,274.16,242.86,57430.0,46355.0,0.0,1227.92,48.56,128.88,4904.78
2025-04-28,416.46,95.71,283.22,242.45,62298.0,53377.0,0.0,1273.58,21.4,142.48,5026.79
2025-04-29,427.47,94.28,295.62,244.71,62571.0,52602.0,0.0,1300.82,36.29,133.94,5054.64
2025-04-30,428.05,97.49,287.23,234.76,60331.0,51157.0,0.0,1285.43,65.61,136.36,5085.71
2025-05-01,385.97,93.19,253.62,226.75,54485.0,46744.0,0.0,1180.59,67.64,140.42,4840.8
2025-05-02,402.2,93.56,273.8,226.28,59186.0,48417.0,0.0,1220.01,63.42,134.58,4719.25
2025-05-03,411.68,93.11,250.68,227.52,57363.0,51026.0,0.0,1205.82,94.38,140.44,4817.8
2025-05-04,369.1,90.02,246.56,199.33,49700.0,43143.0,0.0,1113.6,88.23,139.59,4545.21
2025-05-05,371.34,97.23,280.85,217.75,56831.0,51238.0,0.0,1180.72,57.56,140.12,4597.21
2025-05-06,387.13,99.52,291.65,229.26,57924.0,50232.0,0.0,1217.17,66.88,143.46,4531.07
2025-05-07,369.78,99.17,301.55,225.3,57593.0,50320.0,0.0,1209.07,71.39,140.29,4598.04
2025-05-08,379.1,99.44,299.12,224.88,57115.0,50825.0,0.0,1221.36,76.77,142.87,4677.83
2025-05-09,392.0,99.6,313.0,226.0,59102.0,52315.0,0.0,1252.0,54.0,150.58,4811.0
2025-05-10,398.81,98.94,311.29,230.94,59142.0,52223.0,0.0,1260.08,66.4,139.08,4885.62
2025-05-11,364.68,90.99,290.44,233.8,54172.0,48381.0,0.0,1197.64,91.62,136.58,4737.03
2025-05-12,391.16,100.4,301.27,239.25,61911.0,51796.0,0.0,1263.09,119.92,139.45,4938.59
2025-05-13,409.09,101.75,274.69,244.54,60740.0,50933.0,40.0,1257.64,106.27,136.17,5014.45
2025-05-14,411.83,98.12,254.96,247.96,60023.0,51699.0,40.0,1234.59,63.94,136.65,5072.11
2025-05-15,402.81,98.87,253.11,232.79,57708.0,51720.0,40.0,1206.03,59.83,128.88,5141.69
2025-05-16,402.18,100.24,253.36,217.6,55690.0,50695.0,0.0,1190.91,85.78,125.97,5125.49
2025-05-17,357.63,98.21,239.75,219.18,52487.0,47103.0,0.0,1126.77,84.57,107.97,4990.16
2025-05-18,311.78,85.83,198.51,206.81,45505.0,44554.0,0.0,1008.47,65.67,121.49,4785.54
2025-05-19,328.01,91.11,212.52,203.01,49243.0,48338.0,0.0,1051.69,45.03,96.22,4978.58
2025-05-20,328.93,87.57,207.0,195.11,47720.0,47116.0,0.0,1041.39,115.43,106.62,5043.44
2025-05-21,336.2,88.64,196.88,190.91,47702.0,46714.0,0.0,1017.02,155.92,105.13,4841.75
2025-05-22,359.83,90.11,196.67,190.11,48432.0,47936.0,0.0,1025.01,155.73,120.11,4573.34
2025-05-23,362.95,86.1,201.26,198.22,47716.0,46629.0,0.0,1048.07,165.02,129.23,4856.72
2025-05-24,340.2,75.07,188.07,199.71,45015.0,44478.0,0.0,1001.34,209.48,102.21,4770.63
2025-05-25,303.15,66.38,164.71,194.96,40756.0,39781.0,0.0,910.93,210.44,88.84,4289.47
2025-05-26,318.12,66.88,173.21,191.18,44708.0,43816.0,0.0,943.55,262.98,77.72,4631.32
2025-05-27,334.91,74.53,179.31,195.3,45625.0,44897.0,0.0,979.05,281.91,89.78,4768.49
2025-05-28,333.57,78.02,183.67,197.4,45904.0,45118.0,0.0,983.81,258.98,103.17,4812.51
2025-05-29,354.77,75.27,190.75,203.51,45976.0,45787.0,0.0,1018.28,235.92,98.62,4801.93
2025-05-30,354.4,72.34,195.99,201.87,47316.0,44904.0,0.0,1024.76,269.27,97.19,4718.75
2025-05-31,358.44,75.53,198.58,199.07,47965.0,47405.0,0.0,1030.24,262.27,124.61,4757.32
2025-06-01,332.85,73.26,195.56,206.11,45522.0,43848.0,0.0,1003.02,210.76,133.12,4571.47
2025-06-02,379.36,83.57,221.79,220.91,52322.0,48831.0,0.0,1112.43,194.58,135.94,4815.63
2025-06-03,403.47,84.91,226.41,227.43,52019.0,50003.0,0.0,1156.13,206.62,129.97,4805.9
2025-06-04,403.87,84.73,230.89,234.88,53322.0,50331.0,0.0,1170.49,193.43,139.05,4762.26
2025-06-05,411.32,86.0,244.47,241.14,55157.0,51418.0,0.0,1204.27,104.34,140.7,4865.53
2025-06-06,422.13,90.25,262.66,246.34,58043.0,52365.0,0.0,1250.79,97.99,136.81,5074.99
2025-06-07,404.92,88.24,259.08,242.99,56259.0,48787.0,0.0,1222.49,155.33,135.99,5185.44
2025-06-08,352.48,81.75,239.15,237.29,51294.0,45347.0,0.0,1126.29,168.4,131.01,5070.48
2025-06-09,373.74,87.81,240.16,238.62,54678.0,49413.0,0.0,1153.57,196.65,115.81,5354.6
2025-06-10,379.53,88.9,242.14,239.26,53847.0,48153.0,0.0,1161.8,211.64,120.01,5440.38
2025-06-11,373.73,85.21,238.59,219.83,51336.0,48064.0,0.0,1127.55,214.12,86.64,5456.91
2025-06-12,369.74,82.63,226.1,218.23,50114.0,47929.0,170.0,1107.94,178.61,98.42,5452.51
2025-06-13,377.92,82.15,227.27,215.53,50355.0,47877.0,0.0,1117.71,169.05,104.44,5449.36
2025-06-14,369.53,78.22,212.64,210.51,49695.0,45906.0,0.0,1085.78,244.39,107.9,5395.32
2025-06-15,331.09,68.5,178.26,205.68,44714.0,42388.0,0.0,993.78,282.86,103.51,4893.76
2025-06-16,361.59,73.38,190.27,204.15,47810.0,46687.0,0.0,1045.11,296.06,105.57,4956.62
2025-06-17,381.03,76.18,212.21,217.42,49930.0,49456.0,0.0,1108.71,250.59,120.01,4849.67
2025-06-18,395.48,77.97,221.19,224.29,52181.0,49853.0,0.0,1152.45,262.56,128.08,4871.41
2025-06-19,405.68,79.73,227.55,229.59,53165.0,50502.0,0.0,1178.06,281.16,124.3,4892.15
2025-06-20,413.59,80.5,238.9,236.09,55201.0,50921.0,0.0,1208.91,262.93,128.03,4909.54
2025-06-21,390.87,81.65,239.1,231.06,53292.0,50191.0,0.0,1182.63,274.95,133.8,4921.9
2025-06-22,368.68,74.34,213.7,221.77,51131.0,43701.0,0.0,1113.53,275.22,120.04,4819.13
2025-06-23,370.45,78.47,226.21,209.6,52403.0,48411.0,0.0,1123.73,285.23,95.93,4928.19
2025-06-24,383.75,81.47,226.73,204.63,53074.0,48654.0,0.0,1132.69,291.4,107.26,4968.09
2025-06-25,393.89,82.29,238.43,205.69,55140.0,48214.0,0.0,1154.89,283.31,94.36,4955.99
2025-06-26,397.37,80.48,239.24,206.27,54023.0,49615.0,0.0,1148.83,265.65,98.01,4918.28
2025-06-27,404.48,78.33,248.93,212.92,55004.0,50017.0,0.0,1182.32,252.59,126.4,5006.53
2025-06-28,400.51,79.51,249.34,224.52,55855.0,49693.0,0.0,1198.53,240.58,127.18,5021.48
2025-06-29,360.64,72.11,231.62,216.36,51633.0,45723.0,0.0,1118.01,264.1,114.51,4681.95
2025-06-30,400.44,79.65,261.16,218.1,56268.0,48804.0,0.0,1188.04,268.12,112.67,4752.57
2025-07-01,414.05,80.76,263.45,210.63,56359.0,48659.0,0.0,1183.73,255.93,93.41,4781.62
2025-07-02,406.44,80.19,256.6,203.54,55336.0,47503.0,0.0,1158.95,264.75,85.35,4890.46
2025-07-03,404.46,79.25,244.32,200.15,54595.0,48676.0,0.0,1153.65,256.23,105.48,4955.39
2025-07-04,410.92,78.04,250.51,207.93,55485.0,48835.0,60.0,1186.16,267.92,116.56,5038.02
2025-07-05,410.96,78.93,238.39,214.53,55668.0,48252.0,0.0,1187.86,301.26,132.17,5025.05
2025-07-06,379.71,72.09,221.73,210.91,53245.0,44168.0,0.0,1124.54,316.51,123.42,4763.64
2025-07-07,414.18,78.71,244.36,213.64,57283.0,49017.0,0.0,1194.91,312.67,116.07,4905.49
2025-07-08,419.72,79.72,259.27,223.06,58221.0,48689.0,0.0,1230.53,285.65,121.74,5039.14
2025-07-09,433.84,72.82,263.99,230.29,58347.0,50710.0,0.0,1251.88,275.96,125.23,4964.91
2025-07-10,429.07,80.33,272.91,239.24,60080.0,51131.0,0.0,1281.58,209.23,128.08,4885.53
2025-07-11,430.9,81.39,275.56,243.5,60957.0,51190.0,0.0,1303.23,219.65,131.71,5026.49
2025-07-12,421.08,79.02,266.51,238.27,60052.0,50639.0,0.0,1279.49,249.78,133.59,5063.77
2025-07-13,378.91,72.65,247.17,243.53,57032.0,45440.0,0.0,1220.93,263.22,132.97,4871.42
2025-07-14,403.47,78.14,261.4,247.3,61793.0,50253.0,0.0,1288.13,286.26,136.67,4904.08
2025-07-15,415.52,77.97,264.84,255.09,60768.0,50878.0,0.0,1317.66,273.44,120.3,4938.03
2025-07-16,424.1,77.96,271.33,262.58,64150.0,50878.0,0.0,1348.14,210.88,112.95,4969.37
2025-07-17,407.38,75.51,257.92,247.96,60828.0,49820.0,60.0,1294.12,191.94,118.66,4961.21
2025-07-18,402.23,76.59,255.2,230.01,58057.0,48903.0,0.0,1246.47,187.65,98.13,5015.62
2025-07-19,374.28,75.28,237.76,228.28,55450.0,46904.0,0.0,1187.46,212.59,96.14,5053.19
2025-07-20,352.98,66.88,214.14,218.26,51125.0,42561.0,0.0,1112.29,219.83,107.46,4925.06
2025-07-21,364.46,73.67,228.64,206.73,54586.0,45540.0,0.0,1145.21,230.14,97.55,5069.74
2025-07-22,370.31,74.78,225.77,203.9,52799.0,46804.0,0.0,1136.89,246.81,103.02,5043.91
2025-07-23,376.83,76.89,220.92,202.41,51710.0,46719.0,0.0,1120.91,294.24,86.52,5024.03
2025-07-24,378.55,74.31,218.29,194.36,51581.0,45654.0,0.0,1093.87,284.14,78.04,5032.86
2025-07-25,379.51,70.43,210.72,196.63,51900.0,45534.0,0.0,1087.11,309.73,88.27,4991.06
2025-07-26,381.41,68.62,198.53,198.24,50006.0,44669.0,0.0,1062.28,341.67,84.87,4867.6
2025-07-27,349.75,64.51,177.14,203.43,46456.0,43089.0,0.0,1009.48,300.5,116.52,4772.78
2025-07-28,392.54,74.53,209.43,224.36,54178.0,49909.0,0.0,1155.24,277.71,118.58,4994.58
2025-07-29,407.04,77.74,223.03,235.09,58080.0,50638.0,0.0,1216.04,288.73,117.96,4962.8
2025-07-30,425.0,80.12,239.31,242.38,60150.0,51318.0,0.0,1264.46,256.16,117.72,4987.3
2025-07-31,421.92,82.06,256.51,249.9,62109.0,52325.0,0.0,1291.77,238.74,117.54,4906.15
2025-08-01,421.56,82.07,267.42,255.93,63352.0,51907.0,0.0,1324.76,172.33,129.83,4953.2
2025-08-02,394.24,80.58,269.38,263.07,62442.0,50340.0,0.0,1309.03,137.89,133.58,5034.73
2025-08-03,345.88,70.33,249.35,261.78,58459.0,46662.0,0.0,1228.46,104.76,114.91,4863.91
2025-08-04,363.33,76.31,262.59,258.16,60593.0,50342.0,0.0,1254.92,79.43,123.87,4980.41
2025-08-05,367.92,80.78,244.16,248.36,57776.0,50068.0,0.0,1235.5,109.77,120.82,5060.42
2025-08-06,368.29,77.98,225.22,245.38,55648.0,50748.0,0.0,1212.48,116.06,141.73,5094.41
2025-08-07,381.13,81.39,229.57,238.95,56072.0,49687.0,0.0,1216.3,129.16,119.43,5206.73
2025-08-08,385.81,82.61,231.77,229.93,54604.0,49849.0,0.0,1173.8,89.7,112.14,5163.06
2025-08-09,365.68,81.78,211.24,220.92,51705.0,46873.0,0.0,1120.6,75.55,113.8,4835.84
2025-08-10,324.58,75.14,183.85,213.8,46666.0,42569.0,0.0,1025.11,111.23,110.94,4747.34
2025-08-11,334.54,81.44,201.4,211.4,49078.0,46672.0,0.0,1061.71,158.19,108.6,5007.0
2025-08-12,345.44,81.1,206.21,210.97,49895.0,46877.0,0.0,1069.81,205.59,104.36,5055.51
2025-08-13,344.28,80.91,204.38,197.71,49078.0,45066.0,0.0,1044.57,230.25,79.75,5061.82
2025-08-14,347.01,79.66,202.25,193.83,48467.0,46907.0,0.0,1041.01,233.69,109.21,4838.59
2025-08-15,313.0,74.52,173.26,192.47,45417.0,41542.0,0.0,971.32,270.84,115.25,4585.59
2025-08-16,331.24,76.68,181.33,194.82,47389.0,44401.0,0.0,1001.31,301.63,110.01,4728.37
2025-08-17,316.32,70.86,168.47,188.87,45654.0,40668.0,0.0,966.32,307.05,82.56,4646.28
2025-08-18,337.59,76.67,179.85,182.74,46220.0,44410.0,0.0,986.79,310.94,89.11,4807.98
2025-08-19,349.75,78.72,184.17,183.47,47319.0,46062.0,0.0,997.63,306.27,104.6,4878.23
2025-08-20,380.16,80.55,192.23,198.09,49506.0,48559.0,0.0,1067.16,250.12,130.31,4879.91
2025-08-21,390.93,81.72,204.79,214.39,52336.0,50100.0,260.0,1136.17,143.11,146.85,4929.8
2025-08-22,400.37,85.25,215.36,224.68,56369.0,49993.0,0.0,1202.23,125.46,131.11,4964.31
2025-08-23,380.91,84.96,214.19,223.84,56393.0,49198.0,0.0,1195.6,162.93,130.32,4842.78
2025-08-24,350.3,77.34,195.85,224.29,52943.0,46750.0,0.0,1139.07,202.59,142.66,4481.45
2025-08-25,380.85,84.89,232.97,234.28,59107.0,52091.0,0.0,1244.73,158.99,150.08,4630.64
2025-08-26,398.76,86.69,244.54,228.67,60858.0,50154.0,0.0,1265.37,238.8,129.11,4738.61
2025-08-27,354.56,84.23,216.68,205.48,54278.0,43977.0,0.0,1093.67,257.77,100.64,4627.6
2025-08-28,362.05,83.65,219.01,207.31,52128.0,47773.0,0.0,1084.56,265.23,110.99,4754.02
2025-08-29,388.46,81.38,222.33,208.99,51423.0,49044.0,0.0,1128.08,250.7,131.43,4781.77
2025-08-30,391.09,80.98,221.72,216.35,52721.0,47847.0,0.0,1150.92,245.55,144.54,4790.69
2025-08-31,354.48,74.2,207.84,217.48,51959.0,44518.0,0.0,1103.28,249.89,125.62,4499.5
2025-09-01,334.41,82.73,212.53,210.92,52770.0,48205.0,0.0,1105.76,260.6,116.64,4455.75
2025-09-02,370.37,82.76,221.58,216.66,53940.0,48770.0,0.0,1141.83,270.77,108.44,4399.55
2025-09-03,386.45,83.33,220.33,211.41,53771.0,49338.0,0.0,1158.23,269.49,124.29,4462.24
2025-09-04,389.2,77.16,226.92,222.49,54458.0,50062.0,0.0,1188.77,274.33,148.82,4546.59
2025-09-05,403.92,69.13,238.34,236.42,59269.0,50473.0,0.0,1242.32,215.56,143.57,4645.89
2025-09-06,385.47,72.16,241.72,242.06,58496.0,49971.0,0.0,1239.88,177.34,148.23,4643.85
2025-09-07,350.0,73.49,227.33,239.54,55273.0,46404.0,0.0,1177.26,159.04,138.3,4477.09
2025-09-08,380.58,83.26,254.32,246.27,60667.0,50622.0,540.0,1270.98,89.8,151.78,4746.14
2025-09-09,391.71,86.1,266.65,251.96,61572.0,50967.0,60.0,1304.36,54.56,139.36,4921.08
2025-09-10,381.76,89.32,271.68,250.18,62006.0,51154.0,0.0,1297.62,79.86,131.23,5014.33
2025-09-11,366.64,87.42,254.75,222.79,56338.0,49631.0,0.0,1201.08,106.34,97.39,4954.56
2025-09-12,376.19,87.35,258.73,218.78,54088.0,50100.0,0.0,1181.49,87.39,109.75,4996.82
2025-09-13,376.4,85.9,252.76,207.81,53108.0,48259.0,0.0,1158.74,136.84,98.19,5028.1
2025-09-14,340.51,78.57,229.43,206.19,49041.0,45336.0,0.0,1082.2,162.38,133.8,4857.53
2025-09-15,378.03,86.31,252.07,217.31,55315.0,50595.0,0.0,1181.52,198.78,140.94,5027.62
2025-09-16,382.45,81.79,252.66,218.97,54520.0,50234.0,0.0,1187.59,135.36,109.58,5032.84
2025-09-17,367.9,86.13,251.63,214.58,53794.0,49090.0,0.0,1164.14,89.31,99.29,4903.85
2025-09-18,353.9,85.34,235.18,214.07,52097.0,48025.0,0.0,1133.19,126.91,117.85,4946.59
2025-09-19,347.46,87.24,233.82,215.41,52520.0,48089.0,0.0,1143.66,149.58,113.79,5044.29
2025-09-20,335.6,86.73,229.04,210.48,51502.0,47095.0,0.0,1124.34,161.41,119.55,4991.78
2025-09-21,315.36,78.77,211.77,201.9,48415.0,42826.0,0.0,1051.87,163.95,119.32,4882.63
2025-09-22,343.27,86.02,230.83,208.61,51482.0,48327.0,0.0,1106.21,204.38,127.86,5012.21
2025-09-23,354.75,86.86,235.82,209.52,51637.0,48185.0,0.0,1116.55,220.97,113.8,5037.83
2025-09-24,364.76,85.22,235.59,206.78,51315.0,48518.0,0.0,1118.08,215.6,113.71,5057.07
2025-09-25,369.37,85.58,236.68,208.79,52617.0,46944.0,0.0,1122.6,212.0,123.72,5093.3
2025-09-26,360.9,84.47,229.68,207.84,49643.0,45662.0,0.0,1078.37,272.8,83.75,5080.03
2025-09-27,364.02,82.69,203.61,201.33,47979.0,45228.0,0.0,1037.1,308.36,91.38,4955.55
2025-09-28,340.41,75.37,188.83,208.21,44610.0,43246.0,0.0,992.77,277.69,113.09,4849.68
2025-09-29,366.95,83.24,216.04,213.59,50036.0,47594.0,0.0,1080.82,240.13,129.99,4985.56
2025-09-30,375.18,84.93,224.3,215.97,52496.0,46752.0,0.0,1114.43,215.34,139.94,4863.45
2025-10-01,325.18,81.42,212.33,216.91,49555.0,42776.0,0.0,1057.23,215.26,134.96,4592.77
2025-10-02,324.46,81.12,201.83,203.39,49164.0,41818.0,0.0,1026.0,182.18,123.15,4270.65
2025-10-03,375.4,87.15,226.25,218.63,54743.0,47889.0,0.0,1134.28,95.61,143.79,4491.44
2025-10-04,353.7,91.16,232.06,224.39,53499.0,47069.0,0.0,1144.22,68.23,118.54,4552.25
2025-10-05,323.93,80.32,221.82,220.82,49654.0,43232.0,0.0,1071.68,66.32,125.33,4328.51
2025-10-06,348.16,86.71,244.49,216.31,52380.0,49064.0,0.0,1120.97,65.24,131.34,4317.76
2025-10-07,362.47,87.99,258.92,221.67,53254.0,49961.0,0.0,1158.46,47.42,128.28,4316.98
2025-10-08,369.98,89.12,267.23,225.66,55489.0,49565.0,0.0,1187.64,26.65,119.76,4383.82
2025-10-09,367.24,89.38,244.67,218.51,52298.0,48945.0,0.0,1154.79,28.4,124.36,4383.46
2025-10-10,362.07,90.19,228.87,211.42,51544.0,48103.0,0.0,1135.22,27.2,121.07,4381.0
2025-10-11,361.19,87.68,223.58,205.79,51266.0,47731.0,0.0,1121.44,34.32,133.66,4340.34
2025-10-12,318.67,80.68,208.47,209.11,46798.0,43875.0,0.0,1058.41,34.55,144.29,4204.88
2025-10-13,350.41,87.44,238.92,204.81,50834.0,49006.0,0.0,1115.4,35.41,127.99,4403.61
2025-10-14,354.06,88.18,247.47,204.98,51571.0,48047.0,0.0,1131.29,42.17,112.09,4475.24
2025-10-15,344.87,86.85,242.63,202.89,52122.0,48176.0,0.0,1118.77,52.75,113.59,4482.68
2025-10-16,345.03,87.56,237.98,202.77,52235.0,47788.0,0.0,1119.4,74.85,100.99,4504.86
2025-10-17,336.28,85.55,236.89,201.02,52541.0,46722.0,0.0,1114.5,93.24,111.27,4540.44
2025-10-18,320.15,84.92,237.98,203.74,52041.0,45852.0,0.0,1098.39,51.73,118.82,4500.28
2025-10-19,269.4,76.77,219.09,192.97,47766.0,41074.0,0.0,1002.3,44.48,120.02,4263.75
2025-10-20,219.9,79.24,212.13,185.2,43996.0,36368.0,0.0,924.24,49.4,95.4,3964.64
2025-10-21,226.1,84.65,204.37,185.69,46432.0,39161.0,0.0,926.94,45.8,72.68,3862.2
2025-10-22,266.42,82.89,190.59,182.6,44584.0,42221.0,0.0,947.89,87.98,85.85,3928.53
2025-10-23,293.21,81.42,199.48,181.58,46858.0,43800.0,0.0,979.5,67.48,94.17,4067.74
2025-10-24,308.99,82.5,209.42,180.01,47143.0,44466.0,0.0,997.42,41.35,82.17,4211.56
2025-10-25,313.63,82.46,204.39,183.58,47146.0,44743.0,0.0,985.41,56.24,126.7,4221.89
2025-10-26,289.82,77.05,191.41,182.47,43278.0,41423.0,0.0,933.45,60.4,124.12,4036.75
2025-10-27,313.42,82.93,210.06,183.58,47016.0,43570.0,0.0,998.7,116.11,86.94,4080.76
2025-10-28,310.19,82.23,206.52,151.15,45283.0,41314.0,0.0,945.5,201.35,66.26,3963.25
2025-10-29,323.3,83.09,204.03,145.43,46182.0,43497.0,0.0,933.16,216.75,106.15,3937.05
2025-10-30,345.61,83.79,213.83,172.4,49136.0,46602.0,0.0,990.65,166.35,143.82,3974.42
2025-10-31,363.29,84.23,230.71,189.47,49555.0,47962.0,700.0,1053.35,70.5,151.8,4013.99
2025-11-01,363.78,83.92,223.0,198.21,48787.0,46755.0,0.0,1057.55,52.47,148.31,4017.37
2025-11-02,333.11,76.44,223.2,199.04,46384.0,44005.0,0.0,1015.52,61.33,125.3,3859.67
2025-11-03,360.35,84.87,249.28,205.96,51725.0,50433.0,0.0,1094.8,68.15,130.61,4019.36
2025-11-04,374.93,86.85,254.98,206.78,52153.0,50223.0,0.0,1118.27,72.77,97.6,4067.94
2025-11-05,375.17,85.27,258.88,206.7,51848.0,49474.0,0.0,1120.12,47.2,112.42,4048.28
2025-11-06,351.45,85.79,257.96,204.51,50142.0,49335.0,0.0,1092.76,48.57,104.21,4044.56
2025-11-07,358.55,85.39,265.19,204.38,51193.0,49330.0,0.0,1110.02,18.56,121.66,4069.71
2025-11-08,356.77,85.93,260.57,195.68,51104.0,48598.0,0.0,1088.52,25.62,135.1,4000.03
2025-11-09,320.99,79.05,241.53,195.58,47539.0,43534.0,0.0,1018.53,20.53,126.2,3813.48
2025-11-10,354.11,83.95,265.24,204.93,52793.0,49368.0,0.0,1096.1,11.47,133.42,3990.93
2025-11-11,367.39,85.12,277.35,210.19,53406.0,49872.0,0.0,1130.52,13.11,135.79,4100.7
2025-11-12,366.19,85.49,278.73,211.12,54227.0,49727.0,0.0,1132.25,37.72,129.2,4119.58
2025-11-13,364.17,86.12,279.51,208.14,53793.0,49967.0,0.0,1129.37,56.68,123.68,4139.08
2025-11-14,358.83,86.73,282.04,203.39,54672.0,48597.0,0.0,1123.62,62.11,126.5,4157.78
2025-11-15,346.29,84.55,276.46,200.4,52595.0,47610.0,0.0,1095.23,55.24,146.83,4097.19
2025-11-16,320.18,77.31,255.47,193.92,50052.0,42738.0,0.0,1023.35,73.52,125.3,3913.37
2025-11-17,332.58,86.92,275.47,197.94,53249.0,47236.0,0.0,1076.64,67.85,119.28,4062.0
2025-11-18,322.77,85.25,275.14,195.72,53032.0,47133.0,0.0,1068.92,62.0,99.94,4101.31
2025-11-19,325.09,83.71,281.51,197.34,52921.0,48030.0,0.0,1080.03,38.7,128.03,4147.64
2025-11-20,335.04,85.86,283.38,202.05,53268.0,48855.0,0.0,1099.11,60.82,152.45,4173.58
2025-11-21,347.04,88.59,284.16,207.16,56355.0,49162.0,0.0,1129.8,64.83,115.33,4249.75
2025-11-22,326.89,88.48,267.84,204.64,53697.0,47607.0,0.0,1090.48,67.18,98.49,4223.86
2025-11-23,285.35,77.62,244.68,201.3,49122.0,42223.0,0.0,1007.07,67.65,103.87,4053.13
2025-11-24,301.11,84.29,272.44,205.6,52599.0,47966.0,0.0,1069.37,82.54,108.79,4208.88
2025-11-25,310.55,83.94,274.92,208.23,52636.0,48437.0,0.0,1086.67,98.51,132.38,4287.29
2025-11-26,317.15,85.72,279.23,206.85,53728.0,48198.0,0.0,1098.3,97.07,117.55,4312.21
2025-11-27,318.33,85.6,276.56,205.53,53753.0,47801.0,0.0,1099.11,104.24,113.69,4340.31
2025-11-28,321.82,83.08,280.99,204.08,55203.0,47113.0,0.0,1104.73,67.63,99.09,4386.57
2025-11-29,299.79,79.84,276.18,205.5,54367.0,45268.0,0.0,1070.5,57.77,81.35,4310.02
2025-11-30,260.36,71.75,255.3,192.06,49825.0,41274.0,0.0,981.16,45.77,87.51,4084.47
2025-12-01,287.67,82.58,273.98,188.32,51909.0,46436.0,0.0,1044.08,30.16,110.96,4203.22
2025-12-02,315.24,86.09,283.04,194.26,54825.0,47493.0,0.0,1098.33,28.11,123.72,4323.16
2025-12-03,311.99,87.06,283.17,196.74,54830.0,47412.0,0.0,1103.63,48.94,81.41,4353.9
2025-12-04,312.37,83.48,279.47,194.51,53543.0,47652.0,0.0,1094.17,66.11,92.6,4362.04
2025-12-05,316.54,85.1,280.86,196.95,54506.0,47191.0,0.0,1105.96,86.65,101.16,4404.66
2025-12-06,311.66,84.88,275.47,195.41,53042.0,47214.0,0.0,1090.35,80.26,119.48,4346.72
2025-12-07,281.93,78.89,259.46,193.77,50708.0,42216.0,0.0,1029.66,83.7,119.6,4185.3
2025-12-08,309.25,85.12,280.92,196.77,55180.0,47664.0,0.0,1096.11,70.41,146.5,4350.46
2025-12-09,324.08,81.1,279.85,199.05,54574.0,47282.0,0.0,1115.18,84.72,139.45,4424.08
2025-12-10,332.1,84.97,281.26,202.02,56518.0,47946.0,0.0,1138.89,97.33,134.94,4460.79
2025-12-11,334.83,80.24,281.04,204.53,55975.0,48297.0,0.0,1139.73,89.41,151.89,4449.16
2025-12-12,337.65,82.88,287.87,204.21,57912.0,48633.0,0.0,1152.38,53.04,145.69,4473.86
2025-12-13,334.24,81.94,287.23,200.68,56848.0,47852.0,0.0,1141.85,53.11,153.68,4446.88
2025-12-14,298.93,73.89,268.3,200.76,54780.0,43367.0,0.0,1069.76,70.24,156.98,4266.44
2025-12-15,324.25,79.52,287.29,203.63,58601.0,48266.0,0.0,1132.11,81.69,155.21,4406.85
2025-12-16,340.31,81.27,289.26,206.97,59005.0,48302.0,0.0,1163.32,95.91,107.14,4482.89
2025-12-17,326.7,85.2,290.49,207.75,57756.0,49227.0,0.0,1157.46,92.58,121.53,4520.0
2025-12-18,328.45,82.81,293.72,210.39,58118.0,49366.0,0.0,1163.55,93.55,149.49,4515.22
2025-12-19,339.26,80.04,296.08,210.57,59845.0,48384.0,0.0,1183.83,73.66,152.07,4563.64
2025-12-20,329.69,76.67,288.08,208.79,58256.0,47987.0,250.0,1157.98,48.52,154.96,4533.22
2025-12-21,309.7,69.46,274.16,204.79,57260.0,43604.0,0.0,1103.13,68.7,152.49,4394.8
2025-12-22,330.33,77.13,291.87,208.63,60542.0,46101.0,0.0,1161.0,68.18,140.21,4518.0
2025-12-23,345.72,78.64,296.55,212.49,60510.0,49172.0,0.0,1188.69,46.16,156.6,4576.57
2025-12-24,350.22,79.02,296.29,213.52,61666.0,49206.0,0.0,1201.92,50.04,152.41,4622.62
2025-12-25,341.22,71.64,290.27,210.48,60849.0,46865.0,0.0,1174.18,50.52,156.16,4588.31
2025-12-26,345.53,78.2,294.79,214.57,62210.0,48217.0,0.0,1195.04,62.19,144.38,4640.69
2025-12-27,346.29,79.98,288.29,214.93,60303.0,48294.0,0.0,1188.83,70.11,151.19,4602.39
2025-12-28,316.95,73.59,268.42,209.96,57249.0,44040.0,0.0,1121.05,59.14,148.28,4444.88
2025-12-29,340.79,82.13,287.17,214.48,60934.0,49308.0,0.0,1181.26,57.37,145.73,4587.46
2025-12-30,358.55,85.3,300.15,218.11,62688.0,50223.0,0.0,1222.9,28.87,148.12,4662.3
2025-12-31,368.9,86.3,306.1,219.9,64329.0,50389.0,0.0,1244.76,19.33,130.86,4680.53
2026-01-01,341.83,84.11,295.65,208.75,63211.0,46088.0,0.0,1190.22,37.86,112.69,4473.36
2026-01-02,355.9,84.92,296.24,214.23,63151.0,49777.0,0.0,1216.76,43.34,116.26,4581.0
2026-01-03,345.63,84.35,293.5,214.19,61365.0,48593.0,0.0,1203.04,84.5,129.24,4598.08
2026-01-04,313.91,75.65,273.04,210.64,58094.0,45109.0,0.0,1134.53,102.37,141.02,4454.17
2026-01-05,340.66,81.83,286.52,214.78,60978.0,49716.0,0.0,1189.75,114.8,145.02,4604.85
2026-01-06,353.11,85.94,294.36,216.09,61163.0,49670.0,0.0,1220.13,93.38,124.25,4711.4
2026-01-07,348.52,83.18,288.4,213.78,61393.0,49247.0,0.0,1207.84,118.9,141.27,4707.45
2026-01-08,346.1,81.38,292.66,216.0,61831.0,50804.0,0.0,1213.18,113.45,146.98,4730.75
2026-01-09,350.51,80.79,301.33,218.83,64021.0,49618.0,0.0,1233.6,102.31,143.12,4765.57
2026-01-10,340.56,81.54,296.7,214.51,62498.0,48141.0,0.0,1208.11,87.77,105.07,4695.07
2026-01-11,303.14,78.19,269.31,206.91,58631.0,44125.0,0.0,1121.4,64.86,92.05,4505.36
2026-01-12,321.24,84.22,293.54,212.21,62460.0,48869.0,0.0,1180.68,90.35,119.36,4654.92
2026-01-13,324.23,87.38,300.66,218.16,62409.0,49279.0,0.0,1204.76,71.81,126.67,4728.82
2026-01-14,321.47,87.35,306.89,213.85,62448.0,48078.0,0.0,1205.17,42.89,151.97,4616.08
2026-01-15,258.74,88.5,296.99,205.2,58396.0,42261.0,0.0,1114.18,48.24,149.0,4516.76
2026-01-16,253.84,88.74,305.07,202.48,58153.0,44398.0,0.0,1120.63,58.33,145.47,4631.02
2026-01-17,265.32,85.43,303.44,214.14,58290.0,45864.0,0.0,1142.23,43.28,157.25,4636.13
2026-01-18,279.75,76.15,284.74,215.09,57641.0,44502.0,0.0,1127.72,38.38,163.68,4498.8
2026-01-19,324.25,84.31,305.27,221.2,61603.0,51016.0,0.0,1214.13,40.22,159.39,4647.22
2026-01-20,336.45,84.99,311.7,225.03,62421.0,50710.0,0.0,1240.31,69.38,163.86,4699.69
2026-01-21,339.74,85.85,307.14,226.07,62381.0,50966.0,0.0,1242.9,94.81,157.97,4712.05
2026-01-22,340.04,83.62,309.39,227.54,62420.0,50837.0,0.0,1245.63,91.94,162.26,4694.45
2026-01-23,344.83,83.7,315.91,231.26,64076.0,50791.0,0.0,1264.6,73.67,162.06,4526.83
2026-01-24,342.3,83.54,311.93,229.39,64427.0,49113.0,0.0,1250.45,79.38,126.19,4594.28
2026-01-25,309.19,78.34,290.19,227.26,61118.0,45556.0,0.0,1181.77,82.43,128.22,4472.96
2026-01-26,286.72,82.48,284.23,222.83,58798.0,45954.0,0.0,1150.02,88.07,106.29,4344.9
2026-01-27,320.29,89.11,309.43,227.42,62675.0,50702.0,0.0,1228.2,89.85,150.6,4515.99
2026-01-28,334.54,91.13,322.05,233.26,63510.0,51097.0,0.0,1271.38,73.98,155.05,4558.29
2026-01-29,339.44,91.28,321.0,235.22,63512.0,52045.0,0.0,1279.67,87.44,154.15,4637.02
2026-01-30,346.05,89.54,322.92,232.52,64893.0,51135.0,0.0,1279.41,91.83,159.94,4705.18
2026-01-31,338.67,87.76,313.26,233.03,64170.0,50611.0,0.0,1258.48,98.5,166.8,4667.77
2026-02-01,316.41,79.6,296.15,228.03,62077.0,45803.0,0.0,1197.77,98.21,145.43,4449.14
2026-02-02,334.89,90.01,315.01,231.98,63388.0,52219.0,0.0,1255.27,87.01,148.32,4592.95
2026-02-03,348.66,92.88,321.48,233.68,64587.0,52884.0,0.0,1286.2,89.6,156.02,4673.57
2026-02-04,350.04,90.64,316.81,234.68,64610.0,52233.0,0.0,1282.75,122.09,165.36,4669.42
2026-02-05,358.42,90.15,324.21,235.77,64325.0,53481.0,0.0,1298.02,91.86,142.43,4686.58
2026-02-06,355.58,89.77,323.81,237.93,65807.0,52416.0,0.0,1303.09,103.55,166.76,4739.35
2026-02-07,347.1,89.71,318.26,239.29,62885.0,52479.0,0.0,1286.0,65.18,167.57,4704.0
2026-02-08,322.2,80.96,301.21,232.63,61274.0,47815.0,0.0,1221.0,61.56,166.43,4527.0
2026-02-09,354.91,89.96,328.09,237.11,65436.0,53190.0,0.0,1303.3,48.55,162.17,4717.12
2026-02-10,363.95,91.11,328.51,240.12,65725.0,52963.0,0.0,1323.98,62.16,163.29,4780.29
2026-02-11,353.63,88.95,324.75,236.62,65634.0,52867.0,0.0,1306.35,114.64,157.16,4772.39
2026-02-12,362.59,79.67,324.69,238.07,64075.0,52503.0,0.0,1305.15,84.13,172.21,4783.86
2026-02-13,360.0,89.14,329.34,241.1,66679.0,53723.0,0.0,1321.83,80.31,170.03,4834.04
2026-02-14,368.16,91.42,330.08,239.9,66111.0,53286.0,0.0,1332.6,79.89,170.72,4841.96
2026-02-15,334.85,84.59,318.27,238.4,64395.0,48134.0,0.0,1274.28,51.63,165.6,4661.28
2026-02-16,357.61,93.17,331.59,239.61,66415.0,53105.0,0.0,1319.76,72.91,157.33,4759.23
2026-02-17,364.89,94.12,336.54,243.05,67088.0,53315.0,0.0,1346.05,83.81,165.99,4835.86
2026-02-18,371.1,96.53,338.97,244.47,67532.0,54998.0,0.0,1363.15,83.11,159.05,4810.87
2026-02-19,374.96,96.24,341.1,246.54,67592.0,54318.0,0.0,1369.85,80.03,166.94,4776.04
2026-02-20,378.63,98.21,342.38,246.7,67589.0,54323.0,0.0,1380.31,102.85,160.95,4824.85
2026-02-21,381.47,97.69,340.13,248.99,67847.0,54849.0,0.0,1380.74,66.12,158.53,4828.96
2026-02-22,354.28,87.25,321.11,249.96,63523.0,49878.0,0.0,1324.06,41.49,157.59,4656.61
2026-02-23,376.34,94.93,345.62,254.57,68194.0,54852.0,0.0,1382.78,39.11,154.69,4827.49
2026-02-24,397.15,95.75,344.59,251.95,65434.0,54969.0,0.0,1358.47,60.28,153.38,4807.0
2026-02-25,388.45,95.12,342.88,252.37,66689.0,54446.0,0.0,1374.33,25.35,143.16,4864.41
2026-02-26,380.82,93.85,338.68,253.83,66632.0,55255.0,0.0,1373.94,32.71,149.8,4848.12
2026-02-27,392.1,94.01,344.41,258.23,68194.0,55058.0,0.0,1408.76,39.07,152.8,4902.99
2026-02-28,387.35,92.41,342.66,258.94,68237.0,54401.0,0.0,1403.78,39.7,159.73,4873.4
2026-03-01,348.95,83.4,324.75,253.9,63278.0,50050.0,0.0,1329.26,32.17,159.05,4704.7
2026-03-02,376.76,92.99,349.41,257.9,69899.0,56340.0,0.0,1409.23,34.12,164.4,4843.66
2026-03-03,389.46,94.56,351.37,262.9,69436.0,59072.0,0.0,1437.07,48.05,171.9,4734.62
2026-03-04,373.66,94.1,344.64,261.61,67843.0,54030.0,0.0,1395.27,52.47,170.13,4418.86
2026-03-05,385.22,96.6,351.14,265.58,70324.0,56783.0,0.0,1431.89,32.82,176.3,4624.68
2026-03-06,408.08,99.95,360.81,272.82,71932.0,57709.0,0.0,1483.77,30.88,183.7,4955.15
2026-03-07,405.63,100.6,361.01,274.78,72732.0,56997.0,0.0,1485.8,34.11,173.73,5060.42
2026-03-08,373.31,92.84,334.9,267.59,67536.0,52986.0,0.0,1406.72,41.83,167.51,4888.6
2026-03-09,396.08,101.45,356.82,268.45,72639.0,57381.0,0.0,1471.83,83.21,162.96,5077.45
2026-03-10,395.72,98.55,358.11,265.26,71213.0,57142.0,0.0,1465.77,108.35,172.64,5135.23
2026-03-11,396.32,100.81,360.68,267.15,72017.0,57455.0,0.0,1471.15,67.89,180.19,5152.39
2026-03-12,405.32,102.94,364.43,272.59,72327.0,58223.0,0.0,1497.26,47.16,178.39,5132.49
2026-03-13,411.07,103.72,371.43,272.38,73805.0,58739.0,0.0,1513.26,40.12,175.26,5150.11
2026-03-14,406.82,102.08,365.47,268.08,72045.0,58204.0,0.0,1494.3,40.03,170.02,5093.21
2026-03-15,369.86,94.86,334.31,263.22,67446.0,51972.0,0.0,1398.68,47.03,160.65,4767.58
2026-03-16,400.79,101.88,348.9,267.02,71567.0,55686.0,0.0,1453.78,37.18,159.51,4860.02
2026-03-17,413.42,102.17,324.99,265.69,70822.0,54397.0,0.0,1440.05,54.82,155.05,4888.49
2026-03-18,403.95,99.45,297.67,256.8,67082.0,52046.0,0.0,1352.33,58.32,155.74,4798.61
2026-03-19,365.37,97.67,267.88,225.5,60574.0,49743.0,0.0,1259.05,44.74,177.81,4549.88
2026-03-20,375.77,91.08,293.76,232.13,63711.0,53787.0,0.0,1309.0,27.65,176.13,4398.81
2026-03-21,381.57,94.51,308.8,240.78,64826.0,54250.0,0.0,1351.87,36.61,164.18,4385.99
2026-03-22,354.52,90.64,304.33,238.48,61167.0,50992.0,0.0,1308.5,33.12,152.94,4299.29
2026-03-23,389.51,102.15,331.99,247.03,69079.0,57136.0,0.0,1407.48,43.42,170.3,4626.53
2026-03-24,408.62,104.51,336.13,252.97,69840.0,56213.0,0.0,1442.89,40.12,169.34,4790.41
2026-03-25,405.48,107.64,335.5,256.97,70622.0,57369.0,0.0,1445.93,39.1,172.55,4862.81
2026-03-26,411.11,108.57,337.91,257.53,70351.0,58295.0,0.0,1464.42,52.39,182.33,4950.29
2026-03-27,428.27,109.52,345.41,262.61,72227.0,58104.0,0.0,1498.36,40.87,183.63,4966.25
2026-03-28,420.38,101.47,339.28,263.71,71227.0,56750.0,0.0,1464.6,39.33,160.41,4863.24
2026-03-29,392.42,88.53,297.85,261.5,66057.0,52740.0,0.0,1380.0,50.91,151.84,4749.0
2026-03-30,416.46,97.45,331.91,263.97,71357.0,58202.0,0.0,1461.29,40.7,159.47,4986.72
2026-03-31,424.02,99.46,338.72,261.8,70120.0,58004.0,0.0,1431.83,46.38,164.97,4852.0
2026-04-01,411.32,102.8,334.12,257.55,69791.0,55677.0,0.0,1435.24,41.75,182.78,4848.94
2026-04-02,419.95,102.46,338.9,261.34,70698.0,55600.0,0.0,1457.12,39.6,186.5,4909.91
2026-04-03,426.83,95.83,337.2,265.2,71210.0,56161.0,0.0,1462.36,40.65,175.49,4866.3
2026-04-04,424.48,99.53,336.83,265.91,71004.0,55461.0,0.0,1461.87,62.26,150.16,4868.82
2026-04-05,379.19,93.02,310.18,262.51,64875.0,52116.0,0.0,1369.16,93.04,155.08,4562.38
2026-04-06,388.51,104.22,339.84,256.32,67871.0,55633.0,0.0,1416.99,112.34,164.56,4755.65
2026-04-07,408.54,103.14,351.76,257.49,69853.0,57359.0,0.0,1451.55,81.86,185.29,4737.6
2026-04-08,421.5,102.26,359.19,261.85,69736.0,58363.0,0.0,1480.04,55.81,182.46,4665.88
2026-04-09,427.37,98.01,366.81,266.57,71882.0,59252.0,0.0,1496.61,48.63,169.54,4767.51
2026-04-10,430.54,106.83,367.28,270.01,74443.0,59932.0,0.0,1513.62,51.15,167.4,4811.63
2026-04-11,435.3,105.91,361.53,263.13,72976.0,59065.0,0.0,1503.77,32.16,170.0,4909.62
2026-04-12,400.99,100.74,344.37,263.87,66878.0,55490.0,0.0,1435.62,39.36,169.74,4810.33
2026-04-13,425.52,111.34,366.9,268.42,73657.0,59367.0,0.0,1502.39,43.82,176.84,5054.09
2026-04-14,416.53,111.75,368.61,269.79,71198.0,58074.0,0.0,1494.1,36.73,171.35,5169.08
2026-04-15,438.42,106.08,372.57,270.88,73377.0,59898.0,0.0,1513.76,54.11,174.6,5232.79
2026-04-16,451.65,110.41,375.71,273.65,74434.0,60445.0,0.0,1532.89,47.01,172.17,5317.3
2026-04-17,452.75,115.06,371.71,273.32,73930.0,61049.0,0.0,1530.96,37.41,168.08,5375.22
2026-04-18,454.76,115.42,367.66,272.25,72429.0,59624.0,0.0,1521.85,36.84,181.44,5376.14
2026-04-19,416.78,104.64,340.62,266.72,66271.0,51804.0,0.0,1410.83,53.91,169.9,5158.48
2026-04-20,446.29,110.35,345.11,270.18,71489.0,59259.0,0.0,1457.97,54.56,175.53,5317.44
2026-04-21,454.76,108.85,350.71,271.61,70589.0,57591.0,0.0,1474.84,68.37,167.85,5374.18
2026-04-22,458.18,111.07,350.51,272.24,71200.0,59818.0,0.0,1476.95,43.51,179.18,5424.43
2026-04-23,388.26,114.23,361.88,269.93,65292.0,55975.0,0.0,1420.17,40.76,173.15,5460.71
2026-04-24,439.98,115.41,351.31,271.01,70972.0,57485.0,800.0,1455.54,52.44,167.82,5561.92
2026-04-25,450.17,114.04,348.22,275.1,71279.0,58239.0,1071.0,1465.54,37.17,168.52,5619.92
2026-04-26,422.33,107.82,339.08,268.77,65981.0,55047.0,0.0,1407.1,44.78,169.63,5422.18
2026-04-27,449.08,117.04,358.1,273.67,71868.0,59206.0,0.0,1475.66,67.95,169.6,5562.39
2026-04-28,462.73,115.34,356.54,273.2,72060.0,58264.0,0.0,1483.8,74.46,161.25,5604.46
2026-04-29,462.85,111.45,325.89,270.54,70916.0,57584.0,0.0,1444.78,72.45,157.79,5354.5
2026-04-30,456.71,104.76,319.44,271.57,70892.0,56256.0,0.0,1423.96,95.06,165.33,5096.07
2026-05-01,396.3,99.96,291.52,244.65,59924.0,52084.0,0.0,1284.76,113.76,165.23,4795.23
2026-05-02,420.68,106.96,319.31,259.96,66615.0,55206.0,0.0,1368.74,110.77,177.6,5037.49
2026-05-03,385.59,97.71,305.39,243.59,59329.0,51021.0,0.0,1282.66,145.11,156.77,4797.22
2026-05-04,412.02,106.89,340.54,250.21,66557.0,55585.0,0.0,1365.75,93.71,172.52,4830.67
2026-05-05,403.92,99.9,343.9,254.17,65724.0,56226.0,0.0,1361.0,67.26,163.34,4852.0
2026-05-06,410.06,102.22,338.64,250.3,64058.0,56251.0,0.0,1352.3,69.0,162.7,4953.29
2026-05-07,411.37,98.74,345.46,254.0,62965.0,56459.0,0.0,1359.76,46.18,158.38,4953.08
2026-05-08,397.82,96.74,342.66,252.89,63015.0,53906.0,0.0,1337.17,69.28,162.85,5014.58
2026-05-09,376.28,93.6,338.33,248.88,60946.0,53073.0,100.0,1297.77,53.87,161.85,5045.55
2026-05-10,340.86,89.01,313.28,244.47,55097.0,49989.0,0.0,1218.54,42.08,152.04,4955.54
2026-05-11,384.35,99.36,339.64,252.78,64788.0,55995.0,0.0,1319.99,45.22,178.09,5270.72
2026-05-12,409.52,98.55,348.72,260.5,66341.0,56597.0,0.0,1369.0,44.11,166.88,5456.67
2026-05-13,421.43,100.46,344.3,266.47,66701.0,57030.0,0.0,1385.25,83.04,156.51,5418.55
2026-05-14,427.5,102.23,342.98,269.9,68239.0,56238.0,0.0,1399.63,74.42,137.49,5360.83
2026-05-15,408.99,98.44,325.73,270.31,66084.0,55985.0,0.0,1361.1,83.64,129.3,5422.51
2026-05-16,386.73,95.65,317.16,270.02,63210.0,54239.0,0.0,1324.13,62.53,143.33,5467.27
2026-05-17,365.75,87.18,285.32,268.14,58644.0,49937.0,0.0,1248.9,59.53,158.71,5332.12
2026-05-18,382.07,92.08,291.92,274.19,64305.0,53346.0,0.0,1298.38,79.21,174.53,5615.02
2026-05-19,392.7,94.93,266.77,273.34,62663.0,54886.0,0.0,1289.91,149.64,166.42,5717.44
2026-05-20,407.69,98.14,286.4,278.9,64452.0,57208.0,0.0,1331.02,186.44,177.37,5802.63
2026-05-21,422.97,101.35,298.92,288.91,68072.0,56674.0,140.0,1378.32,181.34,182.88,5830.35
2026-05-22,408.91,98.69,275.8,263.83,63455.0,55963.0,0.0,1310.76,224.48,146.53,5820.93
2026-05-23,411.28,96.22,272.56,257.79,61990.0,53550.0,0.0,1299.42,206.63,146.56,5755.94
2026-05-24,372.9,86.28,226.87,262.61,55699.0,49625.0,0.0,1187.37,199.31,153.04,5513.17
2026-05-25,397.62,93.43,269.92,276.35,63299.0,55410.0,0.0,1291.86,163.41,160.62,5755.23
2026-05-26,410.17,97.24,281.71,277.75,64589.0,53734.0,0.0,1325.17,165.08,171.71,5744.07
2026-05-27,409.94,98.32,263.46,240.7,58458.0,55086.0,0.0,1232.27,149.45,138.53,5661.48
2026-05-28,421.18,90.6,268.6,251.8,61076.0,53797.0,0.0,1270.69,151.99,179.96,5629.66
2026-05-29,415.27,93.2,274.89,240.41,62471.0,54541.0,0.0,1272.22,184.98,169.02,5245.58
2026-05-30,403.33,93.14,264.84,247.1,59096.0,53477.0,0.0,1258.84,175.94,166.34,5046.88
2026-05-31,384.67,87.2,246.6,249.25,55756.0,50105.0,0.0,1208.67,125.74,172.12,4879.65
2026-06-01,402.46,93.82,273.1,245.93,60842.0,54752.0,0.0,1265.35,84.1,169.25,5222.03
2026-06-02,422.1,95.51,279.67,253.9,62866.0,54543.0,0.0,1304.2,99.02,171.72,5291.49
2026-06-03,405.84,91.18,274.47,251.22,60337.0,54799.0,0.0,1279.13,141.34,163.63,5495.55
2026-06-04,413.03,89.14,269.18,257.75,60004.0,54699.0,0.0,1279.31,183.65,173.38,5478.17
2026-06-05,403.64,87.93,274.72,263.11,58388.0,54090.0,0.0,1278.77,210.89,160.68,5381.77
2026-06-06,414.93,85.54,265.05,267.96,60290.0,53798.0,0.0,1275.16,177.37,174.16,5472.07
2026-06-07,394.19,77.37,233.26,265.85,55896.0,49042.0,0.0,1205.23,175.91,154.91,5316.43
2026-06-08,425.11,85.21,250.18,260.91,58891.0,54946.0,0.0,1261.37,198.81,148.18,5592.59
2026-06-09,429.28,85.93,252.61,264.97,59781.0,53468.0,0.0,1274.29,254.22,151.91,5698.12
2026-06-10,434.46,85.66,252.21,257.52,59178.0,54506.0,0.0,1277.15,247.94,152.61,5721.42
2026-06-11,437.15,85.37,263.22,250.02,61754.0,55147.0,0.0,1290.92,196.4,154.73,5488.39
2026-06-12,431.92,85.37,276.38,257.93,61333.0,53273.0,0.0,1299.65,199.29,154.16,5334.16
2026-06-13,402.09,83.89,262.25,233.05,57122.0,52261.0,0.0,1205.18,215.41,142.04,5226.26
2026-06-14,356.31,79.03,238.86,226.78,49233.0,47323.0,0.0,1115.11,204.56,124.94,5110.2
2026-06-15,403.57,89.65,273.06,238.26,60018.0,55022.0,0.0,1243.61,189.91,175.3,5415.05
2026-06-16,420.69,92.38,293.41,254.16,62315.0,57296.0,0.0,1311.52,159.93,175.89,5575.07
2026-06-17,432.06,92.07,306.95,257.16,64150.0,56479.0,0.0,1352.65,196.91,174.9,5679.28
2026-06-18,425.76,90.91,304.18,246.43,62835.0,55086.0,0.0,1332.21,142.72,155.09,5736.91
2026-06-19,417.01,89.91,311.29,244.35,62560.0,56031.0,0.0,1325.82,120.34,152.07,5678.44
2026-06-20,403.44,89.33,304.06,244.83,62548.0,54684.0,0.0,1304.88,109.13,152.26,5741.18
2026-06-21,363.72,83.03,290.61,242.93,55394.0,49492.0,0.0,1222.91,110.39,145.22,5522.05
2026-06-22,397.18,86.81,299.93,246.35,60512.0,53927.0,0.0,1286.12,196.3,168.78,5625.62
2026-06-23,414.43,86.59,289.4,241.52,58730.0,55134.0,0.0,1277.47,285.77,154.27,5622.45
2026-06-24,432.41,88.79,298.32,251.2,61051.0,55324.0,0.0,1319.08,248.87,146.82,5652.64
2026-06-25,436.01,89.53,285.14,255.9,60646.0,55201.0,0.0,1313.46,264.56,159.57,5697.98
2026-06-26,448.34,89.44,291.76,256.21,63620.0,54862.0,8.0,1340.05,234.76,158.18,5709.64
2026-06-27,438.32,86.21,302.07,252.42,63597.0,54088.0,622.0,1328.82,190.58,162.93,5806.19
2026-06-28,393.2,81.62,279.79,246.67,59007.0,49050.0,0.0,1242.58,240.79,163.84,5668.82
2026-06-29,420.65,83.91,288.72,247.57,61112.0,53969.0,0.0,1287.7,286.34,158.52,5767.24
2026-06-30,436.86,82.57,276.42,254.38,61887.0,52953.0,0.0,1303.78,328.93,153.61,5737.04
2026-07-01,436.7,81.49,281.02,253.76,60799.0,53892.0,0.0,1303.81,334.32,136.31,5592.8
2026-07-02,437.99,83.44,283.02,247.87,61123.0,53668.0,0.0,1303.25,333.07,142.71,5413.0
2026-07-03,444.54,84.23,281.87,243.49,61978.0,52967.0,0.0,1301.21,360.69,134.79,5539.83
2026-07-04,424.77,80.56,255.13,228.03,58475.0,50986.0,0.0,1224.52,375.2,112.66,5458.51
2026-07-05,381.85,74.39,214.57,216.11,54196.0,47825.0,0.0,1113.24,344.78,122.22,5106.34
2026-07-06,421.21,83.81,248.84,237.7,59161.0,54605.0,0.0,1238.88,358.89,147.31,5245.31
2026-07-07,443.72,86.99,260.96,253.57,61373.0,54727.0,0.0,1300.97,369.76,148.52,5290.65
2026-07-08,454.54,87.1,266.98,262.18,63761.0,56244.0,0.0,1336.44,346.48,141.73,5236.36
2026-07-09,456.46,86.0,276.96,268.23,64520.0,56173.0,0.0,1365.52,305.46,150.69,5279.52
2026-07-10,450.08,88.34,294.81,271.15,66860.0,55152.0,0.0,1394.83,259.15,144.75,5349.6
2026-07-11,437.18,85.5,284.7,265.36,64222.0,56213.0,0.0,1367.88,280.17,159.06,5391.84
2026-07-12,413.49,79.58,280.39,272.73,62243.0,52680.0,0.0,1343.69,319.7,176.78,5441.08
2026-07-13,446.58,86.3,311.95,280.0,68106.0,58392.0,518.0,1439.98,306.48,198.29,5734.68
2026-07-14,459.06,87.01,333.1,285.46,69883.0,58786.0,539.0,1485.61,252.62,189.68,5937.59
2026-07-15,464.77,88.37,334.16,284.46,71674.0,58546.0,621.0,1496.17,266.22,192.82,5969.25
2026-07-16,468.69,90.95,330.97,286.76,72476.0,58226.0,508.0,1493.06,238.83,167.48,6002.3
2026-07-17,464.92,90.6,324.99,277.91,72509.0,57229.0,0.0,1465.86,285.07,147.52,6002.28
2026-07-18,438.14,85.97,319.74,257.8,66696.0,55586.0,0.0,1397.63,261.97,125.26,5914.04
2026-07-19,418.33,78.01,283.7,251.38,61913.0,51808.0,0.0,1312.14,244.4,150.87,5625.03
2026-07-20,440.58,87.29,298.68,254.63,66496.0,55816.0,0.0,1365.35,280.97,139.98,5624.54
2026-07-21,438.08,87.28,298.87,252.82,63524.0,56293.0,0.0,1342.38,275.29,141.85,5405.71
2026-07-22,445.85,89.82,289.51,253.89,64004.0,55049.0,0.0,1343.33,275.71,132.83,5316.22
2026-07-23,453.19,88.92,290.55,257.81,65509.0,56320.0,0.0,1362.44,276.08,145.6,5254.25
2026-07-24,457.24,90.03,287.91,263.52,67168.0,56526.0,0.0,1390.97,315.62,159.94,5295.29
2026-07-25,456.08,87.59,291.05,270.32,68358.0,56380.0,0.0,1409.66,255.42,160.75,5380.89
2026-07-26,425.57,80.83,276.66,270.6,65102.0,52927.0,0.0,1347.07,306.22,160.37,5357.56
2026-07-27,451.15,88.11,308.01,263.16,67806.0,57144.0,0.0,1396.52,336.45,157.41,5570.25
2026-07-28,461.82,89.77,307.23,259.24,68072.0,56566.0,0.0,1398.99,342.88,150.07,5501.62
2026-07-29,465.19,89.16,299.1,252.69,66764.0,56054.0,0.0,1375.31,373.03,125.38,5468.02
2026-07-30,465.37,90.1,295.57,246.88,65491.0,56881.0,0.0,1372.56,405.33,120.53,5514.86
2026-07-31,463.36,88.16,295.14,251.5,66784.0,56275.0,0.0,1384.76,375.26,144.46,5482.69
2026-08-01,438.42,82.01,288.29,248.06,65620.0,55054.0,0.0,1355.47,352.79,154.82,5466.3
2026-08-02,395.67,73.14,274.92,246.92,62170.0,52096.0,0.0,1297.83,327.26,157.04,5352.74
2026-08-03,409.96,80.4,300.89,258.26,68172.0,56054.0,0.0,1371.55,317.63,154.67,5510.83
2026-08-04,414.28,81.56,301.06,252.88,65023.0,55589.0,0.0,1343.57,260.12,137.79,5364.49
2026-08-05,413.99,81.16,290.06,255.34,64474.0,56823.0,0.0,1339.17,285.96,155.96,5351.62
2026-08-06,423.54,83.84,289.39,257.86,67133.0,55947.0,0.0,1365.9,297.4,131.34,5274.71
2026-08-07,415.1,83.19,284.99,247.52,64956.0,55179.0,0.0,1325.15,313.07,130.69,5236.46
2026-08-08,405.9,81.45,273.94,243.43,62063.0,53909.0,0.0,1293.18,300.52,134.66,5197.57
2026-08-09,363.49,74.49,255.69,248.91,58480.0,51359.0,0.0,1225.33,271.0,163.07,5120.55
2026-08-10,392.95,84.27,286.87,266.6,65800.0,56970.0,0.0,1342.34,231.19,185.47,5415.5
2026-08-11,402.89,88.67,293.89,273.01,67067.0,56901.0,0.0,1380.48,227.88,182.06,5435.35
2026-08-12,409.87,88.38,300.16,275.83,66966.0,57187.0,0.0,1386.04,279.97,169.58,5519.89
2026-08-13,413.8,89.64,298.52,275.26,67876.0,56418.0,0.0,1385.84,304.48,154.93,5601.71
2026-08-14,414.12,87.43,299.96,277.48,68101.0,55824.0,0.0,1394.13,285.67,171.77,5585.61
2026-08-15,369.97,82.45,271.46,267.87,60900.0,50625.0,0.0,1285.95,302.68,153.75,5186.33
2026-08-16,369.32,78.72,273.36,267.87,62782.0,51908.0,0.0,1281.68,281.05,158.55,5172.51
2026-08-17,416.63,88.53,305.48,279.27,69108.0,56648.0,0.0,1401.85,298.18,168.09,5425.32
2026-08-18,437.79,89.1,314.4,286.36,69547.0,58491.0,0.0,1438.96,261.91,170.0,5482.75
2026-08-19,434.46,90.66,313.25,281.1,69838.0,57783.0,0.0,1422.3,221.21,145.78,5537.24
2026-08-20,426.47,91.23,311.25,277.2,68977.0,57163.0,0.0,1410.57,230.63,164.26,5618.5
2026-08-21,416.8,91.14,314.51,285.55,70305.0,57142.0,0.0,1429.77,274.64,178.09,5750.29
2026-08-22,413.68,90.4,302.94,283.35,69371.0,55982.0,0.0,1415.63,307.54,176.31,5675.5
2026-08-23,381.44,81.45,276.72,271.02,63468.0,50539.0,0.0,1300.72,301.15,154.22,5445.91
2026-08-24,400.07,87.92,292.89,263.14,65534.0,53566.0,0.0,1308.04,289.92,122.8,5523.75
2026-08-25,410.48,81.06,288.5,263.89,63888.0,55449.0,0.0,1321.48,294.4,146.29,5529.98
2026-08-26,417.37,72.77,290.7,274.37,65648.0,54885.0,0.0,1349.52,295.52,162.42,5560.98
2026-08-27,420.5,78.18,297.45,274.51,64700.0,57266.0,0.0,1372.42,311.66,165.89,5629.67
2026-08-28,425.62,82.58,304.15,281.85,68463.0,56179.0,0.0,1409.55,308.44,173.92,5493.91
2026-08-29,414.9,84.64,296.89,277.55,67205.0,55693.0,0.0,1388.79,343.22,162.63,5577.9
2026-08-30,387.47,78.59,275.38,270.47,64252.0,51422.0,0.0,1310.34,314.15,153.58,5453.01
2026-08-31,415.32,88.09,304.42,273.86,67628.0,56966.0,0.0,1382.4,268.23,164.89,5601.88
2026-09-01,439.9,89.87,322.26,280.88,71500.0,56991.0,0.0,1448.66,208.03,180.34,5592.53
2026-09-02,439.72,90.82,322.22,285.18,71618.0,56503.0,0.0,1460.79,216.95,184.48,5601.52
2026-09-03,436.2,93.45,322.22,285.27,71611.0,55364.0,0.0,1451.19,189.61,155.49,5532.36
2026-09-04,423.33,93.32,330.24,283.25,73336.0,53374.0,0.0,1452.0,156.17,178.52,5479.47
2026-09-05,417.16,94.48,330.23,283.85,72644.0,54564.0,0.0,1447.34,128.89,192.49,5423.85
2026-09-06,376.46,87.59,307.73,282.21,66802.0,52503.0,0.0,1367.11,147.28,190.09,5245.5
2026-09-07,412.47,92.73,343.53,286.33,72970.0,55490.0,0.0,1455.16,178.22,190.49,5550.39
2026-09-08,423.12,94.22,342.46,287.73,73801.0,56216.0,0.0,1475.53,225.82,183.93,5676.55
2026-09-09,425.15,94.27,343.08,283.73,75650.0,54951.0,0.0,1481.31,177.97,183.06,5739.67
2026-09-10,423.46,95.28,336.86,284.95,75816.0,54987.0,0.0,1469.8,162.28,177.26,5729.62
2026-09-11,424.05,95.8,350.7,279.81,76695.0,56668.0,0.0,1480.58,133.12,165.75,5619.0
2026-09-12,429.04,94.07,358.94,271.0,73928.0,56021.0,0.0,1463.17,130.62,163.39,5629.2
2026-09-13,380.75,88.34,350.0,260.65,65679.0,53182.0,0.0,1347.53,98.36,153.49,5349.03
2026-09-14,377.72,93.6,345.71,260.2,66848.0,46988.0,0.0,1334.07,71.87,161.4,5395.83
2026-09-15,387.33,93.3,348.35,264.83,69024.0,54155.0,0.0,1366.85,65.17,188.85,5426.85
2026-09-16,407.1,95.03,335.64,265.64,70591.0,55171.0,0.0,1404.01,66.62,187.86,5504.58
2026-09-17,407.41,98.01,342.68,276.59,71973.0,56761.0,0.0,1443.6,129.5,181.29,5441.6
2026-09-18,414.05,98.62,340.96,274.28,72102.0,57887.0,0.0,1442.37,129.88,178.24,5409.27
2026-09-19,407.59,97.2,342.92,267.84,71714.0,53789.0,0.0,1417.91,133.8,170.95,5435.01
2026-09-20,354.62,90.37,316.39,240.68,62872.0,51380.0,0.0,1285.47,90.5,134.05,5204.0
2026-09-21,360.16,90.93,313.47,247.32,66641.0,52308.0,0.0,1302.63,154.9,167.92,5388.07
2026-09-22,377.91,92.6,304.71,239.72,64266.0,54183.0,0.0,1316.89,240.51,161.87,5495.05
2026-09-23,394.58,95.38,295.61,212.09,62715.0,53039.0,0.0,1282.5,312.96,121.47,5462.23
2026-09-24,399.5,92.86,292.56,192.49,58477.0,53750.0,0.0,1235.57,330.61,131.23,5275.03
