date,tn_peak_demand_mw,tn_shortage_at_peak_mw,tn_energy_met_mu,report_published,source,source_file,source_url,retrieved_at,status
2013-01-01,11924.0,,,,zenodo,,https://zenodo.org/records/14983362,,
2013-01-02,11816.0,,,,zenodo,,https://zenodo.org/records/14983362,,
2013-01-03,11887.0,,,,zenodo,,https://zenodo.org/records/14983362,,
2013-01-04,12111.0,,,,zenodo,,https://zenodo.org/records/14983362,,
2013-01-05,11311.0,,,,zenodo,,https://zenodo.org/records/14983362,,
2013-01-06,11737.0,,,,zenodo,,https://zenodo.org/records/14983362,,
2013-01-07,12635.0,,,,zenodo,,https://zenodo.org/records/14983362,,
2013-03-31,10042.0,,,,zenodo,,https://zenodo.org/records/14983362,,
2013-04-01,10811.0,,,,zenodo,,https://zenodo.org/records/14983362,,
2013-04-02,10340.0,,,,zenodo,,https://zenodo.org/records/14983362,,
2013-04-03,10048.0,,,,zenodo,,https://zenodo.org/records/14983362,,
2013-04-04,10837.0,,,,zenodo,,https://zenodo.org/records/14983362,,
2013-04-05,11197.0,,,,zenodo,,https://zenodo.org/records/14983362,,
2013-04-06,10760.0,,,,zenodo,,https://zenodo.org/records/14983362,,
2013-04-07,10129.0,,,,zenodo,,https://zenodo.org/records/14983362,,
2013-04-08,10129.0,,,,zenodo,,https://zenodo.org/records/14983362,,
2013-04-09,10700.0,,,,zenodo,,https://zenodo.org/records/14983362,,
2013-04-10,11335.0,,,,zenodo,,https://zenodo.org/records/14983362,,
2013-04-11,11009.0,,,,zenodo,,https://zenodo.org/records/14983362,,
2013-04-12,10443.0,,,,zenodo,,https://zenodo.org/records/14983362,,
2013-04-13,10191.0,,,,zenodo,,https://zenodo.org/records/14983362,,
2013-04-14,10782.0,,,,zenodo,,https://zenodo.org/records/14983362,,
2013-04-15,11313.0,,,,zenodo,,https://zenodo.org/records/14983362,,
2013-04-16,11516.0,,,,zenodo,,https://zenodo.org/records/14983362,,
2013-04-17,11126.0,,,,zenodo,,https://zenodo.org/records/14983362,,
2013-04-18,11072.0,,,,zenodo,,https://zenodo.org/records/14983362,,
2013-04-19,10597.0,,,,zenodo,,https://zenodo.org/records/14983362,,
2013-04-20,11641.0,,,,zenodo,,https://zenodo.org/records/14983362,,
2013-04-21,10201.0,,,,zenodo,,https://zenodo.org/records/14983362,,
2013-04-22,10546.0,,,,zenodo,,https://zenodo.org/records/14983362,,
2013-04-23,10840.0,,,,zenodo,,https://zenodo.org/records/14983362,,
2013-04-24,10109.0,,,,zenodo,,https://zenodo.org/records/14983362,,
2013-04-25,10864.0,,,,zenodo,,https://zenodo.org/records/14983362,,
2013-04-26,10287.0,,,,zenodo,,https://zenodo.org/records/14983362,,
2013-04-27,10775.0,,,,zenodo,,https://zenodo.org/records/14983362,,
2013-04-28,10890.0,,,,zenodo,,https://zenodo.org/records/14983362,,
2013-04-29,10774.0,,,,zenodo,,https://zenodo.org/records/14983362,,
2013-04-30,10400.0,,,,zenodo,,https://zenodo.org/records/14983362,,
2013-05-01,9753.0,,,,zenodo,,https://zenodo.org/records/14983362,,
2013-05-02,10899.0,,,,zenodo,,https://zenodo.org/records/14983362,,
2013-05-03,11920.0,,,,zenodo,,https://zenodo.org/records/14983362,,
2013-05-04,10903.0,,,,zenodo,,https://zenodo.org/records/14983362,,
2013-05-05,10164.0,,,,zenodo,,https://zenodo.org/records/14983362,,
2013-05-06,10420.0,,,,zenodo,,https://zenodo.org/records/14983362,,
2013-05-07,11200.0,,,,zenodo,,https://zenodo.org/records/14983362,,
2013-05-08,11733.0,,,,zenodo,,https://zenodo.org/records/14983362,,
2013-05-09,11905.0,,,,zenodo,,https://zenodo.org/records/14983362,,
2013-05-10,11214.0,,,,zenodo,,https://zenodo.org/records/14983362,,
2013-05-11,11443.0,,,,zenodo,,https://zenodo.org/records/14983362,,
2013-05-12,12097.0,,,,zenodo,,https://zenodo.org/records/14983362,,
2013-05-13,11395.0,,,,zenodo,,https://zenodo.org/records/14983362,,
2013-05-14,12006.0,,,,zenodo,,https://zenodo.org/records/14983362,,
2013-05-15,11872.0,,,,zenodo,,https://zenodo.org/records/14983362,,
2013-05-16,11740.0,,,,zenodo,,https://zenodo.org/records/14983362,,
2013-05-17,10615.0,,,,zenodo,,https://zenodo.org/records/14983362,,
2013-05-18,11006.0,,,,zenodo,,https://zenodo.org/records/14983362,,
2013-05-19,11004.0,,,,zenodo,,https://zenodo.org/records/14983362,,
2013-05-20,11675.0,,,,zenodo,,https://zenodo.org/records/14983362,,
2013-05-21,12035.0,,,,zenodo,,https://zenodo.org/records/14983362,,
2013-05-22,11394.0,,,,zenodo,,https://zenodo.org/records/14983362,,
2013-05-23,11665.0,,,,zenodo,,https://zenodo.org/records/14983362,,
2013-05-24,11630.0,,,,zenodo,,https://zenodo.org/records/14983362,,
2013-05-25,11250.0,,,,zenodo,,https://zenodo.org/records/14983362,,
2013-05-26,11008.0,,,,zenodo,,https://zenodo.org/records/14983362,,
2013-05-27,11016.0,,,,zenodo,,https://zenodo.org/records/14983362,,
2013-05-28,11022.0,,,,zenodo,,https://zenodo.org/records/14983362,,
2013-05-29,11452.0,,,,zenodo,,https://zenodo.org/records/14983362,,
2013-05-31,10466.0,,,,zenodo,,https://zenodo.org/records/14983362,,
2013-06-02,10370.0,,,,zenodo,,https://zenodo.org/records/14983362,,
2013-06-04,10995.0,,,,zenodo,,https://zenodo.org/records/14983362,,
2013-06-05,11027.0,,,,zenodo,,https://zenodo.org/records/14983362,,
2013-06-06,10759.0,,,,zenodo,,https://zenodo.org/records/14983362,,
2013-06-07,10849.0,,,,zenodo,,https://zenodo.org/records/14983362,,
2013-06-08,11118.0,,,,zenodo,,https://zenodo.org/records/14983362,,
2013-06-09,10389.0,,,,zenodo,,https://zenodo.org/records/14983362,,
2013-06-10,10854.0,,,,zenodo,,https://zenodo.org/records/14983362,,
2013-06-11,11088.0,,,,zenodo,,https://zenodo.org/records/14983362,,
2013-06-12,10584.0,,,,zenodo,,https://zenodo.org/records/14983362,,
2013-06-13,10795.0,,,,zenodo,,https://zenodo.org/records/14983362,,
2013-06-14,11415.0,,,,zenodo,,https://zenodo.org/records/14983362,,
2013-06-15,11069.0,,,,zenodo,,https://zenodo.org/records/14983362,,
2013-06-16,10804.0,,,,zenodo,,https://zenodo.org/records/14983362,,
2013-06-17,11231.0,,,,zenodo,,https://zenodo.org/records/14983362,,
2013-06-18,11319.0,,,,zenodo,,https://zenodo.org/records/14983362,,
2013-06-19,11277.0,,,,zenodo,,https://zenodo.org/records/14983362,,
2013-06-20,11712.0,,,,zenodo,,https://zenodo.org/records/14983362,,
2013-06-21,11854.0,,,,zenodo,,https://zenodo.org/records/14983362,,
2013-06-22,11664.0,,,,zenodo,,https://zenodo.org/records/14983362,,
2013-06-23,10816.0,,,,zenodo,,https://zenodo.org/records/14983362,,
2013-06-24,11375.0,,,,zenodo,,https://zenodo.org/records/14983362,,
2013-06-25,11218.0,,,,zenodo,,https://zenodo.org/records/14983362,,
2013-06-27,11732.0,,,,zenodo,,https://zenodo.org/records/14983362,,
2013-06-29,11570.0,,,,zenodo,,https://zenodo.org/records/14983362,,
2013-06-30,10584.0,,,,zenodo,,https://zenodo.org/records/14983362,,
2013-07-01,11693.0,,,,zenodo,,https://zenodo.org/records/14983362,,
2013-07-02,11248.0,,,,zenodo,,https://zenodo.org/records/14983362,,
2013-07-03,11624.0,,,,zenodo,,https://zenodo.org/records/14983362,,
2013-07-04,11624.0,,,,zenodo,,https://zenodo.org/records/14983362,,
2013-07-05,11556.0,,,,zenodo,,https://zenodo.org/records/14983362,,
2013-07-06,11321.0,,,,zenodo,,https://zenodo.org/records/14983362,,
2013-07-07,10394.0,,,,zenodo,,https://zenodo.org/records/14983362,,
2013-07-08,11141.0,,,,zenodo,,https://zenodo.org/records/14983362,,
2013-07-09,11587.0,,,,zenodo,,https://zenodo.org/records/14983362,,
2013-07-10,11231.0,,,,zenodo,,https://zenodo.org/records/14983362,,
2013-07-11,11231.0,,,,zenodo,,https://zenodo.org/records/14983362,,
2013-07-12,11369.0,,,,zenodo,,https://zenodo.org/records/14983362,,
2013-07-13,11375.0,,,,zenodo,,https://zenodo.org/records/14983362,,
2013-07-14,10792.0,,,,zenodo,,https://zenodo.org/records/14983362,,
2013-07-15,11272.0,,,,zenodo,,https://zenodo.org/records/14983362,,
2013-07-16,11288.0,,,,zenodo,,https://zenodo.org/records/14983362,,
2013-07-17,11232.0,,,,zenodo,,https://zenodo.org/records/14983362,,
2013-07-18,11324.0,,,,zenodo,,https://zenodo.org/records/14983362,,
2013-07-19,11051.0,,,,zenodo,,https://zenodo.org/records/14983362,,
2013-07-20,10346.0,,,,zenodo,,https://zenodo.org/records/14983362,,
2013-07-21,10328.0,,,,zenodo,,https://zenodo.org/records/14983362,,
2013-07-22,11098.0,,,,zenodo,,https://zenodo.org/records/14983362,,
2013-07-23,11619.0,,,,zenodo,,https://zenodo.org/records/14983362,,
2013-07-24,11357.0,,,,zenodo,,https://zenodo.org/records/14983362,,
2013-07-25,11487.0,,,,zenodo,,https://zenodo.org/records/14983362,,
2013-07-26,11347.0,,,,zenodo,,https://zenodo.org/records/14983362,,
2013-07-28,10859.0,,,,zenodo,,https://zenodo.org/records/14983362,,
2013-07-29,11493.0,,,,zenodo,,https://zenodo.org/records/14983362,,
2013-07-30,11551.0,,,,zenodo,,https://zenodo.org/records/14983362,,
2013-07-31,11794.0,,,,zenodo,,https://zenodo.org/records/14983362,,
2013-08-01,11502.0,,,,zenodo,,https://zenodo.org/records/14983362,,
2013-08-02,11765.0,,,,zenodo,,https://zenodo.org/records/14983362,,
2013-08-03,11191.0,,,,zenodo,,https://zenodo.org/records/14983362,,
2013-08-04,10674.0,,,,zenodo,,https://zenodo.org/records/14983362,,
2013-08-05,10970.0,,,,zenodo,,https://zenodo.org/records/14983362,,
2013-08-06,11286.0,,,,zenodo,,https://zenodo.org/records/14983362,,
2013-08-07,11470.0,,,,zenodo,,https://zenodo.org/records/14983362,,
2013-08-08,11150.0,,,,zenodo,,https://zenodo.org/records/14983362,,
2013-08-09,10993.0,,,,zenodo,,https://zenodo.org/records/14983362,,
2013-08-10,10715.0,,,,zenodo,,https://zenodo.org/records/14983362,,
2013-08-11,9868.0,,,,zenodo,,https://zenodo.org/records/14983362,,
2013-08-12,10363.0,,,,zenodo,,https://zenodo.org/records/14983362,,
2013-08-14,10713.0,,,,zenodo,,https://zenodo.org/records/14983362,,
2013-08-15,9718.0,,,,zenodo,,https://zenodo.org/records/14983362,,
2013-08-16,10620.0,,,,zenodo,,https://zenodo.org/records/14983362,,
2013-08-17,10650.0,,,,zenodo,,https://zenodo.org/records/14983362,,
2013-08-18,10063.0,,,,zenodo,,https://zenodo.org/records/14983362,,
2013-08-19,11278.0,,,,zenodo,,https://zenodo.org/records/14983362,,
2013-08-20,11015.0,,,,zenodo,,https://zenodo.org/records/14983362,,
2013-08-21,11425.0,,,,zenodo,,https://zenodo.org/records/14983362,,
2013-08-22,11622.0,,,,zenodo,,https://zenodo.org/records/14983362,,
2013-08-23,11221.0,,,,zenodo,,https://zenodo.org/records/14983362,,
2013-08-24,11414.0,,,,zenodo,,https://zenodo.org/records/14983362,,
2013-08-25,11228.0,,,,zenodo,,https://zenodo.org/records/14983362,,
2013-08-26,11922.0,,,,zenodo,,https://zenodo.org/records/14983362,,
2013-08-27,12092.0,,,,zenodo,,https://zenodo.org/records/14983362,,
2013-08-30,10558.0,,,,zenodo,,https://zenodo.org/records/14983362,,
2013-08-31,10613.0,,,,zenodo,,https://zenodo.org/records/14983362,,
2013-09-01,10310.0,,,,zenodo,,https://zenodo.org/records/14983362,,
2013-09-02,10741.0,,,,zenodo,,https://zenodo.org/records/14983362,,
2013-09-03,11657.0,,,,zenodo,,https://zenodo.org/records/14983362,,
2013-09-04,11657.0,,,,zenodo,,https://zenodo.org/records/14983362,,
2013-09-05,11655.0,,,,zenodo,,https://zenodo.org/records/14983362,,
2013-09-06,11224.0,,,,zenodo,,https://zenodo.org/records/14983362,,
2013-09-07,10910.0,,,,zenodo,,https://zenodo.org/records/14983362,,
2013-09-08,9843.0,,,,zenodo,,https://zenodo.org/records/14983362,,
2013-09-09,10098.0,,,,zenodo,,https://zenodo.org/records/14983362,,
2013-09-10,11162.0,,,,zenodo,,https://zenodo.org/records/14983362,,
2013-09-11,10903.0,,,,zenodo,,https://zenodo.org/records/14983362,,
2013-09-12,10779.0,,,,zenodo,,https://zenodo.org/records/14983362,,
2013-09-13,11074.0,,,,zenodo,,https://zenodo.org/records/14983362,,
2013-09-15,10345.0,,,,zenodo,,https://zenodo.org/records/14983362,,
2013-09-16,11339.0,,,,zenodo,,https://zenodo.org/records/14983362,,
2013-09-17,10963.0,,,,zenodo,,https://zenodo.org/records/14983362,,
2013-09-18,11457.0,,,,zenodo,,https://zenodo.org/records/14983362,,
2013-09-19,11504.0,,,,zenodo,,https://zenodo.org/records/14983362,,
2013-09-21,11931.0,,,,zenodo,,https://zenodo.org/records/14983362,,
2013-09-22,10888.0,,,,zenodo,,https://zenodo.org/records/14983362,,
2013-09-24,11901.0,,,,zenodo,,https://zenodo.org/records/14983362,,
2013-09-25,12218.0,,,,zenodo,,https://zenodo.org/records/14983362,,
2013-09-26,12101.0,,,,zenodo,,https://zenodo.org/records/14983362,,
2013-09-27,12106.0,,,,zenodo,,https://zenodo.org/records/14983362,,
2013-09-28,12035.0,,,,zenodo,,https://zenodo.org/records/14983362,,
2013-09-29,11310.0,,,,zenodo,,https://zenodo.org/records/14983362,,
2013-09-30,12013.0,,,,zenodo,,https://zenodo.org/records/14983362,,
2013-10-01,12118.0,,,,zenodo,,https://zenodo.org/records/14983362,,
2013-10-02,10958.0,,,,zenodo,,https://zenodo.org/records/14983362,,
2013-10-03,11550.0,,,,zenodo,,https://zenodo.org/records/14983362,,
2013-10-04,11850.0,,,,zenodo,,https://zenodo.org/records/14983362,,
2013-10-05,11863.0,,,,zenodo,,https://zenodo.org/records/14983362,,
2013-10-06,11322.0,,,,zenodo,,https://zenodo.org/records/14983362,,
2013-10-07,12056.0,,,,zenodo,,https://zenodo.org/records/14983362,,
2013-10-08,11193.0,,,,zenodo,,https://zenodo.org/records/14983362,,
2013-10-09,11156.0,,,,zenodo,,https://zenodo.org/records/14983362,,
2013-10-10,11415.0,,,,zenodo,,https://zenodo.org/records/14983362,,
2013-10-11,11416.0,,,,zenodo,,https://zenodo.org/records/14983362,,
2013-10-12,11495.0,,,,zenodo,,https://zenodo.org/records/14983362,,
2013-10-13,9909.0,,,,zenodo,,https://zenodo.org/records/14983362,,
2013-10-14,11290.0,,,,zenodo,,https://zenodo.org/records/14983362,,
2013-10-16,11137.0,,,,zenodo,,https://zenodo.org/records/14983362,,
2013-10-17,11126.0,,,,zenodo,,https://zenodo.org/records/14983362,,
2013-10-18,11105.0,,,,zenodo,,https://zenodo.org/records/14983362,,
2013-10-19,10221.0,,,,zenodo,,https://zenodo.org/records/14983362,,
2013-10-20,9584.0,,,,zenodo,,https://zenodo.org/records/14983362,,
2013-10-21,10424.0,,,,zenodo,,https://zenodo.org/records/14983362,,
2013-10-22,10684.0,,,,zenodo,,https://zenodo.org/records/14983362,,
2013-10-23,10863.0,,,,zenodo,,https://zenodo.org/records/14983362,,
2013-10-24,10868.0,,,,zenodo,,https://zenodo.org/records/14983362,,
2013-10-25,11464.0,,,,zenodo,,https://zenodo.org/records/14983362,,
2013-10-26,10769.0,,,,zenodo,,https://zenodo.org/records/14983362,,
2013-10-27,10523.0,,,,zenodo,,https://zenodo.org/records/14983362,,
2013-10-28,11552.0,,,,zenodo,,https://zenodo.org/records/14983362,,
2013-10-29,10658.0,,,,zenodo,,https://zenodo.org/records/14983362,,
2013-10-30,10839.0,,,,zenodo,,https://zenodo.org/records/14983362,,
2013-10-31,11438.0,,,,zenodo,,https://zenodo.org/records/14983362,,
2013-11-01,11017.0,,,,zenodo,,https://zenodo.org/records/14983362,,
2013-11-02,9599.0,,,,zenodo,,https://zenodo.org/records/14983362,,
2013-11-03,8965.0,,,,zenodo,,https://zenodo.org/records/14983362,,
2013-11-04,9760.0,,,,zenodo,,https://zenodo.org/records/14983362,,
2013-11-05,10095.0,,,,zenodo,,https://zenodo.org/records/14983362,,
2013-11-06,10125.0,,,,zenodo,,https://zenodo.org/records/14983362,,
2013-11-07,10428.0,,,,zenodo,,https://zenodo.org/records/14983362,,
2013-11-08,10492.0,,,,zenodo,,https://zenodo.org/records/14983362,,
2013-11-09,10497.0,,,,zenodo,,https://zenodo.org/records/14983362,,
2013-11-10,10272.0,,,,zenodo,,https://zenodo.org/records/14983362,,
2013-11-11,10456.0,,,,zenodo,,https://zenodo.org/records/14983362,,
2013-11-12,10466.0,,,,zenodo,,https://zenodo.org/records/14983362,,
2013-11-13,9984.0,,,,zenodo,,https://zenodo.org/records/14983362,,
2013-11-14,9563.0,,,,zenodo,,https://zenodo.org/records/14983362,,
2013-11-15,10011.0,,,,zenodo,,https://zenodo.org/records/14983362,,
2013-11-16,9355.0,,,,zenodo,,https://zenodo.org/records/14983362,,
2013-11-17,8831.0,,,,zenodo,,https://zenodo.org/records/14983362,,
2013-11-18,9421.0,,,,zenodo,,https://zenodo.org/records/14983362,,
2013-11-19,9001.0,,,,zenodo,,https://zenodo.org/records/14983362,,
2013-11-20,9194.0,,,,zenodo,,https://zenodo.org/records/14983362,,
2013-11-21,9004.0,,,,zenodo,,https://zenodo.org/records/14983362,,
2013-11-22,9211.0,,,,zenodo,,https://zenodo.org/records/14983362,,
2013-11-23,9265.0,,,,zenodo,,https://zenodo.org/records/14983362,,
2013-11-24,8651.0,,,,zenodo,,https://zenodo.org/records/14983362,,
2013-11-25,9404.0,,,,zenodo,,https://zenodo.org/records/14983362,,
2013-11-26,9165.0,,,,zenodo,,https://zenodo.org/records/14983362,,
2013-11-27,9723.0,,,,zenodo,,https://zenodo.org/records/14983362,,
2013-11-28,9841.0,,,,zenodo,,https://zenodo.org/records/14983362,,
2013-11-29,9584.0,,,,zenodo,,https://zenodo.org/records/14983362,,
2013-11-30,10070.0,,,,zenodo,,https://zenodo.org/records/14983362,,
2013-12-01,9792.0,,,,zenodo,,https://zenodo.org/records/14983362,,
2013-12-02,10198.0,,,,zenodo,,https://zenodo.org/records/14983362,,
2013-12-03,10584.0,,,,zenodo,,https://zenodo.org/records/14983362,,
2013-12-04,10655.0,,,,zenodo,,https://zenodo.org/records/14983362,,
2013-12-05,10229.0,,,,zenodo,,https://zenodo.org/records/14983362,,
2013-12-06,10648.0,,,,zenodo,,https://zenodo.org/records/14983362,,
2013-12-07,10309.0,,,,zenodo,,https://zenodo.org/records/14983362,,
2013-12-08,10485.0,,,,zenodo,,https://zenodo.org/records/14983362,,
2013-12-09,10147.0,,,,zenodo,,https://zenodo.org/records/14983362,,
2013-12-10,11118.0,,,,zenodo,,https://zenodo.org/records/14983362,,
2013-12-11,11051.0,,,,zenodo,,https://zenodo.org/records/14983362,,
2013-12-12,10528.0,,,,zenodo,,https://zenodo.org/records/14983362,,
2013-12-13,10450.0,,,,zenodo,,https://zenodo.org/records/14983362,,
2013-12-14,10530.0,,,,zenodo,,https://zenodo.org/records/14983362,,
2013-12-15,10070.0,,,,zenodo,,https://zenodo.org/records/14983362,,
2013-12-16,10253.0,,,,zenodo,,https://zenodo.org/records/14983362,,
2013-12-17,10971.0,,,,zenodo,,https://zenodo.org/records/14983362,,
2013-12-18,11356.0,,,,zenodo,,https://zenodo.org/records/14983362,,
2013-12-19,11279.0,,,,zenodo,,https://zenodo.org/records/14983362,,
2013-12-20,11379.0,,,,zenodo,,https://zenodo.org/records/14983362,,
2013-12-21,11784.0,,,,zenodo,,https://zenodo.org/records/14983362,,
2013-12-22,11183.0,,,,zenodo,,https://zenodo.org/records/14983362,,
2013-12-23,11631.0,,,,zenodo,,https://zenodo.org/records/14983362,,
2013-12-24,11789.0,,,,zenodo,,https://zenodo.org/records/14983362,,
2013-12-25,10850.0,,,,zenodo,,https://zenodo.org/records/14983362,,
2013-12-26,11112.0,,,,zenodo,,https://zenodo.org/records/14983362,,
2013-12-27,10827.0,,,,zenodo,,https://zenodo.org/records/14983362,,
2013-12-28,11330.0,,,,zenodo,,https://zenodo.org/records/14983362,,
2013-12-29,11347.0,,,,zenodo,,https://zenodo.org/records/14983362,,
2013-12-30,11770.0,,,,zenodo,,https://zenodo.org/records/14983362,,
2014-01-08,12297.0,,,,zenodo,,https://zenodo.org/records/14983362,,
2014-01-09,12313.0,,,,zenodo,,https://zenodo.org/records/14983362,,
2014-01-10,12201.0,,,,zenodo,,https://zenodo.org/records/14983362,,
2014-01-11,11975.0,,,,zenodo,,https://zenodo.org/records/14983362,,
2014-01-12,11629.0,,,,zenodo,,https://zenodo.org/records/14983362,,
2014-01-13,11605.0,,,,zenodo,,https://zenodo.org/records/14983362,,
2014-01-14,10799.0,,,,zenodo,,https://zenodo.org/records/14983362,,
2014-01-15,9987.0,,,,zenodo,,https://zenodo.org/records/14983362,,
2014-01-16,10313.0,,,,zenodo,,https://zenodo.org/records/14983362,,
2014-01-17,11339.0,,,,zenodo,,https://zenodo.org/records/14983362,,
2014-01-18,11674.0,,,,zenodo,,https://zenodo.org/records/14983362,,
2014-01-19,11288.0,,,,zenodo,,https://zenodo.org/records/14983362,,
2014-01-20,11774.0,,,,zenodo,,https://zenodo.org/records/14983362,,
2014-01-21,11377.0,,,,zenodo,,https://zenodo.org/records/14983362,,
2014-01-22,12126.0,,,,zenodo,,https://zenodo.org/records/14983362,,
2014-01-23,12120.0,,,,zenodo,,https://zenodo.org/records/14983362,,
2014-01-24,12358.0,,,,zenodo,,https://zenodo.org/records/14983362,,
2014-01-25,12201.0,,,,zenodo,,https://zenodo.org/records/14983362,,
2014-01-26,11210.0,,,,zenodo,,https://zenodo.org/records/14983362,,
2014-01-27,11671.0,,,,zenodo,,https://zenodo.org/records/14983362,,
2014-01-28,12167.0,,,,zenodo,,https://zenodo.org/records/14983362,,
2014-01-29,12799.0,,,,zenodo,,https://zenodo.org/records/14983362,,
2014-01-30,11988.0,,,,zenodo,,https://zenodo.org/records/14983362,,
2014-01-31,11672.0,,,,zenodo,,https://zenodo.org/records/14983362,,
2014-02-01,12037.0,,,,zenodo,,https://zenodo.org/records/14983362,,
2014-02-02,11141.0,,,,zenodo,,https://zenodo.org/records/14983362,,
2014-02-03,11929.0,,,,zenodo,,https://zenodo.org/records/14983362,,
2014-02-04,11462.0,,,,zenodo,,https://zenodo.org/records/14983362,,
2014-02-05,11416.0,,,,zenodo,,https://zenodo.org/records/14983362,,
2014-02-06,11415.0,,,,zenodo,,https://zenodo.org/records/14983362,,
2014-02-07,11412.0,,,,zenodo,,https://zenodo.org/records/14983362,,
2014-02-08,11849.0,,,,zenodo,,https://zenodo.org/records/14983362,,
2014-02-09,11253.0,,,,zenodo,,https://zenodo.org/records/14983362,,
2014-02-10,11344.0,,,,zenodo,,https://zenodo.org/records/14983362,,
2014-02-11,11620.0,,,,zenodo,,https://zenodo.org/records/14983362,,
2014-02-12,11864.0,,,,zenodo,,https://zenodo.org/records/14983362,,
2014-02-13,11966.0,,,,zenodo,,https://zenodo.org/records/14983362,,
2014-02-14,11713.0,,,,zenodo,,https://zenodo.org/records/14983362,,
2014-02-15,11824.0,,,,zenodo,,https://zenodo.org/records/14983362,,
2014-02-16,11114.0,,,,zenodo,,https://zenodo.org/records/14983362,,
2014-02-17,11577.0,,,,zenodo,,https://zenodo.org/records/14983362,,
2014-02-18,11392.0,,,,zenodo,,https://zenodo.org/records/14983362,,
2014-02-19,11324.0,,,,zenodo,,https://zenodo.org/records/14983362,,
2014-02-20,11399.0,,,,zenodo,,https://zenodo.org/records/14983362,,
2014-02-21,11766.0,,,,zenodo,,https://zenodo.org/records/14983362,,
2014-02-22,11759.0,,,,zenodo,,https://zenodo.org/records/14983362,,
2014-02-23,11016.0,,,,zenodo,,https://zenodo.org/records/14983362,,
2014-02-24,11881.0,,,,zenodo,,https://zenodo.org/records/14983362,,
2014-02-25,11652.0,,,,zenodo,,https://zenodo.org/records/14983362,,
2014-02-26,11979.0,,,,zenodo,,https://zenodo.org/records/14983362,,
2014-02-27,11600.0,,,,zenodo,,https://zenodo.org/records/14983362,,
2014-02-28,11601.0,,,,zenodo,,https://zenodo.org/records/14983362,,
2014-03-01,11597.0,,,,zenodo,,https://zenodo.org/records/14983362,,
2014-03-02,11366.0,,,,zenodo,,https://zenodo.org/records/14983362,,
2014-03-03,11383.0,,,,zenodo,,https://zenodo.org/records/14983362,,
2014-03-04,11411.0,,,,zenodo,,https://zenodo.org/records/14983362,,
2014-03-05,11829.0,,,,zenodo,,https://zenodo.org/records/14983362,,
2014-03-06,11863.0,,,,zenodo,,https://zenodo.org/records/14983362,,
2014-03-07,11779.0,,,,zenodo,,https://zenodo.org/records/14983362,,
2014-03-08,12106.0,,,,zenodo,,https://zenodo.org/records/14983362,,
2014-03-09,11363.0,,,,zenodo,,https://zenodo.org/records/14983362,,
2014-03-10,12164.0,,,,zenodo,,https://zenodo.org/records/14983362,,
2014-03-11,12444.0,,,,zenodo,,https://zenodo.org/records/14983362,,
2014-03-12,11820.0,,,,zenodo,,https://zenodo.org/records/14983362,,
2014-03-13,12150.0,,,,zenodo,,https://zenodo.org/records/14983362,,
2014-03-14,11650.0,,,,zenodo,,https://zenodo.org/records/14983362,,
2014-03-15,11735.0,,,,zenodo,,https://zenodo.org/records/14983362,,
2014-03-16,11635.0,,,,zenodo,,https://zenodo.org/records/14983362,,
2014-03-17,11835.0,,,,zenodo,,https://zenodo.org/records/14983362,,
2014-03-18,11782.0,,,,zenodo,,https://zenodo.org/records/14983362,,
2014-03-19,12004.0,,,,zenodo,,https://zenodo.org/records/14983362,,
2014-03-20,11488.0,,,,zenodo,,https://zenodo.org/records/14983362,,
2014-03-21,11358.0,,,,zenodo,,https://zenodo.org/records/14983362,,
2014-03-22,11224.0,,,,zenodo,,https://zenodo.org/records/14983362,,
2014-03-23,11928.0,,,,zenodo,,https://zenodo.org/records/14983362,,
2014-03-24,12380.0,,,,zenodo,,https://zenodo.org/records/14983362,,
2014-03-25,12370.0,,,,zenodo,,https://zenodo.org/records/14983362,,
2014-03-26,12650.0,,,,zenodo,,https://zenodo.org/records/14983362,,
2014-03-27,12281.0,,,,zenodo,,https://zenodo.org/records/14983362,,
2014-03-28,12078.0,,,,zenodo,,https://zenodo.org/records/14983362,,
2014-03-29,14028.0,,,,zenodo,,https://zenodo.org/records/14983362,,
2014-03-30,11404.0,,,,zenodo,,https://zenodo.org/records/14983362,,
2014-03-31,12263.0,,,,zenodo,,https://zenodo.org/records/14983362,,
2014-04-01,12551.0,,,,zenodo,,https://zenodo.org/records/14983362,,
2014-04-02,11705.0,,,,zenodo,,https://zenodo.org/records/14983362,,
2014-04-03,11629.0,,,,zenodo,,https://zenodo.org/records/14983362,,
2014-04-04,11737.0,,,,zenodo,,https://zenodo.org/records/14983362,,
2014-04-06,11317.0,,,,zenodo,,https://zenodo.org/records/14983362,,
2014-04-07,11917.0,,,,zenodo,,https://zenodo.org/records/14983362,,
2014-04-09,12398.0,,,,zenodo,,https://zenodo.org/records/14983362,,
2014-04-10,11577.0,,,,zenodo,,https://zenodo.org/records/14983362,,
2014-04-12,12098.0,,,,zenodo,,https://zenodo.org/records/14983362,,
2014-04-13,11541.0,,,,zenodo,,https://zenodo.org/records/14983362,,
2014-04-14,11547.0,,,,zenodo,,https://zenodo.org/records/14983362,,
2014-04-15,12277.0,,,,zenodo,,https://zenodo.org/records/14983362,,
2014-04-16,12358.0,,,,zenodo,,https://zenodo.org/records/14983362,,
2014-04-17,12747.0,,,,zenodo,,https://zenodo.org/records/14983362,,
2014-04-18,12397.0,,,,zenodo,,https://zenodo.org/records/14983362,,
2014-04-19,12371.0,,,,zenodo,,https://zenodo.org/records/14983362,,
2014-04-20,11531.0,,,,zenodo,,https://zenodo.org/records/14983362,,
2014-04-22,12344.0,,,,zenodo,,https://zenodo.org/records/14983362,,
2014-04-23,12740.0,,,,zenodo,,https://zenodo.org/records/14983362,,
2014-04-24,11774.0,,,,zenodo,,https://zenodo.org/records/14983362,,
2014-04-25,12616.0,,,,zenodo,,https://zenodo.org/records/14983362,,
2014-04-26,12332.0,,,,zenodo,,https://zenodo.org/records/14983362,,
2014-04-27,12267.0,,,,zenodo,,https://zenodo.org/records/14983362,,
2014-04-28,12398.0,,,,zenodo,,https://zenodo.org/records/14983362,,
2014-04-30,12120.0,,,,zenodo,,https://zenodo.org/records/14983362,,
2014-05-01,11883.0,,,,zenodo,,https://zenodo.org/records/14983362,,
2014-05-02,12103.0,,,,zenodo,,https://zenodo.org/records/14983362,,
2014-05-03,12010.0,,,,zenodo,,https://zenodo.org/records/14983362,,
2014-05-04,11625.0,,,,zenodo,,https://zenodo.org/records/14983362,,
2014-05-05,11441.0,,,,zenodo,,https://zenodo.org/records/14983362,,
2014-05-06,11750.0,,,,zenodo,,https://zenodo.org/records/14983362,,
2014-05-07,9970.0,,,,zenodo,,https://zenodo.org/records/14983362,,
2014-05-08,10030.0,,,,zenodo,,https://zenodo.org/records/14983362,,
2014-05-09,10584.0,,,,zenodo,,https://zenodo.org/records/14983362,,
2014-05-10,11402.0,,,,zenodo,,https://zenodo.org/records/14983362,,
2014-05-11,10502.0,,,,zenodo,,https://zenodo.org/records/14983362,,
2014-05-12,11486.0,,,,zenodo,,https://zenodo.org/records/14983362,,
2014-05-13,11972.0,,,,zenodo,,https://zenodo.org/records/14983362,,
2014-05-14,12154.0,,,,zenodo,,https://zenodo.org/records/14983362,,
2014-05-15,12263.0,,,,zenodo,,https://zenodo.org/records/14983362,,
2014-05-16,12991.0,,,,zenodo,,https://zenodo.org/records/14983362,,
2014-05-17,12309.0,,,,zenodo,,https://zenodo.org/records/14983362,,
2014-05-18,11581.0,,,,zenodo,,https://zenodo.org/records/14983362,,
2014-05-19,12271.0,,,,zenodo,,https://zenodo.org/records/14983362,,
2014-05-20,11969.0,,,,zenodo,,https://zenodo.org/records/14983362,,
2014-05-21,12594.0,,,,zenodo,,https://zenodo.org/records/14983362,,
2014-05-22,12310.0,,,,zenodo,,https://zenodo.org/records/14983362,,
2014-05-23,12670.0,,,,zenodo,,https://zenodo.org/records/14983362,,
2014-05-24,11530.0,,,,zenodo,,https://zenodo.org/records/14983362,,
2014-05-25,11820.0,,,,zenodo,,https://zenodo.org/records/14983362,,
2014-05-26,12073.0,,,,zenodo,,https://zenodo.org/records/14983362,,
2014-05-27,11815.0,,,,zenodo,,https://zenodo.org/records/14983362,,
2014-05-28,11059.0,,,,zenodo,,https://zenodo.org/records/14983362,,
2014-05-29,11665.0,,,,zenodo,,https://zenodo.org/records/14983362,,
2014-05-30,12000.0,,,,zenodo,,https://zenodo.org/records/14983362,,
2014-05-31,11991.0,,,,zenodo,,https://zenodo.org/records/14983362,,
2014-06-01,11564.0,,,,zenodo,,https://zenodo.org/records/14983362,,
2014-06-02,11435.0,,,,zenodo,,https://zenodo.org/records/14983362,,
2014-06-03,11389.0,,,,zenodo,,https://zenodo.org/records/14983362,,
2014-06-04,12365.0,,,,zenodo,,https://zenodo.org/records/14983362,,
2014-06-05,12398.0,,,,zenodo,,https://zenodo.org/records/14983362,,
2014-06-06,12485.0,,,,zenodo,,https://zenodo.org/records/14983362,,
2014-06-07,12512.0,,,,zenodo,,https://zenodo.org/records/14983362,,
2014-06-08,12076.0,,,,zenodo,,https://zenodo.org/records/14983362,,
2014-06-09,12334.0,,,,zenodo,,https://zenodo.org/records/14983362,,
2014-06-10,13063.0,,,,zenodo,,https://zenodo.org/records/14983362,,
2014-06-11,13077.0,,,,zenodo,,https://zenodo.org/records/14983362,,
2014-06-12,12984.0,,,,zenodo,,https://zenodo.org/records/14983362,,
2014-06-13,12792.0,,,,zenodo,,https://zenodo.org/records/14983362,,
2014-06-14,13081.0,,,,zenodo,,https://zenodo.org/records/14983362,,
2014-06-15,12389.0,,,,zenodo,,https://zenodo.org/records/14983362,,
2014-06-16,13463.0,,,,zenodo,,https://zenodo.org/records/14983362,,
2014-06-17,13661.0,,,,zenodo,,https://zenodo.org/records/14983362,,
2014-06-18,13081.0,,,,zenodo,,https://zenodo.org/records/14983362,,
2014-06-19,13628.0,,,,zenodo,,https://zenodo.org/records/14983362,,
2014-06-20,13305.0,,,,zenodo,,https://zenodo.org/records/14983362,,
2014-06-21,12879.0,,,,zenodo,,https://zenodo.org/records/14983362,,
2014-06-22,12244.0,,,,zenodo,,https://zenodo.org/records/14983362,,
2014-06-23,13450.0,,,,zenodo,,https://zenodo.org/records/14983362,,
2014-06-24,13771.0,,,,zenodo,,https://zenodo.org/records/14983362,,
2014-06-25,13591.0,,,,zenodo,,https://zenodo.org/records/14983362,,
2014-06-26,13147.0,,,,zenodo,,https://zenodo.org/records/14983362,,
2014-06-27,13374.0,,,,zenodo,,https://zenodo.org/records/14983362,,
2014-06-28,13405.0,,,,zenodo,,https://zenodo.org/records/14983362,,
2014-06-29,12091.0,,,,zenodo,,https://zenodo.org/records/14983362,,
2014-06-30,12368.0,,,,zenodo,,https://zenodo.org/records/14983362,,
2014-07-01,12446.0,,,,zenodo,,https://zenodo.org/records/14983362,,
2014-07-02,12022.0,,,,zenodo,,https://zenodo.org/records/14983362,,
2014-07-03,13247.0,,,,zenodo,,https://zenodo.org/records/14983362,,
2014-07-04,13280.0,,,,zenodo,,https://zenodo.org/records/14983362,,
2014-07-05,12718.0,,,,zenodo,,https://zenodo.org/records/14983362,,
2014-07-06,11814.0,,,,zenodo,,https://zenodo.org/records/14983362,,
2014-07-07,12710.0,,,,zenodo,,https://zenodo.org/records/14983362,,
2014-07-08,13051.0,,,,zenodo,,https://zenodo.org/records/14983362,,
2014-07-09,12678.0,,,,zenodo,,https://zenodo.org/records/14983362,,
2014-07-11,12553.0,,,,zenodo,,https://zenodo.org/records/14983362,,
2014-07-12,12507.0,,,,zenodo,,https://zenodo.org/records/14983362,,
2014-07-13,11224.0,,,,zenodo,,https://zenodo.org/records/14983362,,
2014-07-14,12616.0,,,,zenodo,,https://zenodo.org/records/14983362,,
2014-07-15,12727.0,,,,zenodo,,https://zenodo.org/records/14983362,,
2014-07-16,12930.0,,,,zenodo,,https://zenodo.org/records/14983362,,
2014-07-17,13242.0,,,,zenodo,,https://zenodo.org/records/14983362,,
2014-07-18,13293.0,,,,zenodo,,https://zenodo.org/records/14983362,,
2014-07-19,12761.0,,,,zenodo,,https://zenodo.org/records/14983362,,
2014-07-20,11898.0,,,,zenodo,,https://zenodo.org/records/14983362,,
2014-07-21,13058.0,,,,zenodo,,https://zenodo.org/records/14983362,,
2014-07-22,13036.0,,,,zenodo,,https://zenodo.org/records/14983362,,
2014-07-23,12998.0,,,,zenodo,,https://zenodo.org/records/14983362,,
2014-07-24,13126.0,,,,zenodo,,https://zenodo.org/records/14983362,,
2014-07-25,13028.0,,,,zenodo,,https://zenodo.org/records/14983362,,
2014-07-26,12077.0,,,,zenodo,,https://zenodo.org/records/14983362,,
2014-07-27,11600.0,,,,zenodo,,https://zenodo.org/records/14983362,,
2014-07-28,12640.0,,,,zenodo,,https://zenodo.org/records/14983362,,
2014-07-29,12564.0,,,,zenodo,,https://zenodo.org/records/14983362,,
2014-07-30,12673.0,,,,zenodo,,https://zenodo.org/records/14983362,,
2014-07-31,12822.0,,,,zenodo,,https://zenodo.org/records/14983362,,
2014-08-01,12884.0,,,,zenodo,,https://zenodo.org/records/14983362,,
2014-08-02,12481.0,,,,zenodo,,https://zenodo.org/records/14983362,,
2014-08-03,10965.0,,,,zenodo,,https://zenodo.org/records/14983362,,
2014-08-04,12573.0,,,,zenodo,,https://zenodo.org/records/14983362,,
2014-08-05,12628.0,,,,zenodo,,https://zenodo.org/records/14983362,,
2014-08-06,12286.0,,,,zenodo,,https://zenodo.org/records/14983362,,
2014-08-07,12730.0,,,,zenodo,,https://zenodo.org/records/14983362,,
2014-08-08,12155.0,,,,zenodo,,https://zenodo.org/records/14983362,,
2014-08-09,12102.0,,,,zenodo,,https://zenodo.org/records/14983362,,
2014-08-10,10866.0,,,,zenodo,,https://zenodo.org/records/14983362,,
2014-08-11,12137.0,,,,zenodo,,https://zenodo.org/records/14983362,,
2014-08-12,12606.0,,,,zenodo,,https://zenodo.org/records/14983362,,
2014-08-13,12422.0,,,,zenodo,,https://zenodo.org/records/14983362,,
2014-08-14,12703.0,,,,zenodo,,https://zenodo.org/records/14983362,,
2014-08-15,10991.0,,,,zenodo,,https://zenodo.org/records/14983362,,
2014-08-16,11632.0,,,,zenodo,,https://zenodo.org/records/14983362,,
2014-08-17,11019.0,,,,zenodo,,https://zenodo.org/records/14983362,,
2014-08-18,11351.0,,,,zenodo,,https://zenodo.org/records/14983362,,
2014-08-19,11931.0,,,,zenodo,,https://zenodo.org/records/14983362,,
2014-08-20,12074.0,,,,zenodo,,https://zenodo.org/records/14983362,,
2014-08-21,12681.0,,,,zenodo,,https://zenodo.org/records/14983362,,
2014-08-22,12165.0,,,,zenodo,,https://zenodo.org/records/14983362,,
2014-08-23,11684.0,,,,zenodo,,https://zenodo.org/records/14983362,,
2014-08-24,10938.0,,,,zenodo,,https://zenodo.org/records/14983362,,
2014-08-25,12437.0,,,,zenodo,,https://zenodo.org/records/14983362,,
2014-08-26,12700.0,,,,zenodo,,https://zenodo.org/records/14983362,,
2014-08-27,12653.0,,,,zenodo,,https://zenodo.org/records/14983362,,
2014-08-28,12600.0,,,,zenodo,,https://zenodo.org/records/14983362,,
2014-08-29,11655.0,,,,zenodo,,https://zenodo.org/records/14983362,,
2014-08-30,12445.0,,,,zenodo,,https://zenodo.org/records/14983362,,
2014-08-31,11390.0,,,,zenodo,,https://zenodo.org/records/14983362,,
2014-09-01,12866.0,,,,zenodo,,https://zenodo.org/records/14983362,,
2014-09-02,12902.0,,,,zenodo,,https://zenodo.org/records/14983362,,
2014-09-03,12289.0,,,,zenodo,,https://zenodo.org/records/14983362,,
2014-09-04,12334.0,,,,zenodo,,https://zenodo.org/records/14983362,,
2014-09-05,12817.0,,,,zenodo,,https://zenodo.org/records/14983362,,
2014-09-06,12317.0,,,,zenodo,,https://zenodo.org/records/14983362,,
2014-09-07,10837.0,,,,zenodo,,https://zenodo.org/records/14983362,,
2014-09-08,12522.0,,,,zenodo,,https://zenodo.org/records/14983362,,
2014-09-09,12159.0,,,,zenodo,,https://zenodo.org/records/14983362,,
2014-09-10,13036.0,,,,zenodo,,https://zenodo.org/records/14983362,,
2014-09-11,12957.0,,,,zenodo,,https://zenodo.org/records/14983362,,
2014-09-12,13200.0,,,,zenodo,,https://zenodo.org/records/14983362,,
2014-09-13,12915.0,,,,zenodo,,https://zenodo.org/records/14983362,,
2014-09-14,11123.0,,,,zenodo,,https://zenodo.org/records/14983362,,
2014-09-15,12487.0,,,,zenodo,,https://zenodo.org/records/14983362,,
2014-09-16,12424.0,,,,zenodo,,https://zenodo.org/records/14983362,,
2014-09-17,12605.0,,,,zenodo,,https://zenodo.org/records/14983362,,
2014-09-18,12866.0,,,,zenodo,,https://zenodo.org/records/14983362,,
2014-09-19,12896.0,,,,zenodo,,https://zenodo.org/records/14983362,,
2014-09-20,12896.0,,,,zenodo,,https://zenodo.org/records/14983362,,
2014-09-21,11675.0,,,,zenodo,,https://zenodo.org/records/14983362,,
2014-09-22,12596.0,,,,zenodo,,https://zenodo.org/records/14983362,,
2014-09-23,11265.0,,,,zenodo,,https://zenodo.org/records/14983362,,
2014-09-24,11373.0,,,,zenodo,,https://zenodo.org/records/14983362,,
2014-09-25,11441.0,,,,zenodo,,https://zenodo.org/records/14983362,,
2014-09-26,11297.0,,,,zenodo,,https://zenodo.org/records/14983362,,
2014-09-27,10709.0,,,,zenodo,,https://zenodo.org/records/14983362,,
2014-09-28,10347.0,,,,zenodo,,https://zenodo.org/records/14983362,,
2014-09-29,10961.0,,,,zenodo,,https://zenodo.org/records/14983362,,
2014-09-30,10168.0,,,,zenodo,,https://zenodo.org/records/14983362,,
2014-10-01,10234.0,,,,zenodo,,https://zenodo.org/records/14983362,,
2014-10-02,10283.0,,,,zenodo,,https://zenodo.org/records/14983362,,
2014-10-03,10692.0,,,,zenodo,,https://zenodo.org/records/14983362,,
2014-10-04,11476.0,,,,zenodo,,https://zenodo.org/records/14983362,,
2014-10-05,10930.0,,,,zenodo,,https://zenodo.org/records/14983362,,
2014-10-06,11397.0,,,,zenodo,,https://zenodo.org/records/14983362,,
2014-10-07,11221.0,,,,zenodo,,https://zenodo.org/records/14983362,,
2014-10-08,11434.0,,,,zenodo,,https://zenodo.org/records/14983362,,
2014-10-09,11334.0,,,,zenodo,,https://zenodo.org/records/14983362,,
2014-10-10,11334.0,,,,zenodo,,https://zenodo.org/records/14983362,,
2014-10-11,11608.0,,,,zenodo,,https://zenodo.org/records/14983362,,
2014-10-12,10926.0,,,,zenodo,,https://zenodo.org/records/14983362,,
2014-10-13,11800.0,,,,zenodo,,https://zenodo.org/records/14983362,,
2014-10-14,11365.0,,,,zenodo,,https://zenodo.org/records/14983362,,
2014-10-15,11267.0,,,,zenodo,,https://zenodo.org/records/14983362,,
2014-10-16,11114.0,,,,zenodo,,https://zenodo.org/records/14983362,,
2014-10-17,10554.0,,,,zenodo,,https://zenodo.org/records/14983362,,
2014-10-18,10464.0,,,,zenodo,,https://zenodo.org/records/14983362,,
2014-10-19,9374.0,,,,zenodo,,https://zenodo.org/records/14983362,,
2014-10-20,9524.0,,,,zenodo,,https://zenodo.org/records/14983362,,
2014-10-21,9031.0,,,,zenodo,,https://zenodo.org/records/14983362,,
2014-10-22,7606.0,,,,zenodo,,https://zenodo.org/records/14983362,,
2014-10-23,8006.0,,,,zenodo,,https://zenodo.org/records/14983362,,
2014-10-24,9310.0,,,,zenodo,,https://zenodo.org/records/14983362,,
2014-10-25,9255.0,,,,zenodo,,https://zenodo.org/records/14983362,,
2014-10-26,9142.0,,,,zenodo,,https://zenodo.org/records/14983362,,
2014-10-27,9959.0,,,,zenodo,,https://zenodo.org/records/14983362,,
2014-10-28,10569.0,,,,zenodo,,https://zenodo.org/records/14983362,,
2014-10-29,10244.0,,,,zenodo,,https://zenodo.org/records/14983362,,
2014-10-30,10907.0,,,,zenodo,,https://zenodo.org/records/14983362,,
2014-10-31,10941.0,,,,zenodo,,https://zenodo.org/records/14983362,,
2014-11-01,10392.0,,,,zenodo,,https://zenodo.org/records/14983362,,
2014-11-02,9298.0,,,,zenodo,,https://zenodo.org/records/14983362,,
2014-11-03,9997.0,,,,zenodo,,https://zenodo.org/records/14983362,,
2014-11-04,10627.0,,,,zenodo,,https://zenodo.org/records/14983362,,
2014-11-05,10373.0,,,,zenodo,,https://zenodo.org/records/14983362,,
2014-11-06,10537.0,,,,zenodo,,https://zenodo.org/records/14983362,,
2014-11-07,11076.0,,,,zenodo,,https://zenodo.org/records/14983362,,
2014-11-08,10657.0,,,,zenodo,,https://zenodo.org/records/14983362,,
2014-11-09,10839.0,,,,zenodo,,https://zenodo.org/records/14983362,,
2014-11-10,11189.0,,,,zenodo,,https://zenodo.org/records/14983362,,
2014-11-11,11247.0,,,,zenodo,,https://zenodo.org/records/14983362,,
2014-11-12,10378.0,,,,zenodo,,https://zenodo.org/records/14983362,,
2014-11-13,10422.0,,,,zenodo,,https://zenodo.org/records/14983362,,
2014-11-14,10473.0,,,,zenodo,,https://zenodo.org/records/14983362,,
2014-11-15,10397.0,,,,zenodo,,https://zenodo.org/records/14983362,,
2014-11-16,9841.0,,,,zenodo,,https://zenodo.org/records/14983362,,
2014-11-17,10691.0,,,,zenodo,,https://zenodo.org/records/14983362,,
2014-11-18,11137.0,,,,zenodo,,https://zenodo.org/records/14983362,,
2014-11-19,10939.0,,,,zenodo,,https://zenodo.org/records/14983362,,
2014-11-20,11411.0,,,,zenodo,,https://zenodo.org/records/14983362,,
2014-11-21,11199.0,,,,zenodo,,https://zenodo.org/records/14983362,,
2014-11-22,10882.0,,,,zenodo,,https://zenodo.org/records/14983362,,
2014-11-23,10165.0,,,,zenodo,,https://zenodo.org/records/14983362,,
2014-11-24,10455.0,,,,zenodo,,https://zenodo.org/records/14983362,,
2014-11-25,10522.0,,,,zenodo,,https://zenodo.org/records/14983362,,
2014-11-26,10756.0,,,,zenodo,,https://zenodo.org/records/14983362,,
2014-11-27,10257.0,,,,zenodo,,https://zenodo.org/records/14983362,,
2014-11-28,10292.0,,,,zenodo,,https://zenodo.org/records/14983362,,
2014-11-29,10494.0,,,,zenodo,,https://zenodo.org/records/14983362,,
2014-11-30,9902.0,,,,zenodo,,https://zenodo.org/records/14983362,,
2014-12-01,10661.0,,,,zenodo,,https://zenodo.org/records/14983362,,
2014-12-02,11017.0,,,,zenodo,,https://zenodo.org/records/14983362,,
2014-12-03,11015.0,,,,zenodo,,https://zenodo.org/records/14983362,,
2014-12-04,10953.0,,,,zenodo,,https://zenodo.org/records/14983362,,
2014-12-05,10894.0,,,,zenodo,,https://zenodo.org/records/14983362,,
2014-12-06,11413.0,,,,zenodo,,https://zenodo.org/records/14983362,,
2014-12-07,10474.0,,,,zenodo,,https://zenodo.org/records/14983362,,
2014-12-08,10879.0,,,,zenodo,,https://zenodo.org/records/14983362,,
2014-12-09,11236.0,,,,zenodo,,https://zenodo.org/records/14983362,,
2014-12-11,11138.0,,,,zenodo,,https://zenodo.org/records/14983362,,
2014-12-13,10822.0,,,,zenodo,,https://zenodo.org/records/14983362,,
2014-12-15,10935.0,,,,zenodo,,https://zenodo.org/records/14983362,,
2014-12-16,11263.0,,,,zenodo,,https://zenodo.org/records/14983362,,
2014-12-17,11516.0,,,,zenodo,,https://zenodo.org/records/14983362,,
2014-12-18,10946.0,,,,zenodo,,https://zenodo.org/records/14983362,,
2014-12-19,10827.0,,,,zenodo,,https://zenodo.org/records/14983362,,
2014-12-20,10537.0,,,,zenodo,,https://zenodo.org/records/14983362,,
2014-12-21,10012.0,,,,zenodo,,https://zenodo.org/records/14983362,,
2014-12-22,10826.0,,,,zenodo,,https://zenodo.org/records/14983362,,
2014-12-23,10688.0,,,,zenodo,,https://zenodo.org/records/14983362,,
2014-12-24,11253.0,,,,zenodo,,https://zenodo.org/records/14983362,,
2014-12-25,10627.0,,,,zenodo,,https://zenodo.org/records/14983362,,
2014-12-26,10886.0,,,,zenodo,,https://zenodo.org/records/14983362,,
2014-12-28,10478.0,,,,zenodo,,https://zenodo.org/records/14983362,,
2014-12-29,10515.0,,,,zenodo,,https://zenodo.org/records/14983362,,
2014-12-30,10949.0,,,,zenodo,,https://zenodo.org/records/14983362,,
2015-01-01,10621.0,,,,zenodo,,https://zenodo.org/records/14983362,,
2015-01-02,12238.0,,,,zenodo,,https://zenodo.org/records/14983362,,
2015-01-03,10842.0,,,,zenodo,,https://zenodo.org/records/14983362,,
2015-01-04,10592.0,,,,zenodo,,https://zenodo.org/records/14983362,,
2015-01-05,11084.0,,,,zenodo,,https://zenodo.org/records/14983362,,
2015-01-06,10980.0,,,,zenodo,,https://zenodo.org/records/14983362,,
2015-01-07,11658.0,,,,zenodo,,https://zenodo.org/records/14983362,,
2015-01-08,12149.0,,,,zenodo,,https://zenodo.org/records/14983362,,
2015-01-09,11695.0,,,,zenodo,,https://zenodo.org/records/14983362,,
2015-01-10,11973.0,,,,zenodo,,https://zenodo.org/records/14983362,,
2015-01-11,11381.0,,,,zenodo,,https://zenodo.org/records/14983362,,
2015-01-12,11693.0,,,,zenodo,,https://zenodo.org/records/14983362,,
2015-01-13,11634.0,,,,zenodo,,https://zenodo.org/records/14983362,,
2015-01-14,11829.0,,,,zenodo,,https://zenodo.org/records/14983362,,
2015-01-15,10763.0,,,,zenodo,,https://zenodo.org/records/14983362,,
2015-01-16,9812.0,,,,zenodo,,https://zenodo.org/records/14983362,,
2015-01-17,9800.0,,,,zenodo,,https://zenodo.org/records/14983362,,
2015-01-18,10311.0,,,,zenodo,,https://zenodo.org/records/14983362,,
2015-01-19,11298.0,,,,zenodo,,https://zenodo.org/records/14983362,,
2015-01-20,11782.0,,,,zenodo,,https://zenodo.org/records/14983362,,
2015-01-21,11536.0,,,,zenodo,,https://zenodo.org/records/14983362,,
2015-01-22,11347.0,,,,zenodo,,https://zenodo.org/records/14983362,,
2015-01-23,11268.0,,,,zenodo,,https://zenodo.org/records/14983362,,
2015-01-24,11564.0,,,,zenodo,,https://zenodo.org/records/14983362,,
2015-01-25,11600.0,,,,zenodo,,https://zenodo.org/records/14983362,,
2015-01-26,10870.0,,,,zenodo,,https://zenodo.org/records/14983362,,
2015-01-27,11961.0,200.0,254.3,2015-01-28,grid_india_psp_report,files/grdw/uploads/download-manager-files/28.01.15_NLDC_PSP.pdf,https://webcdn.grid-india.in/files/grdw/uploads/download-manager-files/28.01.15_NLDC_PSP.pdf,2026-09-24T17:35:43.325319,ok
2015-01-28,12489.0,,,,zenodo,,https://zenodo.org/records/14983362,,
2015-01-29,11808.0,,,,zenodo,,https://zenodo.org/records/14983362,,
2015-01-30,12030.0,,,,zenodo,,https://zenodo.org/records/14983362,,
2015-01-31,11991.0,,,,zenodo,,https://zenodo.org/records/14983362,,
2015-02-01,11376.0,,,,zenodo,,https://zenodo.org/records/14983362,,
2015-02-02,11837.0,,,,zenodo,,https://zenodo.org/records/14983362,,
2015-02-03,12484.0,,,,zenodo,,https://zenodo.org/records/14983362,,
2015-02-04,12253.0,,,,zenodo,,https://zenodo.org/records/14983362,,
2015-02-05,12384.0,797.0,265.1,2015-02-06,grid_india_psp_report,files/grdw/uploads/download-manager-files/06.02.15_NLDC_PSP.pdf,https://webcdn.grid-india.in/files/grdw/uploads/download-manager-files/06.02.15_NLDC_PSP.pdf,2026-09-24T17:35:44.270381,ok
2015-02-06,12555.0,,,,zenodo,,https://zenodo.org/records/14983362,,
2015-02-07,11732.0,,,,zenodo,,https://zenodo.org/records/14983362,,
2015-02-08,11561.0,,,,zenodo,,https://zenodo.org/records/14983362,,
2015-02-09,12080.0,,,,zenodo,,https://zenodo.org/records/14983362,,
2015-02-10,12630.0,,,,zenodo,,https://zenodo.org/records/14983362,,
2015-02-11,12086.0,,,,zenodo,,https://zenodo.org/records/14983362,,
2015-02-12,12642.0,,,,zenodo,,https://zenodo.org/records/14983362,,
2015-02-13,12490.0,,,,zenodo,,https://zenodo.org/records/14983362,,
2015-02-14,11964.0,,,,zenodo,,https://zenodo.org/records/14983362,,
2015-02-15,11737.0,,,,zenodo,,https://zenodo.org/records/14983362,,
2015-02-16,12028.0,,,,zenodo,,https://zenodo.org/records/14983362,,
2015-02-17,12134.0,,,,zenodo,,https://zenodo.org/records/14983362,,
2015-02-18,11905.0,,,,zenodo,,https://zenodo.org/records/14983362,,
2015-02-19,12706.0,,,,zenodo,,https://zenodo.org/records/14983362,,
2015-02-20,12071.0,,,,zenodo,,https://zenodo.org/records/14983362,,
2015-02-21,11942.0,,,,zenodo,,https://zenodo.org/records/14983362,,
2015-02-22,11595.0,,,,zenodo,,https://zenodo.org/records/14983362,,
2015-02-23,11923.0,,,,zenodo,,https://zenodo.org/records/14983362,,
2015-02-24,12220.0,,,,zenodo,,https://zenodo.org/records/14983362,,
2015-02-25,12101.0,,,,zenodo,,https://zenodo.org/records/14983362,,
2015-02-26,12199.0,,,,zenodo,,https://zenodo.org/records/14983362,,
2015-02-27,12028.0,,,,zenodo,,https://zenodo.org/records/14983362,,
2015-02-28,11987.0,,,,zenodo,,https://zenodo.org/records/14983362,,
2015-03-01,11595.0,,,,zenodo,,https://zenodo.org/records/14983362,,
2015-03-02,11907.0,,,,zenodo,,https://zenodo.org/records/14983362,,
2015-03-03,11853.0,,,,zenodo,,https://zenodo.org/records/14983362,,
2015-03-04,11822.0,,,,zenodo,,https://zenodo.org/records/14983362,,
2015-03-05,12143.0,,,,zenodo,,https://zenodo.org/records/14983362,,
2015-03-06,12140.0,,,,zenodo,,https://zenodo.org/records/14983362,,
2015-03-07,12007.0,,,,zenodo,,https://zenodo.org/records/14983362,,
2015-03-08,11219.0,,,,zenodo,,https://zenodo.org/records/14983362,,
2015-03-09,12438.0,,,,zenodo,,https://zenodo.org/records/14983362,,
2015-03-10,12261.0,,,,zenodo,,https://zenodo.org/records/14983362,,
2015-03-11,12367.0,,,,zenodo,,https://zenodo.org/records/14983362,,
2015-03-12,12472.0,,,,zenodo,,https://zenodo.org/records/14983362,,
2015-03-13,12766.0,,,,zenodo,,https://zenodo.org/records/14983362,,
2015-03-14,12004.0,,,,zenodo,,https://zenodo.org/records/14983362,,
2015-03-15,11539.0,,,,zenodo,,https://zenodo.org/records/14983362,,
2015-03-16,12311.0,,,,zenodo,,https://zenodo.org/records/14983362,,
2015-03-17,12084.0,,,,zenodo,,https://zenodo.org/records/14983362,,
2015-03-18,12319.0,,,,zenodo,,https://zenodo.org/records/14983362,,
2015-03-19,12587.0,,,,zenodo,,https://zenodo.org/records/14983362,,
2015-03-21,12545.0,,,,zenodo,,https://zenodo.org/records/14983362,,
2015-03-22,11702.0,0.0,273.3,2015-03-23,grid_india_psp_report,files/grdw/uploads/download-manager-files/23.03.15_NLDC_PSP.pdf,https://webcdn.grid-india.in/files/grdw/uploads/download-manager-files/23.03.15_NLDC_PSP.pdf,2026-09-24T17:35:55.230732,ok
2015-03-23,12557.0,,,,zenodo,,https://zenodo.org/records/14983362,,
2015-03-24,12965.0,,,,zenodo,,https://zenodo.org/records/14983362,,
2015-03-25,12751.0,,,,zenodo,,https://zenodo.org/records/14983362,,
2015-03-26,12954.0,,,,zenodo,,https://zenodo.org/records/14983362,,
2015-03-27,12986.0,,,,zenodo,,https://zenodo.org/records/14983362,,
2015-03-28,12711.0,,,,zenodo,,https://zenodo.org/records/14983362,,
2015-03-29,12101.0,,,,zenodo,,https://zenodo.org/records/14983362,,
2015-03-30,12486.0,,,,zenodo,,https://zenodo.org/records/14983362,,
2015-03-31,12569.0,,,,zenodo,,https://zenodo.org/records/14983362,,
2015-04-01,12326.0,,,,zenodo,,https://zenodo.org/records/14983362,,
2015-04-02,12343.0,,,,zenodo,,https://zenodo.org/records/14983362,,
2015-04-03,12632.0,,,,zenodo,,https://zenodo.org/records/14983362,,
2015-04-04,11457.0,,,,zenodo,,https://zenodo.org/records/14983362,,
2015-04-05,12065.0,,,,zenodo,,https://zenodo.org/records/14983362,,
2015-04-07,12361.0,,,,zenodo,,https://zenodo.org/records/14983362,,
2015-04-08,12650.0,950.0,295.0,2015-04-09,grid_india_psp_report,files/grdw/uploads/download-manager-files/09.04.15_NLDC_PSP.pdf,https://webcdn.grid-india.in/files/grdw/uploads/download-manager-files/09.04.15_NLDC_PSP.pdf,2026-09-24T17:35:59.753983,ok
2015-04-09,12024.0,,,,zenodo,,https://zenodo.org/records/14983362,,
2015-04-10,12108.0,,,,zenodo,,https://zenodo.org/records/14983362,,
2015-04-11,12659.0,,,,zenodo,,https://zenodo.org/records/14983362,,
2015-04-12,10414.0,,,,zenodo,,https://zenodo.org/records/14983362,,
2015-04-13,11164.0,,,,zenodo,,https://zenodo.org/records/14983362,,
2015-04-14,10317.0,,,,zenodo,,https://zenodo.org/records/14983362,,
2015-04-15,10585.0,,,,zenodo,,https://zenodo.org/records/14983362,,
2015-04-16,10798.0,,,,zenodo,,https://zenodo.org/records/14983362,,
2015-04-17,11070.0,,,,zenodo,,https://zenodo.org/records/14983362,,
2015-04-18,10122.0,,,,zenodo,,https://zenodo.org/records/14983362,,
2015-04-19,10307.0,,,,zenodo,,https://zenodo.org/records/14983362,,
2015-04-20,11378.0,,,,zenodo,,https://zenodo.org/records/14983362,,
2015-04-21,11640.0,,,,zenodo,,https://zenodo.org/records/14983362,,
2015-04-22,11789.0,,,,zenodo,,https://zenodo.org/records/14983362,,
2015-04-23,11638.0,,,,zenodo,,https://zenodo.org/records/14983362,,
2015-04-24,11951.0,,,,zenodo,,https://zenodo.org/records/14983362,,
2015-04-25,10561.0,,,,zenodo,,https://zenodo.org/records/14983362,,
2015-04-26,9860.0,,,,zenodo,,https://zenodo.org/records/14983362,,
2015-04-27,11215.0,,,,zenodo,,https://zenodo.org/records/14983362,,
2015-04-28,11683.0,,,,zenodo,,https://zenodo.org/records/14983362,,
2015-04-29,11798.0,,,,zenodo,,https://zenodo.org/records/14983362,,
2015-04-30,11869.0,,,,zenodo,,https://zenodo.org/records/14983362,,
2015-05-01,11950.0,,,,zenodo,,https://zenodo.org/records/14983362,,
2015-05-03,11148.0,,,,zenodo,,https://zenodo.org/records/14983362,,
2015-05-04,12109.0,,,,zenodo,,https://zenodo.org/records/14983362,,
2015-05-05,11894.0,,,,zenodo,,https://zenodo.org/records/14983362,,
2015-05-06,11947.0,,,,zenodo,,https://zenodo.org/records/14983362,,
2015-05-07,12805.0,,,,zenodo,,https://zenodo.org/records/14983362,,
2015-05-08,11800.0,,,,zenodo,,https://zenodo.org/records/14983362,,
2015-05-09,11930.0,896.0,281.6,2015-05-10,grid_india_psp_report,files/grdw/uploads/download-manager-files/10.05.15_NLDC_PSP.pdf,https://webcdn.grid-india.in/files/grdw/uploads/download-manager-files/10.05.15_NLDC_PSP.pdf,2026-09-24T17:36:12.752859,ok
2015-05-10,11356.0,,,,zenodo,,https://zenodo.org/records/14983362,,
2015-05-11,11817.0,,,,zenodo,,https://zenodo.org/records/14983362,,
2015-05-12,11422.0,,,,zenodo,,https://zenodo.org/records/14983362,,
2015-05-13,10436.0,,,,zenodo,,https://zenodo.org/records/14983362,,
2015-05-14,11059.0,,,,zenodo,,https://zenodo.org/records/14983362,,
2015-05-15,10907.0,,,,zenodo,,https://zenodo.org/records/14983362,,
2015-05-16,10320.0,,,,zenodo,,https://zenodo.org/records/14983362,,
2015-05-17,9001.0,,,,zenodo,,https://zenodo.org/records/14983362,,
2015-05-18,9907.0,,,,zenodo,,https://zenodo.org/records/14983362,,
2015-05-19,10511.0,,,,zenodo,,https://zenodo.org/records/14983362,,
2015-05-20,11136.0,,,,zenodo,,https://zenodo.org/records/14983362,,
2015-05-21,11480.0,,,,zenodo,,https://zenodo.org/records/14983362,,
2015-05-22,12385.0,,,,zenodo,,https://zenodo.org/records/14983362,,
2015-05-23,12240.0,,,,zenodo,,https://zenodo.org/records/14983362,,
2015-05-24,11562.0,,,,zenodo,,https://zenodo.org/records/14983362,,
2015-05-25,12962.0,,,,zenodo,,https://zenodo.org/records/14983362,,
2015-05-26,12306.0,,,,zenodo,,https://zenodo.org/records/14983362,,
2015-05-27,13059.0,,,,zenodo,,https://zenodo.org/records/14983362,,
2015-05-28,11915.0,,,,zenodo,,https://zenodo.org/records/14983362,,
2015-05-29,11967.0,,,,zenodo,,https://zenodo.org/records/14983362,,
2015-05-30,11859.0,,,,zenodo,,https://zenodo.org/records/14983362,,
2015-05-31,11370.0,,,,zenodo,,https://zenodo.org/records/14983362,,
2015-06-01,11580.0,,,,zenodo,,https://zenodo.org/records/14983362,,
2015-06-02,11544.0,,,,zenodo,,https://zenodo.org/records/14983362,,
2015-06-03,11240.0,,,,zenodo,,https://zenodo.org/records/14983362,,
2015-06-04,11547.0,791.0,275.5,2015-06-05,grid_india_psp_report,files/grdw/uploads/download-manager-files/05.06.15_NLDC_PSP.pdf,https://webcdn.grid-india.in/files/grdw/uploads/download-manager-files/05.06.15_NLDC_PSP.pdf,2026-09-24T17:36:18.991430,ok
2015-06-05,12258.0,0.0,278.9,2015-06-06,grid_india_psp_report,files/grdw/uploads/download-manager-files/06.06.15_NLDC_PSP.pdf,https://webcdn.grid-india.in/files/grdw/uploads/download-manager-files/06.06.15_NLDC_PSP.pdf,2026-09-24T17:36:21.556779,ok
2015-06-06,12411.0,0.0,268.9,2015-06-07,grid_india_psp_report,files/grdw/uploads/download-manager-files/07.06.15_NLDC_PSP.pdf,https://webcdn.grid-india.in/files/grdw/uploads/download-manager-files/07.06.15_NLDC_PSP.pdf,2026-09-24T17:36:24.577941,ok
2015-06-07,11547.0,,,,zenodo,,https://zenodo.org/records/14983362,,
2015-06-08,12727.0,,,,zenodo,,https://zenodo.org/records/14983362,,
2015-06-09,13048.0,,,,zenodo,,https://zenodo.org/records/14983362,,
2015-06-10,12934.0,,,,zenodo,,https://zenodo.org/records/14983362,,
2015-06-11,12651.0,,,,zenodo,,https://zenodo.org/records/14983362,,
2015-06-12,12250.0,,,,zenodo,,https://zenodo.org/records/14983362,,
2015-06-13,13042.0,,,,zenodo,,https://zenodo.org/records/14983362,,
2015-06-14,11224.0,,,,zenodo,,https://zenodo.org/records/14983362,,
2015-06-15,13034.0,,,,zenodo,,https://zenodo.org/records/14983362,,
2015-06-16,12404.0,,,,zenodo,,https://zenodo.org/records/14983362,,
2015-06-17,12958.0,,,,zenodo,,https://zenodo.org/records/14983362,,
2015-06-18,12290.0,,,,zenodo,,https://zenodo.org/records/14983362,,
2015-06-19,12117.0,,,,zenodo,,https://zenodo.org/records/14983362,,
2015-06-20,11592.0,,,,zenodo,,https://zenodo.org/records/14983362,,
2015-06-21,10618.0,,,,zenodo,,https://zenodo.org/records/14983362,,
2015-06-22,11685.0,,,,zenodo,,https://zenodo.org/records/14983362,,
2015-06-23,12354.0,,,,zenodo,,https://zenodo.org/records/14983362,,
2015-06-24,13249.0,,,,zenodo,,https://zenodo.org/records/14983362,,
2015-06-25,13507.0,,,,zenodo,,https://zenodo.org/records/14983362,,
2015-06-26,13085.0,,,,zenodo,,https://zenodo.org/records/14983362,,
2015-06-27,12949.0,,,,zenodo,,https://zenodo.org/records/14983362,,
2015-06-28,12004.0,,,,zenodo,,https://zenodo.org/records/14983362,,
2015-06-29,13065.0,,,,zenodo,,https://zenodo.org/records/14983362,,
2015-06-30,13100.0,,,,zenodo,,https://zenodo.org/records/14983362,,
2015-07-01,13676.0,,,,zenodo,,https://zenodo.org/records/14983362,,
2015-07-02,13766.0,,,,zenodo,,https://zenodo.org/records/14983362,,
2015-07-04,13035.0,,,,zenodo,,https://zenodo.org/records/14983362,,
2015-07-05,12265.0,,,,zenodo,,https://zenodo.org/records/14983362,,
2015-07-06,13329.0,,,,zenodo,,https://zenodo.org/records/14983362,,
2015-07-07,12934.0,,,,zenodo,,https://zenodo.org/records/14983362,,
2015-07-08,13623.0,,,,zenodo,,https://zenodo.org/records/14983362,,
2015-07-09,13119.0,,,,zenodo,,https://zenodo.org/records/14983362,,
2015-07-10,13570.0,,,,zenodo,,https://zenodo.org/records/14983362,,
2015-07-11,13493.0,,,,zenodo,,https://zenodo.org/records/14983362,,
2015-07-14,13607.0,,,,zenodo,,https://zenodo.org/records/14983362,,
2015-07-15,12990.0,,,,zenodo,,https://zenodo.org/records/14983362,,
2015-07-16,13344.0,,,,zenodo,,https://zenodo.org/records/14983362,,
2015-07-17,12973.0,,,,zenodo,,https://zenodo.org/records/14983362,,
2015-07-18,12637.0,,,,zenodo,,https://zenodo.org/records/14983362,,
2015-07-19,11814.0,,,,zenodo,,https://zenodo.org/records/14983362,,
2015-07-20,12745.0,,,,zenodo,,https://zenodo.org/records/14983362,,
2015-07-21,12961.0,,,,zenodo,,https://zenodo.org/records/14983362,,
2015-07-22,12104.0,,,,zenodo,,https://zenodo.org/records/14983362,,
2015-07-23,13065.0,,,,zenodo,,https://zenodo.org/records/14983362,,
2015-07-24,12983.0,,,,zenodo,,https://zenodo.org/records/14983362,,
2015-07-25,11892.0,,,,zenodo,,https://zenodo.org/records/14983362,,
2015-07-26,11727.0,,,,zenodo,,https://zenodo.org/records/14983362,,
2015-07-27,12981.0,,,,zenodo,,https://zenodo.org/records/14983362,,
2015-07-28,12503.0,,,,zenodo,,https://zenodo.org/records/14983362,,
2015-07-29,12693.0,,,,zenodo,,https://zenodo.org/records/14983362,,
2015-07-30,12277.0,,,,zenodo,,https://zenodo.org/records/14983362,,
2015-07-31,11794.0,,,,zenodo,,https://zenodo.org/records/14983362,,
2015-08-01,12377.0,,,,zenodo,,https://zenodo.org/records/14983362,,
2015-08-02,11752.0,,,,zenodo,,https://zenodo.org/records/14983362,,
2015-08-03,11420.0,,,,zenodo,,https://zenodo.org/records/14983362,,
2015-08-04,12347.0,,,,zenodo,,https://zenodo.org/records/14983362,,
2015-08-05,12452.0,,,,zenodo,,https://zenodo.org/records/14983362,,
2015-08-06,12960.0,,,,zenodo,,https://zenodo.org/records/14983362,,
2015-08-07,12963.0,,,,zenodo,,https://zenodo.org/records/14983362,,
2015-08-08,12680.0,,,,zenodo,,https://zenodo.org/records/14983362,,
2015-08-09,12091.0,,,,zenodo,,https://zenodo.org/records/14983362,,
2015-08-10,13468.0,,,,zenodo,,https://zenodo.org/records/14983362,,
2015-08-11,13114.0,,,,zenodo,,https://zenodo.org/records/14983362,,
2015-08-12,13301.0,,,,zenodo,,https://zenodo.org/records/14983362,,
2015-08-13,13246.0,,,,zenodo,,https://zenodo.org/records/14983362,,
2015-08-14,13627.0,,,,zenodo,,https://zenodo.org/records/14983362,,
2015-08-15,11895.0,,,,zenodo,,https://zenodo.org/records/14983362,,
2015-08-16,11230.0,,,,zenodo,,https://zenodo.org/records/14983362,,
2015-08-17,12513.0,,,,zenodo,,https://zenodo.org/records/14983362,,
2015-08-18,12929.0,,,,zenodo,,https://zenodo.org/records/14983362,,
2015-08-19,13038.0,,,,zenodo,,https://zenodo.org/records/14983362,,
2015-08-20,13156.0,,,,zenodo,,https://zenodo.org/records/14983362,,
2015-08-21,12226.0,,,,zenodo,,https://zenodo.org/records/14983362,,
2015-08-22,12149.0,,,,zenodo,,https://zenodo.org/records/14983362,,
2015-08-23,10788.0,,,,zenodo,,https://zenodo.org/records/14983362,,
2015-08-24,12405.0,,,,zenodo,,https://zenodo.org/records/14983362,,
2015-08-25,12622.0,,,,zenodo,,https://zenodo.org/records/14983362,,
2015-08-26,12542.0,,,,zenodo,,https://zenodo.org/records/14983362,,
2015-08-27,12616.0,,,,zenodo,,https://zenodo.org/records/14983362,,
2015-08-28,13058.0,,,,zenodo,,https://zenodo.org/records/14983362,,
2015-08-29,13162.0,,,,zenodo,,https://zenodo.org/records/14983362,,
2015-08-30,12212.0,,,,zenodo,,https://zenodo.org/records/14983362,,
2015-08-31,13450.0,,,,zenodo,,https://zenodo.org/records/14983362,,
2015-09-01,13754.0,,,,zenodo,,https://zenodo.org/records/14983362,,
2015-09-02,13520.0,,,,zenodo,,https://zenodo.org/records/14983362,,
2015-09-03,12029.0,,,,zenodo,,https://zenodo.org/records/14983362,,
2015-09-06,11262.0,,,,zenodo,,https://zenodo.org/records/14983362,,
2015-09-07,12382.0,,,,zenodo,,https://zenodo.org/records/14983362,,
2015-09-08,12796.0,,,,zenodo,,https://zenodo.org/records/14983362,,
2015-09-09,13151.0,,,,zenodo,,https://zenodo.org/records/14983362,,
2015-09-10,13067.0,,,,zenodo,,https://zenodo.org/records/14983362,,
2015-09-11,13531.0,,,,zenodo,,https://zenodo.org/records/14983362,,
2015-09-12,12931.0,,,,zenodo,,https://zenodo.org/records/14983362,,
2015-09-13,11868.0,,,,zenodo,,https://zenodo.org/records/14983362,,
2015-09-14,13122.0,,,,zenodo,,https://zenodo.org/records/14983362,,
2015-09-15,12967.0,,,,zenodo,,https://zenodo.org/records/14983362,,
2015-09-16,13352.0,,,,zenodo,,https://zenodo.org/records/14983362,,
2015-09-17,13007.0,,,,zenodo,,https://zenodo.org/records/14983362,,
2015-09-18,13196.0,,,,zenodo,,https://zenodo.org/records/14983362,,
2015-09-19,13272.0,,,,zenodo,,https://zenodo.org/records/14983362,,
2015-09-20,11912.0,,,,zenodo,,https://zenodo.org/records/14983362,,
2015-09-21,13341.0,,,,zenodo,,https://zenodo.org/records/14983362,,
2015-09-22,13577.0,0.0,296.7,2015-09-23,grid_india_psp_report,files/grdw/uploads/download-manager-files/23.09.15_NLDC_PSP.pdf,https://webcdn.grid-india.in/files/grdw/uploads/download-manager-files/23.09.15_NLDC_PSP.pdf,2026-09-24T17:36:59.919703,ok
2015-09-23,11933.0,,,,zenodo,,https://zenodo.org/records/14983362,,
2015-09-24,11813.0,,,,zenodo,,https://zenodo.org/records/14983362,,
2015-09-25,11796.0,,,,zenodo,,https://zenodo.org/records/14983362,,
2015-09-26,12111.0,,,,zenodo,,https://zenodo.org/records/14983362,,
2015-09-27,11384.0,,,,zenodo,,https://zenodo.org/records/14983362,,
2015-09-28,11778.0,,,,zenodo,,https://zenodo.org/records/14983362,,
2015-09-29,11957.0,,,,zenodo,,https://zenodo.org/records/14983362,,
2015-09-30,12478.0,,,,zenodo,,https://zenodo.org/records/14983362,,
2015-10-01,11750.0,,,,zenodo,,https://zenodo.org/records/14983362,,
2015-10-02,10885.0,,,,zenodo,,https://zenodo.org/records/14983362,,
2015-10-03,11690.0,,,,zenodo,,https://zenodo.org/records/14983362,,
2015-10-04,10228.0,,,,zenodo,,https://zenodo.org/records/14983362,,
2015-10-05,11847.0,,,,zenodo,,https://zenodo.org/records/14983362,,
2015-10-06,11742.0,,,,zenodo,,https://zenodo.org/records/14983362,,
2015-10-07,11885.0,,,,zenodo,,https://zenodo.org/records/14983362,,
2015-10-08,12415.0,,,,zenodo,,https://zenodo.org/records/14983362,,
2015-10-09,13002.0,,,,zenodo,,https://zenodo.org/records/14983362,,
2015-10-10,12804.0,,,,zenodo,,https://zenodo.org/records/14983362,,
2015-10-11,11333.0,,,,zenodo,,https://zenodo.org/records/14983362,,
2015-10-12,12239.0,,,,zenodo,,https://zenodo.org/records/14983362,,
2015-10-13,12075.0,,,,zenodo,,https://zenodo.org/records/14983362,,
2015-10-14,12259.0,,,,zenodo,,https://zenodo.org/records/14983362,,
2015-10-15,13132.0,,,,zenodo,,https://zenodo.org/records/14983362,,
2015-10-16,13307.0,,,,zenodo,,https://zenodo.org/records/14983362,,
2015-10-17,12234.0,,,,zenodo,,https://zenodo.org/records/14983362,,
2015-10-18,12295.0,,,,zenodo,,https://zenodo.org/records/14983362,,
2015-10-19,12890.0,,,,zenodo,,https://zenodo.org/records/14983362,,
2015-10-20,12923.0,,,,zenodo,,https://zenodo.org/records/14983362,,
2015-10-21,11629.0,,,,zenodo,,https://zenodo.org/records/14983362,,
2015-10-22,12707.0,,,,zenodo,,https://zenodo.org/records/14983362,,
2015-10-23,13202.0,,,,zenodo,,https://zenodo.org/records/14983362,,
2015-10-24,13055.0,,,,zenodo,,https://zenodo.org/records/14983362,,
2015-10-25,12051.0,,,,zenodo,,https://zenodo.org/records/14983362,,
2015-10-26,12754.0,,,,zenodo,,https://zenodo.org/records/14983362,,
2015-10-27,12796.0,,,,zenodo,,https://zenodo.org/records/14983362,,
2015-10-28,12334.0,,,,zenodo,,https://zenodo.org/records/14983362,,
2015-10-29,13184.0,0.0,274.9,2015-10-30,grid_india_psp_report,files/grdw/uploads/download-manager-files/30.10.15_NLDC_PSP.pdf,https://webcdn.grid-india.in/files/grdw/uploads/download-manager-files/30.10.15_NLDC_PSP.pdf,2026-09-24T17:37:05.802684,ok
2015-10-30,12763.0,,,,zenodo,,https://zenodo.org/records/14983362,,
2015-10-31,11986.0,,,,zenodo,,https://zenodo.org/records/14983362,,
2015-11-01,11420.0,,,,zenodo,,https://zenodo.org/records/14983362,,
2015-11-02,11661.0,,,,zenodo,,https://zenodo.org/records/14983362,,
2015-11-03,12481.0,,,,zenodo,,https://zenodo.org/records/14983362,,
2015-11-04,12185.0,,,,zenodo,,https://zenodo.org/records/14983362,,
2015-11-05,12176.0,,,,zenodo,,https://zenodo.org/records/14983362,,
2015-11-06,12212.0,,,,zenodo,,https://zenodo.org/records/14983362,,
2015-11-07,11797.0,,,,zenodo,,https://zenodo.org/records/14983362,,
2015-11-08,10019.0,,,,zenodo,,https://zenodo.org/records/14983362,,
2015-11-09,8296.0,,,,zenodo,,https://zenodo.org/records/14983362,,
2015-11-10,7359.0,,,,zenodo,,https://zenodo.org/records/14983362,,
2015-11-11,9119.0,,,,zenodo,,https://zenodo.org/records/14983362,,
2015-11-12,10038.0,,,,zenodo,,https://zenodo.org/records/14983362,,
2015-11-13,10213.0,,,,zenodo,,https://zenodo.org/records/14983362,,
2015-11-14,10474.0,,,,zenodo,,https://zenodo.org/records/14983362,,
2015-11-15,8981.0,,,,zenodo,,https://zenodo.org/records/14983362,,
2015-11-16,10136.0,,,,zenodo,,https://zenodo.org/records/14983362,,
2015-11-17,10795.0,,,,zenodo,,https://zenodo.org/records/14983362,,
2015-11-18,11139.0,,,,zenodo,,https://zenodo.org/records/14983362,,
2015-11-19,11104.0,,,,zenodo,,https://zenodo.org/records/14983362,,
2015-11-20,11014.0,,,,zenodo,,https://zenodo.org/records/14983362,,
2015-11-21,10894.0,,,,zenodo,,https://zenodo.org/records/14983362,,
2015-11-22,9277.0,,,,zenodo,,https://zenodo.org/records/14983362,,
2015-11-23,10660.0,,,,zenodo,,https://zenodo.org/records/14983362,,
2015-11-24,11149.0,,,,zenodo,,https://zenodo.org/records/14983362,,
2015-11-25,11368.0,,,,zenodo,,https://zenodo.org/records/14983362,,
2015-11-26,11714.0,,,,zenodo,,https://zenodo.org/records/14983362,,
2015-11-27,11562.0,,,,zenodo,,https://zenodo.org/records/14983362,,
2015-11-28,11430.0,,,,zenodo,,https://zenodo.org/records/14983362,,
2015-11-29,9965.0,,,,zenodo,,https://zenodo.org/records/14983362,,
2015-11-30,11146.0,,,,zenodo,,https://zenodo.org/records/14983362,,
2015-12-01,10010.0,,,,zenodo,,https://zenodo.org/records/14983362,,
2015-12-02,9233.0,,,,zenodo,,https://zenodo.org/records/14983362,,
2015-12-03,9392.0,,,,zenodo,,https://zenodo.org/records/14983362,,
2015-12-04,9768.0,,,,zenodo,,https://zenodo.org/records/14983362,,
2015-12-05,9951.0,,,,zenodo,,https://zenodo.org/records/14983362,,
2015-12-06,8767.0,,,,zenodo,,https://zenodo.org/records/14983362,,
2015-12-07,10760.0,,,,zenodo,,https://zenodo.org/records/14983362,,
2015-12-08,10447.0,,,,zenodo,,https://zenodo.org/records/14983362,,
2015-12-09,10587.0,,,,zenodo,,https://zenodo.org/records/14983362,,
2015-12-10,11003.0,,,,zenodo,,https://zenodo.org/records/14983362,,
2015-12-11,11068.0,,,,zenodo,,https://zenodo.org/records/14983362,,
2015-12-12,11730.0,,,,zenodo,,https://zenodo.org/records/14983362,,
2015-12-13,9861.0,,,,zenodo,,https://zenodo.org/records/14983362,,
2015-12-14,11355.0,,,,zenodo,,https://zenodo.org/records/14983362,,
2015-12-15,11852.0,,,,zenodo,,https://zenodo.org/records/14983362,,
2015-12-16,11713.0,,,,zenodo,,https://zenodo.org/records/14983362,,
2015-12-17,11825.0,,,,zenodo,,https://zenodo.org/records/14983362,,
2015-12-18,11905.0,,,,zenodo,,https://zenodo.org/records/14983362,,
2015-12-19,11962.0,,,,zenodo,,https://zenodo.org/records/14983362,,
2015-12-20,10915.0,,,,zenodo,,https://zenodo.org/records/14983362,,
2015-12-21,12343.0,,,,zenodo,,https://zenodo.org/records/14983362,,
2015-12-22,12575.0,,,,zenodo,,https://zenodo.org/records/14983362,,
2015-12-23,12546.0,,,,zenodo,,https://zenodo.org/records/14983362,,
2015-12-24,12563.0,,,,zenodo,,https://zenodo.org/records/14983362,,
2015-12-25,12285.0,,,,zenodo,,https://zenodo.org/records/14983362,,
2015-12-26,12483.0,,,,zenodo,,https://zenodo.org/records/14983362,,
2015-12-27,11352.0,,,,zenodo,,https://zenodo.org/records/14983362,,
2015-12-28,12627.0,,,,zenodo,,https://zenodo.org/records/14983362,,
2015-12-29,12693.0,,,,zenodo,,https://zenodo.org/records/14983362,,
2015-12-30,12567.0,,,,zenodo,,https://zenodo.org/records/14983362,,
2015-12-31,12680.0,0.0,264.9,2016-01-01,grid_india_psp_report,files/grdw/uploads/download-manager-files/01.01.16_NLDC_PSP.pdf,https://webcdn.grid-india.in/files/grdw/uploads/download-manager-files/01.01.16_NLDC_PSP.pdf,2026-09-24T17:37:14.365359,ok
2016-01-01,11924.0,,,,zenodo,,https://zenodo.org/records/14983362,,
2016-01-02,11524.0,,,,zenodo,,https://zenodo.org/records/14983362,,
2016-01-03,11337.0,,,,zenodo,,https://zenodo.org/records/14983362,,
2016-01-04,12621.0,,,,zenodo,,https://zenodo.org/records/14983362,,
2016-01-05,12882.0,,,,zenodo,,https://zenodo.org/records/14983362,,
2016-01-06,13173.0,,,,zenodo,,https://zenodo.org/records/14983362,,
2016-01-07,13052.0,,,,zenodo,,https://zenodo.org/records/14983362,,
2016-01-08,13044.0,,,,zenodo,,https://zenodo.org/records/14983362,,
2016-01-09,12686.0,,,,zenodo,,https://zenodo.org/records/14983362,,
2016-01-10,12192.0,,,,zenodo,,https://zenodo.org/records/14983362,,
2016-01-11,12764.0,,,,zenodo,,https://zenodo.org/records/14983362,,
2016-01-12,13233.0,,,,zenodo,,https://zenodo.org/records/14983362,,
2016-01-13,13168.0,,,,zenodo,,https://zenodo.org/records/14983362,,
2016-01-14,12676.0,,,,zenodo,,https://zenodo.org/records/14983362,,
2016-01-15,10827.0,,,,zenodo,,https://zenodo.org/records/14983362,,
2016-01-16,10600.0,,,,zenodo,,https://zenodo.org/records/14983362,,
2016-01-17,10394.0,,,,zenodo,,https://zenodo.org/records/14983362,,
2016-01-18,12537.0,,,,zenodo,,https://zenodo.org/records/14983362,,
2016-01-19,12936.0,,,,zenodo,,https://zenodo.org/records/14983362,,
2016-01-20,13095.0,,,,zenodo,,https://zenodo.org/records/14983362,,
2016-01-21,13456.0,,,,zenodo,,https://zenodo.org/records/14983362,,
2016-01-22,13267.0,,,,zenodo,,https://zenodo.org/records/14983362,,
2016-01-23,13091.0,,,,zenodo,,https://zenodo.org/records/14983362,,
2016-01-24,12216.0,,,,zenodo,,https://zenodo.org/records/14983362,,
2016-01-25,12865.0,,,,zenodo,,https://zenodo.org/records/14983362,,
2016-01-26,11917.0,,,,zenodo,,https://zenodo.org/records/14983362,,
2016-01-27,13345.0,,,,zenodo,,https://zenodo.org/records/14983362,,
2016-01-28,13465.0,,,,zenodo,,https://zenodo.org/records/14983362,,
2016-01-29,13576.0,,,,zenodo,,https://zenodo.org/records/14983362,,
2016-01-30,13244.0,,,,zenodo,,https://zenodo.org/records/14983362,,
2016-01-31,12339.0,,,,zenodo,,https://zenodo.org/records/14983362,,
2016-02-01,12963.0,,,,zenodo,,https://zenodo.org/records/14983362,,
2016-02-02,13148.0,,,,zenodo,,https://zenodo.org/records/14983362,,
2016-02-03,13300.333333333334,,,,zenodo,,https://zenodo.org/records/14983362,,
2016-02-04,13452.666666666666,,,,zenodo,,https://zenodo.org/records/14983362,,
2016-02-05,13605.0,,,,zenodo,,https://zenodo.org/records/14983362,,
2016-02-06,13160.0,,,,zenodo,,https://zenodo.org/records/14983362,,
2016-02-07,12150.0,,,,zenodo,,https://zenodo.org/records/14983362,,
2016-02-08,13267.0,,,,zenodo,,https://zenodo.org/records/14983362,,
2016-02-09,13432.0,,,,zenodo,,https://zenodo.org/records/14983362,,
2016-02-10,13456.0,,,,zenodo,,https://zenodo.org/records/14983362,,
2016-02-11,13536.0,,,,zenodo,,https://zenodo.org/records/14983362,,
2016-02-12,13557.0,,,,zenodo,,https://zenodo.org/records/14983362,,
2016-02-13,13407.0,,,,zenodo,,https://zenodo.org/records/14983362,,
2016-02-14,12192.0,,,,zenodo,,https://zenodo.org/records/14983362,,
2016-02-15,13577.0,,,,zenodo,,https://zenodo.org/records/14983362,,
2016-02-16,13458.0,,,,zenodo,,https://zenodo.org/records/14983362,,
2016-02-17,13744.0,,,,zenodo,,https://zenodo.org/records/14983362,,
2016-02-18,13741.0,,,,zenodo,,https://zenodo.org/records/14983362,,
2016-02-19,13737.0,,,,zenodo,,https://zenodo.org/records/14983362,,
2016-02-20,13763.0,,,,zenodo,,https://zenodo.org/records/14983362,,
2016-02-21,13085.0,,,,zenodo,,https://zenodo.org/records/14983362,,
2016-02-22,13823.0,,,,zenodo,,https://zenodo.org/records/14983362,,
2016-02-23,13819.0,,,,zenodo,,https://zenodo.org/records/14983362,,
2016-02-24,14533.0,,,,zenodo,,https://zenodo.org/records/14983362,,
2016-02-25,14125.0,0.0,304.3,2016-02-26,grid_india_psp_report,files/grdw/uploads/download-manager-files/26.02.16_NLDC_PSP.pdf,https://webcdn.grid-india.in/files/grdw/uploads/download-manager-files/26.02.16_NLDC_PSP.pdf,2026-09-24T17:37:20.696453,ok
2016-02-26,14047.0,,,,zenodo,,https://zenodo.org/records/14983362,,
2016-02-27,13892.0,,,,zenodo,,https://zenodo.org/records/14983362,,
2016-02-28,12627.0,,,,zenodo,,https://zenodo.org/records/14983362,,
2016-02-29,14202.0,0.0,292.8,2016-03-01,grid_india_psp_report,files/grdw/uploads/download-manager-files/01.03.16_NLDC_PSP.pdf,https://webcdn.grid-india.in/files/grdw/uploads/download-manager-files/01.03.16_NLDC_PSP.pdf,2026-09-24T17:37:27.655081,ok
2016-03-01,14094.0,,,,zenodo,,https://zenodo.org/records/14983362,,
2016-03-02,14169.0,,,,zenodo,,https://zenodo.org/records/14983362,,
2016-03-03,14298.0,,,,zenodo,,https://zenodo.org/records/14983362,,
2016-03-04,14329.0,,,,zenodo,,https://zenodo.org/records/14983362,,
2016-03-05,13812.0,,,,zenodo,,https://zenodo.org/records/14983362,,
2016-03-06,12966.0,0.0,286.7,2016-03-07,grid_india_psp_report,files/grdw/uploads/download-manager-files/07.03.16_NLDC_PSP.pdf,https://webcdn.grid-india.in/files/grdw/uploads/download-manager-files/07.03.16_NLDC_PSP.pdf,2026-09-24T17:37:34.800878,ok
2016-03-08,14320.0,,,,zenodo,,https://zenodo.org/records/14983362,,
2016-03-09,14351.0,,,,zenodo,,https://zenodo.org/records/14983362,,
2016-03-10,14003.0,,,,zenodo,,https://zenodo.org/records/14983362,,
2016-03-11,14173.0,,,,zenodo,,https://zenodo.org/records/14983362,,
2016-03-12,13705.0,,,,zenodo,,https://zenodo.org/records/14983362,,
2016-03-13,13076.0,,,,zenodo,,https://zenodo.org/records/14983362,,
2016-03-14,14236.0,,,,zenodo,,https://zenodo.org/records/14983362,,
2016-03-15,14449.0,,,,zenodo,,https://zenodo.org/records/14983362,,
2016-03-16,14295.0,,,,zenodo,,https://zenodo.org/records/14983362,,
2016-03-17,14519.0,,,,zenodo,,https://zenodo.org/records/14983362,,
2016-03-18,14374.0,,,,zenodo,,https://zenodo.org/records/14983362,,
2016-03-19,14183.0,,,,zenodo,,https://zenodo.org/records/14983362,,
2016-03-20,13236.0,,,,zenodo,,https://zenodo.org/records/14983362,,
2016-03-21,14280.0,,,,zenodo,,https://zenodo.org/records/14983362,,
2016-03-22,14456.0,,,,zenodo,,https://zenodo.org/records/14983362,,
2016-03-24,14245.0,,,,zenodo,,https://zenodo.org/records/14983362,,
2016-03-26,14059.0,,,,zenodo,,https://zenodo.org/records/14983362,,
2016-03-27,13027.0,,,,zenodo,,https://zenodo.org/records/14983362,,
2016-03-28,14484.0,,,,zenodo,,https://zenodo.org/records/14983362,,
2016-03-29,14383.0,,,,zenodo,,https://zenodo.org/records/14983362,,
2016-03-30,14275.0,,,,zenodo,,https://zenodo.org/records/14983362,,
2016-03-31,14323.0,,,,zenodo,,https://zenodo.org/records/14983362,,
2016-04-01,14551.0,,,,zenodo,,https://zenodo.org/records/14983362,,
2016-04-02,14446.0,,,,zenodo,,https://zenodo.org/records/14983362,,
2016-04-03,13203.0,,,,zenodo,,https://zenodo.org/records/14983362,,
2016-04-04,14302.0,,,,zenodo,,https://zenodo.org/records/14983362,,
2016-04-05,14589.0,,,,zenodo,,https://zenodo.org/records/14983362,,
2016-04-06,14288.0,,,,zenodo,,https://zenodo.org/records/14983362,,
2016-04-07,14569.0,,,,zenodo,,https://zenodo.org/records/14983362,,
2016-04-08,14313.0,,,,zenodo,,https://zenodo.org/records/14983362,,
2016-04-09,13937.0,,,,zenodo,,https://zenodo.org/records/14983362,,
2016-04-10,13022.0,,,,zenodo,,https://zenodo.org/records/14983362,,
2016-04-11,14614.0,0.0,319.2,2016-04-12,grid_india_psp_report,files/grdw/uploads/download-manager-files/12.04.16_NLDC_PSP.pdf,https://webcdn.grid-india.in/files/grdw/uploads/download-manager-files/12.04.16_NLDC_PSP.pdf,2026-09-24T17:37:55.540960,ok
2016-04-12,14721.0,,,,zenodo,,https://zenodo.org/records/14983362,,
2016-04-13,14505.0,,,,zenodo,,https://zenodo.org/records/14983362,,
2016-04-14,13713.0,,,,zenodo,,https://zenodo.org/records/14983362,,
2016-04-15,14967.0,,,,zenodo,,https://zenodo.org/records/14983362,,
2016-04-16,14790.0,,,,zenodo,,https://zenodo.org/records/14983362,,
2016-04-17,13754.0,,,,zenodo,,https://zenodo.org/records/14983362,,
2016-04-18,14598.0,,,,zenodo,,https://zenodo.org/records/14983362,,
2016-04-19,14814.0,,,,zenodo,,https://zenodo.org/records/14983362,,
2016-04-20,14781.0,,,,zenodo,,https://zenodo.org/records/14983362,,
2016-04-21,15031.0,,,,zenodo,,https://zenodo.org/records/14983362,,
2016-04-22,14507.0,,,,zenodo,,https://zenodo.org/records/14983362,,
2016-04-23,14540.0,,,,zenodo,,https://zenodo.org/records/14983362,,
2016-04-24,13482.0,,,,zenodo,,https://zenodo.org/records/14983362,,
2016-04-25,14615.0,,,,zenodo,,https://zenodo.org/records/14983362,,
2016-04-26,14191.0,,,,zenodo,,https://zenodo.org/records/14983362,,
2016-04-27,14735.0,,,,zenodo,,https://zenodo.org/records/14983362,,
2016-04-28,15107.0,,,,zenodo,,https://zenodo.org/records/14983362,,
2016-04-29,15240.0,,,,zenodo,,https://zenodo.org/records/14983362,,
2016-04-30,14580.0,,,,zenodo,,https://zenodo.org/records/14983362,,
2016-05-01,13523.0,,,,zenodo,,https://zenodo.org/records/14983362,,
2016-05-02,14754.0,,,,zenodo,,https://zenodo.org/records/14983362,,
2016-05-03,14901.0,,,,zenodo,,https://zenodo.org/records/14983362,,
2016-05-04,14972.0,,,,zenodo,,https://zenodo.org/records/14983362,,
2016-05-05,15015.0,,,,zenodo,,https://zenodo.org/records/14983362,,
2016-05-06,14742.0,,,,zenodo,,https://zenodo.org/records/14983362,,
2016-05-07,14250.0,,,,zenodo,,https://zenodo.org/records/14983362,,
2016-05-08,12963.0,,,,zenodo,,https://zenodo.org/records/14983362,,
2016-05-09,14426.0,,,,zenodo,,https://zenodo.org/records/14983362,,
2016-05-10,14172.0,0.0,321.6,2016-05-11,grid_india_psp_report,files/grdw/uploads/download-manager-files/11.05.16_NLDC_PSP.pdf,https://webcdn.grid-india.in/files/grdw/uploads/download-manager-files/11.05.16_NLDC_PSP.pdf,2026-09-24T17:38:03.551707,ok
2016-05-11,13733.0,,,,zenodo,,https://zenodo.org/records/14983362,,
2016-05-12,14346.0,,,,zenodo,,https://zenodo.org/records/14983362,,
2016-05-13,14472.0,,,,zenodo,,https://zenodo.org/records/14983362,,
2016-05-14,14105.0,,,,zenodo,,https://zenodo.org/records/14983362,,
2016-05-15,13205.0,,,,zenodo,,https://zenodo.org/records/14983362,,
2016-05-16,10613.0,,,,zenodo,,https://zenodo.org/records/14983362,,
2016-05-17,11621.0,,,,zenodo,,https://zenodo.org/records/14983362,,
2016-05-18,11311.0,,,,zenodo,,https://zenodo.org/records/14983362,,
2016-05-19,11515.0,,,,zenodo,,https://zenodo.org/records/14983362,,
2016-05-20,12133.0,,,,zenodo,,https://zenodo.org/records/14983362,,
2016-05-21,12897.0,,,,zenodo,,https://zenodo.org/records/14983362,,
2016-05-22,12468.0,,,,zenodo,,https://zenodo.org/records/14983362,,
2016-05-23,13954.0,,,,zenodo,,https://zenodo.org/records/14983362,,
2016-05-24,14049.0,,,,zenodo,,https://zenodo.org/records/14983362,,
2016-05-25,14746.0,,,,zenodo,,https://zenodo.org/records/14983362,,
2016-05-26,14431.0,,,,zenodo,,https://zenodo.org/records/14983362,,
2016-05-27,14224.0,,,,zenodo,,https://zenodo.org/records/14983362,,
2016-05-28,13651.0,,,,zenodo,,https://zenodo.org/records/14983362,,
2016-05-29,12703.0,,,,zenodo,,https://zenodo.org/records/14983362,,
2016-05-30,13469.0,,,,zenodo,,https://zenodo.org/records/14983362,,
2016-05-31,13324.0,,,,zenodo,,https://zenodo.org/records/14983362,,
2016-06-01,13923.0,,,,zenodo,,https://zenodo.org/records/14983362,,
2016-06-02,13835.0,,,,zenodo,,https://zenodo.org/records/14983362,,
2016-06-03,13943.0,,,,zenodo,,https://zenodo.org/records/14983362,,
2016-06-04,13275.0,,,,zenodo,,https://zenodo.org/records/14983362,,
2016-06-05,12125.0,,,,zenodo,,https://zenodo.org/records/14983362,,
2016-06-06,13521.0,,,,zenodo,,https://zenodo.org/records/14983362,,
2016-06-07,13429.0,0.0,289.0,2016-06-08,grid_india_psp_report,files/grdw/uploads/download-manager-files/08.06.16_NLDC_PSP.pdf,https://webcdn.grid-india.in/files/grdw/uploads/download-manager-files/08.06.16_NLDC_PSP.pdf,2026-09-24T17:38:09.587203,ok
2016-06-08,12728.0,0.0,286.0,2016-06-09,grid_india_psp_report,files/grdw/uploads/download-manager-files/09.06.16_NLDC_PSP.pdf,https://webcdn.grid-india.in/files/grdw/uploads/download-manager-files/09.06.16_NLDC_PSP.pdf,2026-09-24T17:38:10.956785,ok
2016-06-09,13058.0,,,,zenodo,,https://zenodo.org/records/14983362,,
2016-06-10,13450.0,0.0,292.0,2016-06-11,grid_india_psp_report,files/grdw/uploads/download-manager-files/11.06.16_NLDC_PSP.pdf,https://webcdn.grid-india.in/files/grdw/uploads/download-manager-files/11.06.16_NLDC_PSP.pdf,2026-09-24T17:38:12.516578,ok
2016-06-11,13542.0,0.0,301.0,2016-06-12,grid_india_psp_report,files/grdw/uploads/download-manager-files/12.06.16_NLDC_PSP.pdf,https://webcdn.grid-india.in/files/grdw/uploads/download-manager-files/12.06.16_NLDC_PSP.pdf,2026-09-24T17:38:16.594085,ok
2016-06-12,13267.0,0.0,288.0,2016-06-13,grid_india_psp_report,files/grdw/uploads/download-manager-files/13.06.16_NLDC_PSP.pdf,https://webcdn.grid-india.in/files/grdw/uploads/download-manager-files/13.06.16_NLDC_PSP.pdf,2026-09-24T17:38:20.765624,ok
2016-06-13,13992.0,0.0,304.0,2016-06-14,grid_india_psp_report,files/grdw/uploads/download-manager-files/14.06.16_NLDC_PSP.pdf,https://webcdn.grid-india.in/files/grdw/uploads/download-manager-files/14.06.16_NLDC_PSP.pdf,2026-09-24T17:38:25.130648,ok
2016-06-14,14241.0,0.0,314.0,2016-06-15,grid_india_psp_report,files/grdw/uploads/download-manager-files/15.06.16_NLDC_PSP.pdf,https://webcdn.grid-india.in/files/grdw/uploads/download-manager-files/15.06.16_NLDC_PSP.pdf,2026-09-24T17:38:29.308862,ok
2016-06-15,14640.0,0.0,312.0,2016-06-16,grid_india_psp_report,files/grdw/uploads/download-manager-files/16.06.16_NLDC_PSP_R1.pdf,https://webcdn.grid-india.in/files/grdw/uploads/download-manager-files/16.06.16_NLDC_PSP_R1.pdf,2026-09-24T17:38:34.583316,ok
2016-06-16,14122.0,,,,zenodo,,https://zenodo.org/records/14983362,,
2016-06-17,14435.0,,,,zenodo,,https://zenodo.org/records/14983362,,
2016-06-18,13905.0,,,,zenodo,,https://zenodo.org/records/14983362,,
2016-06-19,12985.0,,,,zenodo,,https://zenodo.org/records/14983362,,
2016-06-20,13376.0,,,,zenodo,,https://zenodo.org/records/14983362,,
2016-06-21,13671.0,0.0,294.0,2016-06-22,grid_india_psp_report,files/grdw/uploads/download-manager-files/22.06.16_NLDC_PSP.pdf,https://webcdn.grid-india.in/files/grdw/uploads/download-manager-files/22.06.16_NLDC_PSP.pdf,2026-09-24T17:38:40.920418,ok
2016-06-22,13452.0,0.0,284.4,2016-06-23,grid_india_psp_report,files/grdw/uploads/download-manager-files/23.06.16_NLDC_PSP.pdf,https://webcdn.grid-india.in/files/grdw/uploads/download-manager-files/23.06.16_NLDC_PSP.pdf,2026-09-24T17:38:44.207237,ok
2016-06-23,12813.0,,,,zenodo,,https://zenodo.org/records/14983362,,
2016-06-24,13416.0,,,,zenodo,,https://zenodo.org/records/14983362,,
2016-06-25,12721.0,,,,zenodo,,https://zenodo.org/records/14983362,,
2016-06-27,13198.0,,,,zenodo,,https://zenodo.org/records/14983362,,
2016-06-28,12510.0,,,,zenodo,,https://zenodo.org/records/14983362,,
2016-06-29,13454.0,,,,zenodo,,https://zenodo.org/records/14983362,,
2016-06-30,13254.0,,,,zenodo,,https://zenodo.org/records/14983362,,
2016-07-01,13414.0,,,,zenodo,,https://zenodo.org/records/14983362,,
2016-07-02,13618.0,,,,zenodo,,https://zenodo.org/records/14983362,,
2016-07-03,12893.0,,,,zenodo,,https://zenodo.org/records/14983362,,
2016-07-04,13866.0,,,,zenodo,,https://zenodo.org/records/14983362,,
2016-07-05,14572.0,,,,zenodo,,https://zenodo.org/records/14983362,,
2016-07-06,14130.0,0.0,311.6,2016-07-07,grid_india_psp_report,files/grdw/uploads/download-manager-files/07.07.16_NLDC_PSP.pdf,https://webcdn.grid-india.in/files/grdw/uploads/download-manager-files/07.07.16_NLDC_PSP.pdf,2026-09-24T17:39:00.863497,ok
2016-07-07,14305.0,,,,zenodo,,https://zenodo.org/records/14983362,,
2016-07-08,13441.0,,,,zenodo,,https://zenodo.org/records/14983362,,
2016-07-09,13451.0,,,,zenodo,,https://zenodo.org/records/14983362,,
2016-07-10,12227.0,0.0,276.9,2016-07-11,grid_india_psp_report,files/grdw/uploads/download-manager-files/11.07.16_NLDC_PSP.pdf,https://webcdn.grid-india.in/files/grdw/uploads/download-manager-files/11.07.16_NLDC_PSP.pdf,2026-09-24T17:39:08.784333,ok
2016-07-11,13937.0,,,,zenodo,,https://zenodo.org/records/14983362,,
2016-07-12,13847.0,,,,zenodo,,https://zenodo.org/records/14983362,,
2016-07-13,14559.0,,,,zenodo,,https://zenodo.org/records/14983362,,
2016-07-14,14686.0,,,,zenodo,,https://zenodo.org/records/14983362,,
2016-07-15,14200.0,,,,zenodo,,https://zenodo.org/records/14983362,,
2016-07-16,13493.0,,,,zenodo,,https://zenodo.org/records/14983362,,
2016-07-17,12335.0,,,,zenodo,,https://zenodo.org/records/14983362,,
2016-07-18,13105.0,,,,zenodo,,https://zenodo.org/records/14983362,,
2016-07-19,13600.0,,,,zenodo,,https://zenodo.org/records/14983362,,
2016-07-20,13619.0,,,,zenodo,,https://zenodo.org/records/14983362,,
2016-07-21,13690.0,,,,zenodo,,https://zenodo.org/records/14983362,,
2016-07-22,13359.0,,,,zenodo,,https://zenodo.org/records/14983362,,
2016-07-23,13211.0,,,,zenodo,,https://zenodo.org/records/14983362,,
2016-07-24,12604.0,,,,zenodo,,https://zenodo.org/records/14983362,,
2016-07-25,13679.0,,,,zenodo,,https://zenodo.org/records/14983362,,
2016-07-26,13075.0,,,,zenodo,,https://zenodo.org/records/14983362,,
2016-07-27,12848.0,,,,zenodo,,https://zenodo.org/records/14983362,,
2016-07-28,13473.0,,,,zenodo,,https://zenodo.org/records/14983362,,
2016-07-29,12792.0,,,,zenodo,,https://zenodo.org/records/14983362,,
2016-07-30,12172.0,,,,zenodo,,https://zenodo.org/records/14983362,,
2016-07-31,11461.0,,,,zenodo,,https://zenodo.org/records/14983362,,
2016-08-01,13396.0,,,,zenodo,,https://zenodo.org/records/14983362,,
2016-08-02,13396.0,,,,zenodo,,https://zenodo.org/records/14983362,,
2016-08-03,13210.0,,,,zenodo,,https://zenodo.org/records/14983362,,
2016-08-04,13672.0,,,,zenodo,,https://zenodo.org/records/14983362,,
2016-08-05,13704.0,,,,zenodo,,https://zenodo.org/records/14983362,,
2016-08-06,13833.0,,,,zenodo,,https://zenodo.org/records/14983362,,
2016-08-07,12564.0,,,,zenodo,,https://zenodo.org/records/14983362,,
2016-08-08,14215.0,,,,zenodo,,https://zenodo.org/records/14983362,,
2016-08-09,14173.0,,,,zenodo,,https://zenodo.org/records/14983362,,
2016-08-10,13979.0,,,,zenodo,,https://zenodo.org/records/14983362,,
2016-08-11,14279.0,,,,zenodo,,https://zenodo.org/records/14983362,,
2016-08-12,14382.0,,,,zenodo,,https://zenodo.org/records/14983362,,
2016-08-13,13817.0,,,,zenodo,,https://zenodo.org/records/14983362,,
2016-08-14,12734.0,,,,zenodo,,https://zenodo.org/records/14983362,,
2016-08-15,12465.0,,,,zenodo,,https://zenodo.org/records/14983362,,
2016-08-16,13762.0,,,,zenodo,,https://zenodo.org/records/14983362,,
2016-08-17,13965.0,,,,zenodo,,https://zenodo.org/records/14983362,,
2016-08-18,14285.0,,,,zenodo,,https://zenodo.org/records/14983362,,
2016-08-19,14279.0,,,,zenodo,,https://zenodo.org/records/14983362,,
2016-08-20,14163.0,,,,zenodo,,https://zenodo.org/records/14983362,,
2016-08-21,13124.0,,,,zenodo,,https://zenodo.org/records/14983362,,
2016-08-22,14154.0,,,,zenodo,,https://zenodo.org/records/14983362,,
2016-08-23,14231.0,,,,zenodo,,https://zenodo.org/records/14983362,,
2016-08-24,14109.0,,,,zenodo,,https://zenodo.org/records/14983362,,
2016-08-25,14407.0,,,,zenodo,,https://zenodo.org/records/14983362,,
2016-08-26,13368.0,,,,zenodo,,https://zenodo.org/records/14983362,,
2016-08-27,13140.0,,,,zenodo,,https://zenodo.org/records/14983362,,
2016-08-28,11902.0,,,,zenodo,,https://zenodo.org/records/14983362,,
2016-08-29,13363.0,,,,zenodo,,https://zenodo.org/records/14983362,,
2016-08-30,13070.0,,,,zenodo,,https://zenodo.org/records/14983362,,
2016-08-31,12805.0,,,,zenodo,,https://zenodo.org/records/14983362,,
2016-09-01,12937.0,,,,zenodo,,https://zenodo.org/records/14983362,,
2016-09-02,12738.0,,,,zenodo,,https://zenodo.org/records/14983362,,
2016-09-03,12923.0,,,,zenodo,,https://zenodo.org/records/14983362,,
2016-09-04,11730.0,,,,zenodo,,https://zenodo.org/records/14983362,,
2016-09-05,12293.0,,,,zenodo,,https://zenodo.org/records/14983362,,
2016-09-06,13350.0,,,,zenodo,,https://zenodo.org/records/14983362,,
2016-09-07,13304.0,,,,zenodo,,https://zenodo.org/records/14983362,,
2016-09-08,13705.0,,,,zenodo,,https://zenodo.org/records/14983362,,
2016-09-09,13539.0,,,,zenodo,,https://zenodo.org/records/14983362,,
2016-09-10,14187.0,,,,zenodo,,https://zenodo.org/records/14983362,,
2016-09-11,12064.0,,,,zenodo,,https://zenodo.org/records/14983362,,
2016-09-12,13839.0,,,,zenodo,,https://zenodo.org/records/14983362,,
2016-09-13,13530.0,,,,zenodo,,https://zenodo.org/records/14983362,,
2016-09-14,13716.0,,,,zenodo,,https://zenodo.org/records/14983362,,
2016-09-15,13760.0,,,,zenodo,,https://zenodo.org/records/14983362,,
2016-09-16,13419.0,,,,zenodo,,https://zenodo.org/records/14983362,,
2016-09-17,13337.0,,,,zenodo,,https://zenodo.org/records/14983362,,
2016-09-18,12915.0,,,,zenodo,,https://zenodo.org/records/14983362,,
2016-09-19,14233.0,,,,zenodo,,https://zenodo.org/records/14983362,,
2016-09-20,13941.0,,,,zenodo,,https://zenodo.org/records/14983362,,
2016-09-21,13933.0,,,,zenodo,,https://zenodo.org/records/14983362,,
2016-09-22,13910.0,,,,zenodo,,https://zenodo.org/records/14983362,,
2016-09-23,14085.0,,,,zenodo,,https://zenodo.org/records/14983362,,
2016-09-24,13954.0,,,,zenodo,,https://zenodo.org/records/14983362,,
2016-09-25,13046.0,,,,zenodo,,https://zenodo.org/records/14983362,,
2016-09-26,14345.0,,,,zenodo,,https://zenodo.org/records/14983362,,
2016-09-27,14536.0,,,,zenodo,,https://zenodo.org/records/14983362,,
2016-09-28,14571.0,,,,zenodo,,https://zenodo.org/records/14983362,,
2016-09-29,13726.0,,,,zenodo,,https://zenodo.org/records/14983362,,
2016-09-30,13710.0,,,,zenodo,,https://zenodo.org/records/14983362,,
2016-10-01,13804.0,,,,zenodo,,https://zenodo.org/records/14983362,,
2016-10-02,11997.0,,,,zenodo,,https://zenodo.org/records/14983362,,
2016-10-03,14574.0,,,,zenodo,,https://zenodo.org/records/14983362,,
2016-10-04,14688.0,,,,zenodo,,https://zenodo.org/records/14983362,,
2016-10-05,14044.0,,,,zenodo,,https://zenodo.org/records/14983362,,
2016-10-06,14365.0,,,,zenodo,,https://zenodo.org/records/14983362,,
2016-10-07,14161.0,,,,zenodo,,https://zenodo.org/records/14983362,,
2016-10-08,14359.0,,,,zenodo,,https://zenodo.org/records/14983362,,
2016-10-09,12586.0,,,,zenodo,,https://zenodo.org/records/14983362,,
2016-10-10,11655.0,,,,zenodo,,https://zenodo.org/records/14983362,,
2016-10-11,12472.0,,,,zenodo,,https://zenodo.org/records/14983362,,
2016-10-12,13848.0,,,,zenodo,,https://zenodo.org/records/14983362,,
2016-10-13,13625.0,0.0,292.9,2016-10-14,grid_india_psp_report,files/grdw/uploads/download-manager-files/14.10.16_NLDC_PSP.pdf,https://webcdn.grid-india.in/files/grdw/uploads/download-manager-files/14.10.16_NLDC_PSP.pdf,2026-09-24T17:39:16.887335,ok
2016-10-14,12900.0,,,,zenodo,,https://zenodo.org/records/14983362,,
2016-10-15,13570.0,,,,zenodo,,https://zenodo.org/records/14983362,,
2016-10-16,12492.0,,,,zenodo,,https://zenodo.org/records/14983362,,
2016-10-17,13757.0,,,,zenodo,,https://zenodo.org/records/14983362,,
2016-10-18,14005.0,,,,zenodo,,https://zenodo.org/records/14983362,,
2016-10-19,14441.0,,,,zenodo,,https://zenodo.org/records/14983362,,
2016-10-20,13839.0,,,,zenodo,,https://zenodo.org/records/14983362,,
2016-10-21,13436.0,,,,zenodo,,https://zenodo.org/records/14983362,,
2016-10-22,13821.0,,,,zenodo,,https://zenodo.org/records/14983362,,
2016-10-23,13136.0,,,,zenodo,,https://zenodo.org/records/14983362,,
2016-10-24,13490.0,,,,zenodo,,https://zenodo.org/records/14983362,,
2016-10-25,13966.0,,,,zenodo,,https://zenodo.org/records/14983362,,
2016-10-26,14067.0,,,,zenodo,,https://zenodo.org/records/14983362,,
2016-10-27,13668.0,,,,zenodo,,https://zenodo.org/records/14983362,,
2016-10-28,12588.0,,,,zenodo,,https://zenodo.org/records/14983362,,
2016-10-29,10655.0,,,,zenodo,,https://zenodo.org/records/14983362,,
2016-10-30,10441.0,,,,zenodo,,https://zenodo.org/records/14983362,,
2016-10-31,11884.0,,,,zenodo,,https://zenodo.org/records/14983362,,
2016-11-02,12334.0,,,,zenodo,,https://zenodo.org/records/14983362,,
2016-11-03,12894.0,,,,zenodo,,https://zenodo.org/records/14983362,,
2016-11-04,12972.0,,,,zenodo,,https://zenodo.org/records/14983362,,
2016-11-05,12716.0,,,,zenodo,,https://zenodo.org/records/14983362,,
2016-11-06,11966.0,,,,zenodo,,https://zenodo.org/records/14983362,,
2016-11-07,13593.0,,,,zenodo,,https://zenodo.org/records/14983362,,
2016-11-08,13601.0,,,,zenodo,,https://zenodo.org/records/14983362,,
2016-11-09,13308.0,,,,zenodo,,https://zenodo.org/records/14983362,,
2016-11-10,13674.0,,,,zenodo,,https://zenodo.org/records/14983362,,
2016-11-11,13410.0,,,,zenodo,,https://zenodo.org/records/14983362,,
2016-11-12,13339.0,,,,zenodo,,https://zenodo.org/records/14983362,,
2016-11-13,11975.0,,,,zenodo,,https://zenodo.org/records/14983362,,
2016-11-14,13472.0,,,,zenodo,,https://zenodo.org/records/14983362,,
2016-11-16,13520.0,,,,zenodo,,https://zenodo.org/records/14983362,,
2016-11-17,13375.0,,,,zenodo,,https://zenodo.org/records/14983362,,
2016-11-18,13258.0,,,,zenodo,,https://zenodo.org/records/14983362,,
2016-11-19,13470.0,,,,zenodo,,https://zenodo.org/records/14983362,,
2016-11-20,12201.0,,,,zenodo,,https://zenodo.org/records/14983362,,
2016-11-21,13813.0,,,,zenodo,,https://zenodo.org/records/14983362,,
2016-11-22,13917.0,,,,zenodo,,https://zenodo.org/records/14983362,,
2016-11-23,13801.0,0.0,298.4,2016-11-24,grid_india_psp_report,files/grdw/uploads/download-manager-files/24.11.16_NLDC_PSP.pdf,https://webcdn.grid-india.in/files/grdw/uploads/download-manager-files/24.11.16_NLDC_PSP.pdf,2026-09-24T17:39:43.104626,ok
2016-11-24,14163.0,,,,zenodo,,https://zenodo.org/records/14983362,,
2016-11-25,13581.0,,,,zenodo,,https://zenodo.org/records/14983362,,
2016-11-26,13472.0,,,,zenodo,,https://zenodo.org/records/14983362,,
2016-11-27,12388.0,,,,zenodo,,https://zenodo.org/records/14983362,,
2016-11-28,13331.0,,,,zenodo,,https://zenodo.org/records/14983362,,
2016-11-29,13332.0,,,,zenodo,,https://zenodo.org/records/14983362,,
2016-11-30,13366.0,,,,zenodo,,https://zenodo.org/records/14983362,,
2016-12-01,11704.0,,,,zenodo,,https://zenodo.org/records/14983362,,
2016-12-02,11643.0,,,,zenodo,,https://zenodo.org/records/14983362,,
2016-12-03,11626.0,,,,zenodo,,https://zenodo.org/records/14983362,,
2016-12-04,10712.0,,,,zenodo,,https://zenodo.org/records/14983362,,
2016-12-05,11976.0,,,,zenodo,,https://zenodo.org/records/14983362,,
2016-12-06,9985.0,,,,zenodo,,https://zenodo.org/records/14983362,,
2016-12-07,12306.0,,,,zenodo,,https://zenodo.org/records/14983362,,
2016-12-08,12909.0,,,,zenodo,,https://zenodo.org/records/14983362,,
2016-12-09,12468.0,,,,zenodo,,https://zenodo.org/records/14983362,,
2016-12-10,13112.0,,,,zenodo,,https://zenodo.org/records/14983362,,
2016-12-11,12396.0,,,,zenodo,,https://zenodo.org/records/14983362,,
2016-12-12,11761.0,,,,zenodo,,https://zenodo.org/records/14983362,,
2016-12-13,9608.0,0.0,200.2,2016-12-14,grid_india_psp_report,files/grdw/uploads/download-manager-files/14.12.16_NLDC_PSP.pdf,https://webcdn.grid-india.in/files/grdw/uploads/download-manager-files/14.12.16_NLDC_PSP.pdf,2026-09-24T17:39:51.986898,ok
2016-12-14,11024.0,,,,zenodo,,https://zenodo.org/records/14983362,,
2016-12-15,10872.0,0.0,239.0,2016-12-16,grid_india_psp_report,files/grdw/uploads/download-manager-files/16.12.16_NLDC_PSP.pdf,https://webcdn.grid-india.in/files/grdw/uploads/download-manager-files/16.12.16_NLDC_PSP.pdf,2026-09-24T17:39:56.380244,ok
2016-12-16,11444.0,,,,zenodo,,https://zenodo.org/records/14983362,,
2016-12-17,11620.0,,,,zenodo,,https://zenodo.org/records/14983362,,
2016-12-18,11534.0,,,,zenodo,,https://zenodo.org/records/14983362,,
2016-12-19,12105.0,,,,zenodo,,https://zenodo.org/records/14983362,,
2016-12-20,12173.0,,,,zenodo,,https://zenodo.org/records/14983362,,
2016-12-21,12846.0,,,,zenodo,,https://zenodo.org/records/14983362,,
2016-12-22,12965.0,,,,zenodo,,https://zenodo.org/records/14983362,,
2016-12-23,13075.0,,,,zenodo,,https://zenodo.org/records/14983362,,
2016-12-24,13015.0,,,,zenodo,,https://zenodo.org/records/14983362,,
2016-12-25,11633.0,,,,zenodo,,https://zenodo.org/records/14983362,,
2016-12-26,13070.0,,,,zenodo,,https://zenodo.org/records/14983362,,
2016-12-27,13241.0,,,,zenodo,,https://zenodo.org/records/14983362,,
2016-12-28,13033.0,,,,zenodo,,https://zenodo.org/records/14983362,,
2016-12-29,13584.0,,,,zenodo,,https://zenodo.org/records/14983362,,
2016-12-30,12979.0,,,,zenodo,,https://zenodo.org/records/14983362,,
2016-12-31,13245.0,,,,zenodo,,https://zenodo.org/records/14983362,,
2017-01-01,12352.0,0.0,257.1,2017-01-02,grid_india_psp_report,files/grdw/uploads/download-manager-files/02.01.17_NLDC_PSP.pdf,https://webcdn.grid-india.in/files/grdw/uploads/download-manager-files/02.01.17_NLDC_PSP.pdf,2026-09-24T17:40:04.300698,ok
2017-01-02,13209.0,,,,zenodo,,https://zenodo.org/records/14983362,,
2017-01-03,13535.0,,,,zenodo,,https://zenodo.org/records/14983362,,
2017-01-04,13505.0,,,,zenodo,,https://zenodo.org/records/14983362,,
2017-01-05,13840.0,,,,zenodo,,https://zenodo.org/records/14983362,,
2017-01-06,14008.0,,,,zenodo,,https://zenodo.org/records/14983362,,
2017-01-07,13408.0,,,,zenodo,,https://zenodo.org/records/14983362,,
2017-01-08,12441.0,0.0,269.0,2017-01-09,grid_india_psp_report,files/grdw/uploads/download-manager-files/09.01.17_NLDC_PSP.pdf,https://webcdn.grid-india.in/files/grdw/uploads/download-manager-files/09.01.17_NLDC_PSP.pdf,2026-09-24T17:40:14.935617,ok
2017-01-09,13224.0,,,,zenodo,,https://zenodo.org/records/14983362,,
2017-01-10,13430.0,,,,zenodo,,https://zenodo.org/records/14983362,,
2017-01-11,13432.0,,,,zenodo,,https://zenodo.org/records/14983362,,
2017-01-12,13395.0,,,,zenodo,,https://zenodo.org/records/14983362,,
2017-01-13,13545.0,,,,zenodo,,https://zenodo.org/records/14983362,,
2017-01-14,11964.0,,,,zenodo,,https://zenodo.org/records/14983362,,
2017-01-15,10783.0,,,,zenodo,,https://zenodo.org/records/14983362,,
2017-01-16,11573.0,,,,zenodo,,https://zenodo.org/records/14983362,,
2017-01-17,12984.0,,,,zenodo,,https://zenodo.org/records/14983362,,
2017-01-18,12878.0,,,,zenodo,,https://zenodo.org/records/14983362,,
2017-01-19,13401.0,,,,zenodo,,https://zenodo.org/records/14983362,,
2017-01-20,13040.0,,,,zenodo,,https://zenodo.org/records/14983362,,
2017-01-21,12236.0,,,,zenodo,,https://zenodo.org/records/14983362,,
2017-01-22,11848.0,,,,zenodo,,https://zenodo.org/records/14983362,,
2017-01-23,12506.0,,,,zenodo,,https://zenodo.org/records/14983362,,
2017-01-24,13273.0,,,,zenodo,,https://zenodo.org/records/14983362,,
2017-01-25,12780.0,,,,zenodo,,https://zenodo.org/records/14983362,,
2017-01-26,11637.0,,,,zenodo,,https://zenodo.org/records/14983362,,
2017-01-27,12004.0,,,,zenodo,,https://zenodo.org/records/14983362,,
2017-01-28,11871.0,0.0,252.1,2017-01-29,grid_india_psp_report,files/grdw/uploads/download-manager-files/29.01.17_NLDC_PSP.pdf,https://webcdn.grid-india.in/files/grdw/uploads/download-manager-files/29.01.17_NLDC_PSP.pdf,2026-09-24T17:40:21.819760,ok
2017-01-29,11004.0,0.0,233.8,2017-01-30,grid_india_psp_report,files/grdw/uploads/download-manager-files/30.01.17_NLDC_PSP.pdf,https://webcdn.grid-india.in/files/grdw/uploads/download-manager-files/30.01.17_NLDC_PSP.pdf,2026-09-24T17:40:24.663955,ok
2017-01-30,12350.0,0.0,254.0,2017-01-31,grid_india_psp_report,files/grdw/uploads/download-manager-files/31.01.17_NLDC_PSP.pdf,https://webcdn.grid-india.in/files/grdw/uploads/download-manager-files/31.01.17_NLDC_PSP.pdf,2026-09-24T17:40:27.429083,ok
2017-01-31,12444.0,0.0,264.0,2017-02-01,grid_india_psp_report,files/grdw/uploads/download-manager-files/01.02.17_NLDC_PSP.pdf,https://webcdn.grid-india.in/files/grdw/uploads/download-manager-files/01.02.17_NLDC_PSP.pdf,2026-09-24T17:40:30.387801,ok
2017-02-01,12518.0,0.0,267.5,2017-02-02,grid_india_psp_report,files/grdw/uploads/download-manager-files/02.02.17_NLDC_PSP.pdf,https://webcdn.grid-india.in/files/grdw/uploads/download-manager-files/02.02.17_NLDC_PSP.pdf,2026-09-24T17:40:33.177910,ok
2017-02-02,12707.0,,,,zenodo,,https://zenodo.org/records/14983362,,
2017-02-03,13116.0,,,,zenodo,,https://zenodo.org/records/14983362,,
2017-02-04,12781.0,,,,zenodo,,https://zenodo.org/records/14983362,,
2017-02-05,11932.0,,,,zenodo,,https://zenodo.org/records/14983362,,
2017-02-06,12610.0,0.0,265.5,2017-02-07,grid_india_psp_report,files/grdw/uploads/download-manager-files/07.02.17_NLDC_PSP.pdf,https://webcdn.grid-india.in/files/grdw/uploads/download-manager-files/07.02.17_NLDC_PSP.pdf,2026-09-24T17:40:40.101822,ok
2017-02-07,12929.0,,,,zenodo,,https://zenodo.org/records/14983362,,
2017-02-08,13307.0,,,,zenodo,,https://zenodo.org/records/14983362,,
2017-02-09,13295.0,,,,zenodo,,https://zenodo.org/records/14983362,,
2017-02-10,13529.0,,,,zenodo,,https://zenodo.org/records/14983362,,
2017-02-11,13056.0,0.0,283.2,2017-02-12,grid_india_psp_report,files/grdw/uploads/download-manager-files/12.02.17_NLDC_PSP.pdf,https://webcdn.grid-india.in/files/grdw/uploads/download-manager-files/12.02.17_NLDC_PSP.pdf,2026-09-24T17:40:41.314053,ok
2017-02-12,12044.0,0.0,261.3,2017-02-13,grid_india_psp_report,files/grdw/uploads/download-manager-files/13.02.17_NLDC_PSP%20.pdf,https://webcdn.grid-india.in/files/grdw/uploads/download-manager-files/13.02.17_NLDC_PSP%20.pdf,2026-09-24T17:40:44.041196,ok
2017-02-15,13273.0,0.0,288.3,2017-02-16,grid_india_psp_report,files/grdw/uploads/download-manager-files/16.02.17_NLDC_PSP.pdf,https://webcdn.grid-india.in/files/grdw/uploads/download-manager-files/16.02.17_NLDC_PSP.pdf,2026-09-24T17:40:48.301535,ok
2017-02-17,13269.0,0.0,283.1,2017-02-18,grid_india_psp_report,files/grdw/uploads/download-manager-files/18.02.17_NLDC_PSP.pdf,https://webcdn.grid-india.in/files/grdw/uploads/download-manager-files/18.02.17_NLDC_PSP.pdf,2026-09-24T17:40:50.926930,ok
2017-02-18,13309.0,0.0,286.0,2017-02-19,grid_india_psp_report,files/grdw/uploads/download-manager-files/19.02.17_NLDC_PSP.pdf,https://webcdn.grid-india.in/files/grdw/uploads/download-manager-files/19.02.17_NLDC_PSP.pdf,2026-09-24T17:40:53.000346,ok
2017-02-19,12442.0,0.0,267.4,2017-02-20,grid_india_psp_report,files/grdw/uploads/download-manager-files/20.02.17_NLDC_PSP.pdf,https://webcdn.grid-india.in/files/grdw/uploads/download-manager-files/20.02.17_NLDC_PSP.pdf,2026-09-24T17:40:54.932637,ok
2017-02-20,13552.0,,,,zenodo,,https://zenodo.org/records/14983362,,
2017-02-21,13954.0,,,,zenodo,,https://zenodo.org/records/14983362,,
2017-02-22,13425.0,,,,zenodo,,https://zenodo.org/records/14983362,,
2017-02-23,13365.0,,,,zenodo,,https://zenodo.org/records/14983362,,
2017-02-24,13431.0,,,,zenodo,,https://zenodo.org/records/14983362,,
2017-02-25,13465.0,,,,zenodo,,https://zenodo.org/records/14983362,,
2017-02-26,12707.0,,,,zenodo,,https://zenodo.org/records/14983362,,
2017-02-27,13620.0,,,,zenodo,,https://zenodo.org/records/14983362,,
2017-02-28,13570.0,0.0,294.3,2017-03-01,grid_india_psp_report,files/grdw/uploads/download-manager-files/01.03.17_NLDC_PSP.pdf,https://webcdn.grid-india.in/files/grdw/uploads/download-manager-files/01.03.17_NLDC_PSP.pdf,2026-09-24T17:41:01.333802,ok
2017-03-01,13343.0,,,,zenodo,,https://zenodo.org/records/14983362,,
2017-03-03,13350.0,,,,zenodo,,https://zenodo.org/records/14983362,,
2017-03-04,13483.0,,,,zenodo,,https://zenodo.org/records/14983362,,
2017-03-05,12044.0,,,,zenodo,,https://zenodo.org/records/14983362,,
2017-03-06,13542.0,,,,zenodo,,https://zenodo.org/records/14983362,,
2017-03-07,13957.0,0.0,299.7,2017-03-08,grid_india_psp_report,files/grdw/uploads/download-manager-files/08.03.17_NLDC_PSP.pdf,https://webcdn.grid-india.in/files/grdw/uploads/download-manager-files/08.03.17_NLDC_PSP.pdf,2026-09-24T17:41:15.872517,ok
2017-03-08,13442.0,,,,zenodo,,https://zenodo.org/records/14983362,,
2017-03-09,13821.0,,,,zenodo,,https://zenodo.org/records/14983362,,
2017-03-10,13530.0,,,,zenodo,,https://zenodo.org/records/14983362,,
2017-03-11,13370.0,,,,zenodo,,https://zenodo.org/records/14983362,,
2017-03-12,12123.0,,,,zenodo,,https://zenodo.org/records/14983362,,
2017-03-13,13252.0,,,,zenodo,,https://zenodo.org/records/14983362,,
2017-03-14,13535.0,,,,zenodo,,https://zenodo.org/records/14983362,,
2017-03-15,13624.0,0.0,294.9,2017-03-16,grid_india_psp_report,files/grdw/uploads/download-manager-files/16.03.17_NLDC_PSP.pdf,https://webcdn.grid-india.in/files/grdw/uploads/download-manager-files/16.03.17_NLDC_PSP.pdf,2026-09-24T17:41:23.157940,ok
2017-03-16,13878.0,,,,zenodo,,https://zenodo.org/records/14983362,,
2017-03-17,14135.0,0.0,307.8,2017-03-18,grid_india_psp_report,files/grdw/uploads/download-manager-files/18.03.17_NLDC_PSP.pdf,https://webcdn.grid-india.in/files/grdw/uploads/download-manager-files/18.03.17_NLDC_PSP.pdf,2026-09-24T17:41:27.640918,ok
2017-03-18,13976.0,0.0,307.0,2017-03-19,grid_india_psp_report,files/grdw/uploads/download-manager-files/19.03.17_NLDC_PSP.pdf,https://webcdn.grid-india.in/files/grdw/uploads/download-manager-files/19.03.17_NLDC_PSP.pdf,2026-09-24T17:41:30.631665,ok
2017-03-19,12672.0,0.0,288.8,2017-03-20,grid_india_psp_report,files/grdw/uploads/download-manager-files/20.03.17_NLDC_PSP.pdf,https://webcdn.grid-india.in/files/grdw/uploads/download-manager-files/20.03.17_NLDC_PSP.pdf,2026-09-24T17:41:33.387223,ok
2017-03-20,14572.0,0.0,310.1,2017-03-21,grid_india_psp_report,files/grdw/uploads/download-manager-files/21.03.17_NLDC_PSP.pdf,https://webcdn.grid-india.in/files/grdw/uploads/download-manager-files/21.03.17_NLDC_PSP.pdf,2026-09-24T17:41:35.705411,ok
2017-03-21,14334.0,0.0,313.7,2017-03-22,grid_india_psp_report,files/grdw/uploads/download-manager-files/22.03.17%20NLDC%20PSP.pdf,https://webcdn.grid-india.in/files/grdw/uploads/download-manager-files/22.03.17%20NLDC%20PSP.pdf,2026-09-24T17:41:38.335985,ok
2017-03-22,14497.0,0.0,316.2,2017-03-23,grid_india_psp_report,files/grdw/uploads/download-manager-files/23.03.17_NLDC_PSP_H&E_1.pdf,https://webcdn.grid-india.in/files/grdw/uploads/download-manager-files/23.03.17_NLDC_PSP_H&E_1.pdf,2026-09-24T17:41:42.531705,ok
2017-03-23,14206.0,0.0,316.5,2017-03-24,grid_india_psp_report,files/grdw/uploads/download-manager-files/24.03.17_NLDC_PSP.pdf,https://webcdn.grid-india.in/files/grdw/uploads/download-manager-files/24.03.17_NLDC_PSP.pdf,2026-09-24T17:41:44.943743,ok
2017-03-24,14440.0,,,,zenodo,,https://zenodo.org/records/14983362,,
2017-03-25,14005.0,,,,zenodo,,https://zenodo.org/records/14983362,,
2017-03-26,13348.0,,,,zenodo,,https://zenodo.org/records/14983362,,
2017-03-27,14122.0,,,,zenodo,,https://zenodo.org/records/14983362,,
2017-03-28,14442.0,,,,zenodo,,https://zenodo.org/records/14983362,,
2017-03-29,14584.0,0.0,322.1,2017-03-30,grid_india_psp_report,files/grdw/uploads/download-manager-files/30.03.17_NLDC_PSP.pdf,https://webcdn.grid-india.in/files/grdw/uploads/download-manager-files/30.03.17_NLDC_PSP.pdf,2026-09-24T17:41:54.348447,ok
2017-03-30,14311.0,,,,zenodo,,https://zenodo.org/records/14983362,,
2017-03-31,14259.0,,,,zenodo,,https://zenodo.org/records/14983362,,
2017-04-01,13614.0,,,,zenodo,,https://zenodo.org/records/14983362,,
2017-04-02,12610.0,0.0,294.5,2017-04-03,grid_india_psp_report,files/grdw/uploads/download-manager-files/03.04.17_NLDC_PSP.pdf,https://webcdn.grid-india.in/files/grdw/uploads/download-manager-files/03.04.17_NLDC_PSP.pdf,2026-09-24T17:42:03.760127,ok
2017-04-03,14368.0,,,,zenodo,,https://zenodo.org/records/14983362,,
2017-04-04,14224.0,,,,zenodo,,https://zenodo.org/records/14983362,,
2017-04-05,14905.0,,,,zenodo,,https://zenodo.org/records/14983362,,
2017-04-06,14878.0,,,,zenodo,,https://zenodo.org/records/14983362,,
2017-04-07,14799.0,,,,zenodo,,https://zenodo.org/records/14983362,,
2017-04-08,15109.0,,,,zenodo,,https://zenodo.org/records/14983362,,
2017-04-09,13197.0,,,,zenodo,,https://zenodo.org/records/14983362,,
2017-04-10,14778.0,,,,zenodo,,https://zenodo.org/records/14983362,,
2017-04-11,14319.0,,,,zenodo,,https://zenodo.org/records/14983362,,
2017-04-12,14746.0,,,,zenodo,,https://zenodo.org/records/14983362,,
2017-04-13,14702.0,,,,zenodo,,https://zenodo.org/records/14983362,,
2017-04-14,13635.0,,,,zenodo,,https://zenodo.org/records/14983362,,
2017-04-16,13130.0,,,,zenodo,,https://zenodo.org/records/14983362,,
2017-04-17,14085.0,,,,zenodo,,https://zenodo.org/records/14983362,,
2017-04-18,14696.0,,,,zenodo,,https://zenodo.org/records/14983362,,
2017-04-19,15230.0,,,,zenodo,,https://zenodo.org/records/14983362,,
2017-04-20,14801.0,,,,zenodo,,https://zenodo.org/records/14983362,,
2017-04-21,14819.0,,,,zenodo,,https://zenodo.org/records/14983362,,
2017-04-22,14270.0,,,,zenodo,,https://zenodo.org/records/14983362,,
2017-04-23,13514.0,,,,zenodo,,https://zenodo.org/records/14983362,,
2017-04-24,14179.0,,,,zenodo,,https://zenodo.org/records/14983362,,
2017-04-25,13919.0,,,,zenodo,,https://zenodo.org/records/14983362,,
2017-04-26,14318.0,,,,zenodo,,https://zenodo.org/records/14983362,,
2017-04-27,15361.0,,,,zenodo,,https://zenodo.org/records/14983362,,
2017-04-28,14992.0,,,,zenodo,,https://zenodo.org/records/14983362,,
2017-04-29,14580.0,,,,zenodo,,https://zenodo.org/records/14983362,,
2017-04-30,13418.0,,,,zenodo,,https://zenodo.org/records/14983362,,
2017-05-01,12738.0,,,,zenodo,,https://zenodo.org/records/14983362,,
2017-05-02,14501.0,,,,zenodo,,https://zenodo.org/records/14983362,,
2017-05-03,14796.0,,,,zenodo,,https://zenodo.org/records/14983362,,
2017-05-04,14530.0,,,,zenodo,,https://zenodo.org/records/14983362,,
2017-05-05,14742.0,,,,zenodo,,https://zenodo.org/records/14983362,,
2017-05-06,14357.0,,,,zenodo,,https://zenodo.org/records/14983362,,
2017-05-07,13522.0,,,,zenodo,,https://zenodo.org/records/14983362,,
2017-05-08,14652.0,,,,zenodo,,https://zenodo.org/records/14983362,,
2017-05-09,14583.0,,,,zenodo,,https://zenodo.org/records/14983362,,
2017-05-10,13793.0,,,,zenodo,,https://zenodo.org/records/14983362,,
2017-05-11,14273.0,,,,zenodo,,https://zenodo.org/records/14983362,,
2017-05-12,14212.0,,,,zenodo,,https://zenodo.org/records/14983362,,
2017-05-13,14169.0,0.0,315.3,2017-05-14,grid_india_psp_report,files/grdw/uploads/download-manager-files/14.05.17_NLDC_PSP.pdf,https://webcdn.grid-india.in/files/grdw/uploads/download-manager-files/14.05.17_NLDC_PSP.pdf,2026-09-24T17:42:22.062668,ok
2017-05-14,13274.0,,,,zenodo,,https://zenodo.org/records/14983362,,
2017-05-15,14599.0,,,,zenodo,,https://zenodo.org/records/14983362,,
2017-05-16,15035.0,,,,zenodo,,https://zenodo.org/records/14983362,,
2017-05-17,14531.0,,,,zenodo,,https://zenodo.org/records/14983362,,
2017-05-18,13921.0,,,,zenodo,,https://zenodo.org/records/14983362,,
2017-05-19,14274.0,,,,zenodo,,https://zenodo.org/records/14983362,,
2017-05-20,13953.0,,,,zenodo,,https://zenodo.org/records/14983362,,
2017-05-21,13111.0,0.0,290.0,2017-05-22,grid_india_psp_report,files/grdw/uploads/download-manager-files/22.05.17_NLDC_PSP.pdf,https://webcdn.grid-india.in/files/grdw/uploads/download-manager-files/22.05.17_NLDC_PSP.pdf,2026-09-24T17:42:34.060747,ok
2017-05-22,14511.0,,,,zenodo,,https://zenodo.org/records/14983362,,
2017-05-23,14710.0,,,,zenodo,,https://zenodo.org/records/14983362,,
2017-05-24,14074.0,,,,zenodo,,https://zenodo.org/records/14983362,,
2017-05-25,13952.0,0.0,314.4,2017-05-26,grid_india_psp_report,files/grdw/uploads/download-manager-files/26.05.17_NLDC_PSP.pdf,https://webcdn.grid-india.in/files/grdw/uploads/download-manager-files/26.05.17_NLDC_PSP.pdf,2026-09-24T17:42:42.984086,ok
2017-05-26,13737.0,,,,zenodo,,https://zenodo.org/records/14983362,,
2017-05-27,14043.0,,,,zenodo,,https://zenodo.org/records/14983362,,
2017-05-28,13014.0,,,,zenodo,,https://zenodo.org/records/14983362,,
2017-05-29,14679.0,,,,zenodo,,https://zenodo.org/records/14983362,,
2017-05-30,14308.0,,,,zenodo,,https://zenodo.org/records/14983362,,
2017-05-31,14629.0,,,,zenodo,,https://zenodo.org/records/14983362,,
2017-06-01,14209.0,,,,zenodo,,https://zenodo.org/records/14983362,,
2017-06-02,14252.0,,,,zenodo,,https://zenodo.org/records/14983362,,
2017-06-03,14226.0,,,,zenodo,,https://zenodo.org/records/14983362,,
2017-06-04,13080.0,,,,zenodo,,https://zenodo.org/records/14983362,,
2017-06-05,14776.0,0.0,316.5,2017-06-06,grid_india_psp_report,files/grdw/uploads/download-manager-files/06.06.17_NLDC_PSP.pdf,https://webcdn.grid-india.in/files/grdw/uploads/download-manager-files/06.06.17_NLDC_PSP.pdf,2026-09-24T17:42:51.173456,ok
2017-06-06,13781.0,,,,zenodo,,https://zenodo.org/records/14983362,,
2017-06-07,13202.0,,,,zenodo,,https://zenodo.org/records/14983362,,
2017-06-08,13920.0,,,,zenodo,,https://zenodo.org/records/14983362,,
2017-06-09,13993.0,,,,zenodo,,https://zenodo.org/records/14983362,,
2017-06-10,13676.0,,,,zenodo,,https://zenodo.org/records/14983362,,
2017-06-11,12848.0,,,,zenodo,,https://zenodo.org/records/14983362,,
2017-06-12,14136.0,,,,zenodo,,https://zenodo.org/records/14983362,,
2017-06-13,13751.0,,,,zenodo,,https://zenodo.org/records/14983362,,
2017-06-14,14079.0,,,,zenodo,,https://zenodo.org/records/14983362,,
2017-06-15,14214.0,,,,zenodo,,https://zenodo.org/records/14983362,,
2017-06-17,14188.0,,,,zenodo,,https://zenodo.org/records/14983362,,
2017-06-18,13087.0,,,,zenodo,,https://zenodo.org/records/14983362,,
2017-06-19,14116.0,,,,zenodo,,https://zenodo.org/records/14983362,,
2017-06-20,14202.0,,,,zenodo,,https://zenodo.org/records/14983362,,
2017-06-21,14011.0,,,,zenodo,,https://zenodo.org/records/14983362,,
2017-06-22,14153.0,,,,zenodo,,https://zenodo.org/records/14983362,,
2017-06-23,14012.0,,,,zenodo,,https://zenodo.org/records/14983362,,
2017-06-24,13508.0,,,,zenodo,,https://zenodo.org/records/14983362,,
2017-06-25,12341.0,,,,zenodo,,https://zenodo.org/records/14983362,,
2017-06-26,12667.0,,,,zenodo,,https://zenodo.org/records/14983362,,
2017-06-27,13729.0,,,,zenodo,,https://zenodo.org/records/14983362,,
2017-06-28,13975.0,,,,zenodo,,https://zenodo.org/records/14983362,,
2017-06-29,14237.0,,,,zenodo,,https://zenodo.org/records/14983362,,
2017-06-30,14157.0,,,,zenodo,,https://zenodo.org/records/14983362,,
2017-07-01,13854.0,,,,zenodo,,https://zenodo.org/records/14983362,,
2017-07-02,12747.0,,,,zenodo,,https://zenodo.org/records/14983362,,
2017-07-03,13878.0,,,,zenodo,,https://zenodo.org/records/14983362,,
2017-07-04,14371.0,,,,zenodo,,https://zenodo.org/records/14983362,,
2017-07-05,14462.0,0.0,310.5,2017-07-06,grid_india_psp_report,files/grdw/uploads/download-manager-files/06.07.17_NLDC_PSP.pdf,https://webcdn.grid-india.in/files/grdw/uploads/download-manager-files/06.07.17_NLDC_PSP.pdf,2026-09-24T17:43:08.327453,ok
2017-07-06,14111.0,,,,zenodo,,https://zenodo.org/records/14983362,,
2017-07-07,13842.0,,,,zenodo,,https://zenodo.org/records/14983362,,
2017-07-08,13453.0,,,,zenodo,,https://zenodo.org/records/14983362,,
2017-07-09,12224.0,,,,zenodo,,https://zenodo.org/records/14983362,,
2017-07-10,13734.0,,,,zenodo,,https://zenodo.org/records/14983362,,
2017-07-11,13847.0,,,,zenodo,,https://zenodo.org/records/14983362,,
2017-07-12,13467.0,,,,zenodo,,https://zenodo.org/records/14983362,,
2017-07-13,13531.0,,,,zenodo,,https://zenodo.org/records/14983362,,
2017-07-14,14021.0,,,,zenodo,,https://zenodo.org/records/14983362,,
2017-07-15,13486.0,,,,zenodo,,https://zenodo.org/records/14983362,,
2017-07-16,12386.0,,,,zenodo,,https://zenodo.org/records/14983362,,
2017-07-17,13823.0,,,,zenodo,,https://zenodo.org/records/14983362,,
2017-07-18,13950.0,,,,zenodo,,https://zenodo.org/records/14983362,,
2017-07-19,14101.0,,,,zenodo,,https://zenodo.org/records/14983362,,
2017-07-20,14191.0,,,,zenodo,,https://zenodo.org/records/14983362,,
2017-07-21,14821.0,,,,zenodo,,https://zenodo.org/records/14983362,,
2017-07-22,14375.0,,,,zenodo,,https://zenodo.org/records/14983362,,
2017-07-23,12990.0,,,,zenodo,,https://zenodo.org/records/14983362,,
2017-07-24,14654.0,,,,zenodo,,https://zenodo.org/records/14983362,,
2017-07-25,14918.0,,,,zenodo,,https://zenodo.org/records/14983362,,
2017-07-26,14819.0,,,,zenodo,,https://zenodo.org/records/14983362,,
2017-07-27,14891.0,,,,zenodo,,https://zenodo.org/records/14983362,,
2017-07-28,14067.0,,,,zenodo,,https://zenodo.org/records/14983362,,
2017-07-29,13877.0,,,,zenodo,,https://zenodo.org/records/14983362,,
2017-07-30,12711.0,,,,zenodo,,https://zenodo.org/records/14983362,,
2017-07-31,13629.0,,,,zenodo,,https://zenodo.org/records/14983362,,
2017-08-01,13656.0,,,,zenodo,,https://zenodo.org/records/14983362,,
2017-08-02,13684.0,,,,zenodo,,https://zenodo.org/records/14983362,,
2017-08-03,13380.0,,,,zenodo,,https://zenodo.org/records/14983362,,
2017-08-04,13516.0,,,,zenodo,,https://zenodo.org/records/14983362,,
2017-08-05,13564.0,,,,zenodo,,https://zenodo.org/records/14983362,,
2017-08-06,13186.0,,,,zenodo,,https://zenodo.org/records/14983362,,
2017-08-07,13956.0,,,,zenodo,,https://zenodo.org/records/14983362,,
2017-08-08,13702.0,,,,zenodo,,https://zenodo.org/records/14983362,,
2017-08-09,13218.0,,,,zenodo,,https://zenodo.org/records/14983362,,
2017-08-10,12784.0,,,,zenodo,,https://zenodo.org/records/14983362,,
2017-08-11,12582.0,,,,zenodo,,https://zenodo.org/records/14983362,,
2017-08-12,12727.0,,,,zenodo,,https://zenodo.org/records/14983362,,
2017-08-13,11695.0,,,,zenodo,,https://zenodo.org/records/14983362,,
2017-08-14,12438.0,,,,zenodo,,https://zenodo.org/records/14983362,,
2017-08-15,11103.0,,,,zenodo,,https://zenodo.org/records/14983362,,
2017-08-16,12351.0,,,,zenodo,,https://zenodo.org/records/14983362,,
2017-08-17,12531.0,,,,zenodo,,https://zenodo.org/records/14983362,,
2017-08-18,12418.0,,,,zenodo,,https://zenodo.org/records/14983362,,
2017-08-19,11767.0,,,,zenodo,,https://zenodo.org/records/14983362,,
2017-08-20,10548.0,,,,zenodo,,https://zenodo.org/records/14983362,,
2017-08-21,12638.0,,,,zenodo,,https://zenodo.org/records/14983362,,
2017-08-22,13483.0,,,,zenodo,,https://zenodo.org/records/14983362,,
2017-08-23,13022.0,,,,zenodo,,https://zenodo.org/records/14983362,,
2017-08-24,13558.0,,,,zenodo,,https://zenodo.org/records/14983362,,
2017-08-25,11933.0,,,,zenodo,,https://zenodo.org/records/14983362,,
2017-08-26,13363.0,,,,zenodo,,https://zenodo.org/records/14983362,,
2017-08-27,11579.0,,,,zenodo,,https://zenodo.org/records/14983362,,
2017-08-28,13047.0,,,,zenodo,,https://zenodo.org/records/14983362,,
2017-08-29,13718.0,,,,zenodo,,https://zenodo.org/records/14983362,,
2017-08-30,13975.0,,,,zenodo,,https://zenodo.org/records/14983362,,
2017-08-31,13404.0,,,,zenodo,,https://zenodo.org/records/14983362,,
2017-09-01,12748.0,,,,zenodo,,https://zenodo.org/records/14983362,,
2017-09-02,12118.0,,,,zenodo,,https://zenodo.org/records/14983362,,
2017-09-03,11300.0,,,,zenodo,,https://zenodo.org/records/14983362,,
2017-09-04,12416.0,,,,zenodo,,https://zenodo.org/records/14983362,,
2017-09-05,12870.0,,,,zenodo,,https://zenodo.org/records/14983362,,
2017-09-06,12538.0,,,,zenodo,,https://zenodo.org/records/14983362,,
2017-09-07,12734.0,,,,zenodo,,https://zenodo.org/records/14983362,,
2017-09-08,12703.0,,,,zenodo,,https://zenodo.org/records/14983362,,
2017-09-09,12568.0,,,,zenodo,,https://zenodo.org/records/14983362,,
2017-09-10,11415.0,,,,zenodo,,https://zenodo.org/records/14983362,,
2017-09-11,13156.0,,,,zenodo,,https://zenodo.org/records/14983362,,
2017-09-12,13613.0,,,,zenodo,,https://zenodo.org/records/14983362,,
2017-09-13,13124.0,,,,zenodo,,https://zenodo.org/records/14983362,,
2017-09-14,13303.0,,,,zenodo,,https://zenodo.org/records/14983362,,
2017-09-15,13550.0,0.0,289.6,2017-09-16,grid_india_psp_report,files/grdw/uploads/download-manager-files/16.09.17_NLDC_PSP.pdf,https://webcdn.grid-india.in/files/grdw/uploads/download-manager-files/16.09.17_NLDC_PSP.pdf,2026-09-24T17:43:16.941233,ok
2017-09-16,12609.0,,,,zenodo,,https://zenodo.org/records/14983362,,
2017-09-17,10910.0,,,,zenodo,,https://zenodo.org/records/14983362,,
2017-09-18,12800.0,,,,zenodo,,https://zenodo.org/records/14983362,,
2017-09-19,13528.0,,,,zenodo,,https://zenodo.org/records/14983362,,
2017-09-20,14028.0,,,,zenodo,,https://zenodo.org/records/14983362,,
2017-09-21,14072.0,,,,zenodo,,https://zenodo.org/records/14983362,,
2017-09-22,13818.0,,,,zenodo,,https://zenodo.org/records/14983362,,
2017-09-23,13555.0,,,,zenodo,,https://zenodo.org/records/14983362,,
2017-09-24,12491.0,,,,zenodo,,https://zenodo.org/records/14983362,,
2017-09-25,13148.0,,,,zenodo,,https://zenodo.org/records/14983362,,
2017-09-26,13301.0,,,,zenodo,,https://zenodo.org/records/14983362,,
2017-09-27,13110.0,,,,zenodo,,https://zenodo.org/records/14983362,,
2017-09-28,12753.0,,,,zenodo,,https://zenodo.org/records/14983362,,
2017-09-29,11375.0,,,,zenodo,,https://zenodo.org/records/14983362,,
2017-09-30,12319.0,,,,zenodo,,https://zenodo.org/records/14983362,,
2017-10-01,11617.0,,,,zenodo,,https://zenodo.org/records/14983362,,
2017-10-02,11569.0,,,,zenodo,,https://zenodo.org/records/14983362,,
2017-10-03,12920.0,,,,zenodo,,https://zenodo.org/records/14983362,,
2017-10-04,13455.0,,,,zenodo,,https://zenodo.org/records/14983362,,
2017-10-05,12862.0,,,,zenodo,,https://zenodo.org/records/14983362,,
2017-10-06,13156.0,,,,zenodo,,https://zenodo.org/records/14983362,,
2017-10-07,13479.0,,,,zenodo,,https://zenodo.org/records/14983362,,
2017-10-08,12040.0,,,,zenodo,,https://zenodo.org/records/14983362,,
2017-10-09,13241.0,,,,zenodo,,https://zenodo.org/records/14983362,,
2017-10-10,13715.0,,,,zenodo,,https://zenodo.org/records/14983362,,
2017-10-11,13338.0,,,,zenodo,,https://zenodo.org/records/14983362,,
2017-10-12,13129.0,,,,zenodo,,https://zenodo.org/records/14983362,,
2017-10-13,12886.0,,,,zenodo,,https://zenodo.org/records/14983362,,
2017-10-14,12981.0,,,,zenodo,,https://zenodo.org/records/14983362,,
2017-10-15,12190.0,,,,zenodo,,https://zenodo.org/records/14983362,,
2017-10-16,13205.0,,,,zenodo,,https://zenodo.org/records/14983362,,
2017-10-17,11654.0,,,,zenodo,,https://zenodo.org/records/14983362,,
2017-10-18,10046.0,,,,zenodo,,https://zenodo.org/records/14983362,,
2017-10-19,11092.0,,,,zenodo,,https://zenodo.org/records/14983362,,
2017-10-20,12747.0,,,,zenodo,,https://zenodo.org/records/14983362,,
2017-10-21,12267.0,,,,zenodo,,https://zenodo.org/records/14983362,,
2017-10-22,12395.0,,,,zenodo,,https://zenodo.org/records/14983362,,
2017-10-23,13268.0,,,,zenodo,,https://zenodo.org/records/14983362,,
2017-10-24,13128.0,,,,zenodo,,https://zenodo.org/records/14983362,,
2017-10-25,13615.0,,,,zenodo,,https://zenodo.org/records/14983362,,
2017-10-26,13396.0,,,,zenodo,,https://zenodo.org/records/14983362,,
2017-10-27,13024.0,,,,zenodo,,https://zenodo.org/records/14983362,,
2017-10-28,13350.0,,,,zenodo,,https://zenodo.org/records/14983362,,
2017-10-29,12106.0,,,,zenodo,,https://zenodo.org/records/14983362,,
2017-10-30,12160.0,,,,zenodo,,https://zenodo.org/records/14983362,,
2017-10-31,12151.0,,,,zenodo,,https://zenodo.org/records/14983362,,
2017-11-01,13424.0,,,,zenodo,,https://zenodo.org/records/14983362,,
2017-11-02,12911.0,,,,zenodo,,https://zenodo.org/records/14983362,,
2017-11-03,12450.0,,,,zenodo,,https://zenodo.org/records/14983362,,
2017-11-04,11990.0,,,,zenodo,,https://zenodo.org/records/14983362,,
2017-11-05,10855.0,,,,zenodo,,https://zenodo.org/records/14983362,,
2017-11-06,11710.0,,,,zenodo,,https://zenodo.org/records/14983362,,
2017-11-07,11707.0,,,,zenodo,,https://zenodo.org/records/14983362,,
2017-11-08,12421.0,,,,zenodo,,https://zenodo.org/records/14983362,,
2017-11-09,12985.0,,,,zenodo,,https://zenodo.org/records/14983362,,
2017-11-10,12921.0,,,,zenodo,,https://zenodo.org/records/14983362,,
2017-11-11,12826.0,,,,zenodo,,https://zenodo.org/records/14983362,,
2017-11-12,11340.0,,,,zenodo,,https://zenodo.org/records/14983362,,
2017-11-13,13049.0,,,,zenodo,,https://zenodo.org/records/14983362,,
2017-11-14,13222.0,,,,zenodo,,https://zenodo.org/records/14983362,,
2017-11-15,13545.0,,,,zenodo,,https://zenodo.org/records/14983362,,
2017-11-16,13601.0,,,,zenodo,,https://zenodo.org/records/14983362,,
2017-11-17,13756.0,,,,zenodo,,https://zenodo.org/records/14983362,,
2017-11-18,13402.0,,,,zenodo,,https://zenodo.org/records/14983362,,
2017-11-19,12441.0,,,,zenodo,,https://zenodo.org/records/14983362,,
2017-11-20,13729.0,,,,zenodo,,https://zenodo.org/records/14983362,,
2017-11-21,13608.0,,,,zenodo,,https://zenodo.org/records/14983362,,
2017-11-22,14186.0,,,,zenodo,,https://zenodo.org/records/14983362,,
2017-11-23,14217.0,,,,zenodo,,https://zenodo.org/records/14983362,,
2017-11-24,14561.0,,,,zenodo,,https://zenodo.org/records/14983362,,
2017-11-25,13748.0,,,,zenodo,,https://zenodo.org/records/14983362,,
2017-11-26,12079.0,,,,zenodo,,https://zenodo.org/records/14983362,,
2017-11-27,12793.0,,,,zenodo,,https://zenodo.org/records/14983362,,
2017-11-28,13194.0,0.0,273.0,2017-11-29,grid_india_psp_report,files/grdw/uploads/download-manager-files/29.11.17_NLDC_PSP.pdf,https://webcdn.grid-india.in/files/grdw/uploads/download-manager-files/29.11.17_NLDC_PSP.pdf,2026-09-24T17:43:24.458769,ok
2017-11-29,13169.0,0.0,267.1,2017-11-30,grid_india_psp_report,files/grdw/uploads/download-manager-files/30.11.17_NLDC_PSP.pdf,https://webcdn.grid-india.in/files/grdw/uploads/download-manager-files/30.11.17_NLDC_PSP.pdf,2026-09-24T17:43:27.269033,ok
2017-11-30,12234.0,,,,zenodo,,https://zenodo.org/records/14983362,,
2017-12-01,12112.0,,,,zenodo,,https://zenodo.org/records/14983362,,
2017-12-02,11892.0,,,,zenodo,,https://zenodo.org/records/14983362,,
2017-12-03,10624.0,,,,zenodo,,https://zenodo.org/records/14983362,,
2017-12-04,12138.0,,,,zenodo,,https://zenodo.org/records/14983362,,
2017-12-05,12767.0,,,,zenodo,,https://zenodo.org/records/14983362,,
2017-12-06,12828.0,,,,zenodo,,https://zenodo.org/records/14983362,,
2017-12-07,13282.0,,,,zenodo,,https://zenodo.org/records/14983362,,
2017-12-08,13249.0,,,,zenodo,,https://zenodo.org/records/14983362,,
2017-12-09,13131.0,,,,zenodo,,https://zenodo.org/records/14983362,,
2017-12-10,11979.0,,,,zenodo,,https://zenodo.org/records/14983362,,
2017-12-11,13012.0,,,,zenodo,,https://zenodo.org/records/14983362,,
2017-12-12,13428.0,,,,zenodo,,https://zenodo.org/records/14983362,,
2017-12-13,13485.0,,,,zenodo,,https://zenodo.org/records/14983362,,
2017-12-14,13868.0,,,,zenodo,,https://zenodo.org/records/14983362,,
2017-12-15,13850.0,,,,zenodo,,https://zenodo.org/records/14983362,,
2017-12-16,13498.0,,,,zenodo,,https://zenodo.org/records/14983362,,
2017-12-17,12641.0,,,,zenodo,,https://zenodo.org/records/14983362,,
2017-12-18,13632.0,,,,zenodo,,https://zenodo.org/records/14983362,,
2017-12-19,13774.0,,,,zenodo,,https://zenodo.org/records/14983362,,
2017-12-20,13740.0,,,,zenodo,,https://zenodo.org/records/14983362,,
2017-12-21,13890.0,,,,zenodo,,https://zenodo.org/records/14983362,,
2017-12-22,13677.0,,,,zenodo,,https://zenodo.org/records/14983362,,
2017-12-23,13771.0,,,,zenodo,,https://zenodo.org/records/14983362,,
2017-12-24,12539.0,,,,zenodo,,https://zenodo.org/records/14983362,,
2017-12-25,13623.0,,,,zenodo,,https://zenodo.org/records/14983362,,
2017-12-26,13676.0,,,,zenodo,,https://zenodo.org/records/14983362,,
2017-12-27,13566.0,,,,zenodo,,https://zenodo.org/records/14983362,,
2017-12-28,13666.0,,,,zenodo,,https://zenodo.org/records/14983362,,
2017-12-29,13787.0,,,,zenodo,,https://zenodo.org/records/14983362,,
2017-12-30,13524.0,,,,zenodo,,https://zenodo.org/records/14983362,,
2017-12-31,12527.0,,,,zenodo,,https://zenodo.org/records/14983362,,
2018-01-01,12719.0,,,,zenodo,,https://zenodo.org/records/14983362,,
2018-01-02,14009.0,,,,zenodo,,https://zenodo.org/records/14983362,,
2018-01-03,14373.0,,,,zenodo,,https://zenodo.org/records/14983362,,
2018-01-04,14198.0,,,,zenodo,,https://zenodo.org/records/14983362,,
2018-01-05,14236.0,,,,zenodo,,https://zenodo.org/records/14983362,,
2018-01-06,13602.0,,,,zenodo,,https://zenodo.org/records/14983362,,
2018-01-07,12910.0,,,,zenodo,,https://zenodo.org/records/14983362,,
2018-01-08,13779.0,,,,zenodo,,https://zenodo.org/records/14983362,,
2018-01-09,14245.0,,,,zenodo,,https://zenodo.org/records/14983362,,
2018-01-10,13347.0,,,,zenodo,,https://zenodo.org/records/14983362,,
2018-01-11,13801.0,,,,zenodo,,https://zenodo.org/records/14983362,,
2018-01-12,13794.0,,,,zenodo,,https://zenodo.org/records/14983362,,
2018-01-13,13757.0,,,,zenodo,,https://zenodo.org/records/14983362,,
2018-01-14,11265.0,,,,zenodo,,https://zenodo.org/records/14983362,,
2018-01-15,11480.0,,,,zenodo,,https://zenodo.org/records/14983362,,
2018-01-16,11924.0,,,,zenodo,,https://zenodo.org/records/14983362,,
2018-01-17,12918.0,,,,zenodo,,https://zenodo.org/records/14983362,,
2018-01-18,13417.0,,,,zenodo,,https://zenodo.org/records/14983362,,
2018-01-19,13574.0,,,,zenodo,,https://zenodo.org/records/14983362,,
2018-01-20,13807.0,,,,zenodo,,https://zenodo.org/records/14983362,,
2018-01-21,12610.0,,,,zenodo,,https://zenodo.org/records/14983362,,
2018-01-22,13453.0,,,,zenodo,,https://zenodo.org/records/14983362,,
2018-01-23,13958.0,0.0,291.3,2018-01-24,grid_india_psp_report,files/grdw/uploads/download-manager-files/24.01.18_NLDC_PSP.pdf,https://webcdn.grid-india.in/files/grdw/uploads/download-manager-files/24.01.18_NLDC_PSP.pdf,2026-09-24T17:43:36.960436,ok
2018-01-24,14086.0,,,,zenodo,,https://zenodo.org/records/14983362,,
2018-01-25,13833.0,,,,zenodo,,https://zenodo.org/records/14983362,,
2018-01-26,13116.0,,,,zenodo,,https://zenodo.org/records/14983362,,
2018-01-27,13584.0,,,,zenodo,,https://zenodo.org/records/14983362,,
2018-01-28,12858.0,,,,zenodo,,https://zenodo.org/records/14983362,,
2018-01-29,13695.0,,,,zenodo,,https://zenodo.org/records/14983362,,
2018-01-30,13477.0,,,,zenodo,,https://zenodo.org/records/14983362,,
2018-01-31,13643.0,,,,zenodo,,https://zenodo.org/records/14983362,,
2018-02-01,14188.0,,,,zenodo,,https://zenodo.org/records/14983362,,
2018-02-02,14113.0,,,,zenodo,,https://zenodo.org/records/14983362,,
2018-02-03,13593.0,,,,zenodo,,https://zenodo.org/records/14983362,,
2018-02-04,12437.0,,,,zenodo,,https://zenodo.org/records/14983362,,
2018-02-05,14043.0,,,,zenodo,,https://zenodo.org/records/14983362,,
2018-02-06,14185.0,,,,zenodo,,https://zenodo.org/records/14983362,,
2018-02-07,14120.0,,,,zenodo,,https://zenodo.org/records/14983362,,
2018-02-08,13372.0,,,,zenodo,,https://zenodo.org/records/14983362,,
2018-02-09,14000.0,,,,zenodo,,https://zenodo.org/records/14983362,,
2018-02-10,13704.0,,,,zenodo,,https://zenodo.org/records/14983362,,
2018-02-11,12557.0,,,,zenodo,,https://zenodo.org/records/14983362,,
2018-02-12,14384.0,,,,zenodo,,https://zenodo.org/records/14983362,,
2018-02-13,14381.0,,,,zenodo,,https://zenodo.org/records/14983362,,
2018-02-14,14192.0,,,,zenodo,,https://zenodo.org/records/14983362,,
2018-02-15,13999.0,,,,zenodo,,https://zenodo.org/records/14983362,,
2018-02-16,14195.0,,,,zenodo,,https://zenodo.org/records/14983362,,
2018-02-17,14000.0,,,,zenodo,,https://zenodo.org/records/14983362,,
2018-02-18,12510.0,,,,zenodo,,https://zenodo.org/records/14983362,,
2018-02-19,13968.0,,,,zenodo,,https://zenodo.org/records/14983362,,
2018-02-20,14029.0,,,,zenodo,,https://zenodo.org/records/14983362,,
2018-02-21,14500.0,,,,zenodo,,https://zenodo.org/records/14983362,,
2018-02-22,14514.0,,,,zenodo,,https://zenodo.org/records/14983362,,
2018-02-23,14270.0,,,,zenodo,,https://zenodo.org/records/14983362,,
2018-02-24,14037.0,,,,zenodo,,https://zenodo.org/records/14983362,,
2018-02-25,12940.0,,,,zenodo,,https://zenodo.org/records/14983362,,
2018-02-26,14146.0,,,,zenodo,,https://zenodo.org/records/14983362,,
2018-02-27,14538.0,,,,zenodo,,https://zenodo.org/records/14983362,,
2018-02-28,14681.0,,,,zenodo,,https://zenodo.org/records/14983362,,
2018-03-01,14534.0,,,,zenodo,,https://zenodo.org/records/14983362,,
2018-03-02,14151.0,,,,zenodo,,https://zenodo.org/records/14983362,,
2018-03-03,14589.0,,,,zenodo,,https://zenodo.org/records/14983362,,
2018-03-04,13068.0,,,,zenodo,,https://zenodo.org/records/14983362,,
2018-03-05,14282.0,,,,zenodo,,https://zenodo.org/records/14983362,,
2018-03-06,14570.0,,,,zenodo,,https://zenodo.org/records/14983362,,
2018-03-07,14782.0,,,,zenodo,,https://zenodo.org/records/14983362,,
2018-03-08,14855.0,,,,zenodo,,https://zenodo.org/records/14983362,,
2018-03-09,14826.0,,,,zenodo,,https://zenodo.org/records/14983362,,
2018-03-10,14052.0,,,,zenodo,,https://zenodo.org/records/14983362,,
2018-03-11,13125.0,,,,zenodo,,https://zenodo.org/records/14983362,,
2018-03-12,14742.0,,,,zenodo,,https://zenodo.org/records/14983362,,
2018-03-13,14066.0,,,,zenodo,,https://zenodo.org/records/14983362,,
2018-03-14,14694.0,,,,zenodo,,https://zenodo.org/records/14983362,,
2018-03-15,14741.0,,,,zenodo,,https://zenodo.org/records/14983362,,
2018-03-16,13929.0,,,,zenodo,,https://zenodo.org/records/14983362,,
2018-03-17,13494.0,,,,zenodo,,https://zenodo.org/records/14983362,,
2018-03-18,12241.0,,,,zenodo,,https://zenodo.org/records/14983362,,
2018-03-19,14195.0,,,,zenodo,,https://zenodo.org/records/14983362,,
2018-03-20,14595.0,,,,zenodo,,https://zenodo.org/records/14983362,,
2018-03-21,14500.0,,,,zenodo,,https://zenodo.org/records/14983362,,
2018-03-22,14442.0,,,,zenodo,,https://zenodo.org/records/14983362,,
2018-03-23,14930.0,,,,zenodo,,https://zenodo.org/records/14983362,,
2018-03-24,14288.0,,,,zenodo,,https://zenodo.org/records/14983362,,
2018-03-25,13423.0,0.0,308.7,2018-03-26,grid_india_psp_report,files/grdw/uploads/download-manager-files/26.03.18_NLDC_PSP__H&E.pdf,https://webcdn.grid-india.in/files/grdw/uploads/download-manager-files/26.03.18_NLDC_PSP__H&E.pdf,2026-09-24T17:43:52.498312,ok
2018-03-26,14910.0,,,,zenodo,,https://zenodo.org/records/14983362,,
2018-03-27,15101.0,,,,zenodo,,https://zenodo.org/records/14983362,,
2018-03-28,15137.0,,,,zenodo,,https://zenodo.org/records/14983362,,
2018-03-29,15193.0,,,,zenodo,,https://zenodo.org/records/14983362,,
2018-03-30,15017.0,,,,zenodo,,https://zenodo.org/records/14983362,,
2018-03-31,14436.0,,,,zenodo,,https://zenodo.org/records/14983362,,
2018-04-01,13289.0,,,,zenodo,,https://zenodo.org/records/14983362,,
2018-04-02,14549.0,,,,zenodo,,https://zenodo.org/records/14983362,,
2018-04-03,14873.0,,,,zenodo,,https://zenodo.org/records/14983362,,
2018-04-04,15115.0,,,,zenodo,,https://zenodo.org/records/14983362,,
2018-04-05,14941.0,,,,zenodo,,https://zenodo.org/records/14983362,,
2018-04-06,15194.0,,,,zenodo,,https://zenodo.org/records/14983362,,
2018-04-07,14879.0,,,,zenodo,,https://zenodo.org/records/14983362,,
2018-04-08,13529.0,,,,zenodo,,https://zenodo.org/records/14983362,,
2018-04-09,14854.0,,,,zenodo,,https://zenodo.org/records/14983362,,
2018-04-10,15163.0,,,,zenodo,,https://zenodo.org/records/14983362,,
2018-04-11,15202.0,,,,zenodo,,https://zenodo.org/records/14983362,,
2018-04-12,15235.0,,,,zenodo,,https://zenodo.org/records/14983362,,
2018-04-13,15053.0,,,,zenodo,,https://zenodo.org/records/14983362,,
2018-04-14,13834.0,,,,zenodo,,https://zenodo.org/records/14983362,,
2018-04-15,13049.0,,,,zenodo,,https://zenodo.org/records/14983362,,
2018-04-16,14922.0,,,,zenodo,,https://zenodo.org/records/14983362,,
2018-04-17,15408.0,,,,zenodo,,https://zenodo.org/records/14983362,,
2018-04-18,15279.0,,,,zenodo,,https://zenodo.org/records/14983362,,
2018-04-19,15365.0,,,,zenodo,,https://zenodo.org/records/14983362,,
2018-04-20,15261.0,,,,zenodo,,https://zenodo.org/records/14983362,,
2018-04-21,14807.0,,,,zenodo,,https://zenodo.org/records/14983362,,
2018-04-22,13772.0,,,,zenodo,,https://zenodo.org/records/14983362,,
2018-04-23,15168.0,,,,zenodo,,https://zenodo.org/records/14983362,,
2018-04-24,15183.0,,,,zenodo,,https://zenodo.org/records/14983362,,
2018-04-25,15131.0,,,,zenodo,,https://zenodo.org/records/14983362,,
2018-04-26,15185.0,,,,zenodo,,https://zenodo.org/records/14983362,,
2018-04-27,15411.0,,,,zenodo,,https://zenodo.org/records/14983362,,
2018-04-28,15398.0,,,,zenodo,,https://zenodo.org/records/14983362,,
2018-04-29,14199.0,,,,zenodo,,https://zenodo.org/records/14983362,,
2018-04-30,15388.0,,,,zenodo,,https://zenodo.org/records/14983362,,
2018-05-01,13005.0,,,,zenodo,,https://zenodo.org/records/14983362,,
2018-05-02,14838.0,,,,zenodo,,https://zenodo.org/records/14983362,,
2018-05-03,14754.0,,,,zenodo,,https://zenodo.org/records/14983362,,
2018-05-04,14684.0,,,,zenodo,,https://zenodo.org/records/14983362,,
2018-05-05,14264.0,,,,zenodo,,https://zenodo.org/records/14983362,,
2018-05-06,13100.0,,,,zenodo,,https://zenodo.org/records/14983362,,
2018-05-07,14480.0,,,,zenodo,,https://zenodo.org/records/14983362,,
2018-05-08,14180.0,,,,zenodo,,https://zenodo.org/records/14983362,,
2018-05-09,13998.0,,,,zenodo,,https://zenodo.org/records/14983362,,
2018-05-10,14048.0,,,,zenodo,,https://zenodo.org/records/14983362,,
2018-05-11,14608.0,,,,zenodo,,https://zenodo.org/records/14983362,,
2018-05-12,14791.0,,,,zenodo,,https://zenodo.org/records/14983362,,
2018-05-13,13209.0,,,,zenodo,,https://zenodo.org/records/14983362,,
2018-05-14,14625.0,,,,zenodo,,https://zenodo.org/records/14983362,,
2018-05-15,15039.0,,,,zenodo,,https://zenodo.org/records/14983362,,
2018-05-16,14711.0,,,,zenodo,,https://zenodo.org/records/14983362,,
2018-05-17,14881.0,,,,zenodo,,https://zenodo.org/records/14983362,,
2018-05-18,14970.0,,,,zenodo,,https://zenodo.org/records/14983362,,
2018-05-19,13922.0,,,,zenodo,,https://zenodo.org/records/14983362,,
2018-05-20,12980.0,,,,zenodo,,https://zenodo.org/records/14983362,,
2018-05-21,14167.0,,,,zenodo,,https://zenodo.org/records/14983362,,
2018-05-22,14536.0,,,,zenodo,,https://zenodo.org/records/14983362,,
2018-05-23,14968.0,,,,zenodo,,https://zenodo.org/records/14983362,,
2018-05-24,14116.0,,,,zenodo,,https://zenodo.org/records/14983362,,
2018-05-25,13559.0,,,,zenodo,,https://zenodo.org/records/14983362,,
2018-05-26,13917.0,,,,zenodo,,https://zenodo.org/records/14983362,,
2018-05-27,12443.0,,,,zenodo,,https://zenodo.org/records/14983362,,
2018-05-28,14167.0,,,,zenodo,,https://zenodo.org/records/14983362,,
2018-05-29,14984.0,,,,zenodo,,https://zenodo.org/records/14983362,,
2018-05-30,15089.0,,,,zenodo,,https://zenodo.org/records/14983362,,
2018-05-31,15122.0,,,,zenodo,,https://zenodo.org/records/14983362,,
2018-06-01,14438.0,,,,zenodo,,https://zenodo.org/records/14983362,,
2018-06-02,13742.0,,,,zenodo,,https://zenodo.org/records/14983362,,
2018-06-03,11937.0,,,,zenodo,,https://zenodo.org/records/14983362,,
2018-06-04,13890.0,,,,zenodo,,https://zenodo.org/records/14983362,,
2018-06-05,14520.0,,,,zenodo,,https://zenodo.org/records/14983362,,
2018-06-06,13706.0,,,,zenodo,,https://zenodo.org/records/14983362,,
2018-06-07,14094.0,,,,zenodo,,https://zenodo.org/records/14983362,,
2018-06-08,14281.0,,,,zenodo,,https://zenodo.org/records/14983362,,
2018-06-09,14319.0,,,,zenodo,,https://zenodo.org/records/14983362,,
2018-06-10,12556.0,,,,zenodo,,https://zenodo.org/records/14983362,,
2018-06-11,15050.0,,,,zenodo,,https://zenodo.org/records/14983362,,
2018-06-12,14506.0,,,,zenodo,,https://zenodo.org/records/14983362,,
2018-06-13,14795.0,,,,zenodo,,https://zenodo.org/records/14983362,,
2018-06-14,14609.0,,,,zenodo,,https://zenodo.org/records/14983362,,
2018-06-15,14855.0,,,,zenodo,,https://zenodo.org/records/14983362,,
2018-06-16,14420.0,,,,zenodo,,https://zenodo.org/records/14983362,,
2018-06-17,13306.0,,,,zenodo,,https://zenodo.org/records/14983362,,
2018-06-18,14800.0,,,,zenodo,,https://zenodo.org/records/14983362,,
2018-06-19,14966.0,,,,zenodo,,https://zenodo.org/records/14983362,,
2018-06-20,15183.0,,,,zenodo,,https://zenodo.org/records/14983362,,
2018-06-21,15020.0,,,,zenodo,,https://zenodo.org/records/14983362,,
2018-06-22,14669.0,,,,zenodo,,https://zenodo.org/records/14983362,,
2018-06-23,15118.0,,,,zenodo,,https://zenodo.org/records/14983362,,
2018-06-24,13608.0,,,,zenodo,,https://zenodo.org/records/14983362,,
2018-06-25,14666.0,,,,zenodo,,https://zenodo.org/records/14983362,,
2018-06-26,14604.0,,,,zenodo,,https://zenodo.org/records/14983362,,
2018-06-27,14440.0,,,,zenodo,,https://zenodo.org/records/14983362,,
2018-06-28,14247.0,,,,zenodo,,https://zenodo.org/records/14983362,,
2018-06-29,14586.0,,,,zenodo,,https://zenodo.org/records/14983362,,
2018-06-30,13868.0,,,,zenodo,,https://zenodo.org/records/14983362,,
2018-07-01,12884.0,,,,zenodo,,https://zenodo.org/records/14983362,,
2018-07-02,13861.0,,,,zenodo,,https://zenodo.org/records/14983362,,
2018-07-03,13909.0,,,,zenodo,,https://zenodo.org/records/14983362,,
2018-07-04,14357.0,,,,zenodo,,https://zenodo.org/records/14983362,,
2018-07-05,14868.0,,,,zenodo,,https://zenodo.org/records/14983362,,
2018-07-06,15012.0,,,,zenodo,,https://zenodo.org/records/14983362,,
2018-07-07,14391.0,,,,zenodo,,https://zenodo.org/records/14983362,,
2018-07-08,12991.0,0.0,294.9,2018-07-09,grid_india_psp_report,files/grdw/uploads/download-manager-files/09.07.18_NLDC_PSP.pdf,https://webcdn.grid-india.in/files/grdw/uploads/download-manager-files/09.07.18_NLDC_PSP.pdf,2026-09-24T17:44:07.415888,ok
2018-07-09,13655.0,,,,zenodo,,https://zenodo.org/records/14983362,,
2018-07-10,14012.0,,,,zenodo,,https://zenodo.org/records/14983362,,
2018-07-11,14004.0,,,,zenodo,,https://zenodo.org/records/14983362,,
2018-07-12,14066.0,,,,zenodo,,https://zenodo.org/records/14983362,,
2018-07-13,13944.0,,,,zenodo,,https://zenodo.org/records/14983362,,
2018-07-14,13383.0,,,,zenodo,,https://zenodo.org/records/14983362,,
2018-07-15,12743.0,,,,zenodo,,https://zenodo.org/records/14983362,,
2018-07-16,14059.0,,,,zenodo,,https://zenodo.org/records/14983362,,
2018-07-17,14711.0,,,,zenodo,,https://zenodo.org/records/14983362,,
2018-07-18,14717.0,,,,zenodo,,https://zenodo.org/records/14983362,,
2018-07-19,14720.0,,,,zenodo,,https://zenodo.org/records/14983362,,
2018-07-20,14566.0,,,,zenodo,,https://zenodo.org/records/14983362,,
2018-07-21,14233.0,,,,zenodo,,https://zenodo.org/records/14983362,,
2018-07-22,13058.0,,,,zenodo,,https://zenodo.org/records/14983362,,
2018-07-23,14822.0,,,,zenodo,,https://zenodo.org/records/14983362,,
2018-07-24,14892.0,,,,zenodo,,https://zenodo.org/records/14983362,,
2018-07-25,14632.0,,,,zenodo,,https://zenodo.org/records/14983362,,
2018-07-26,14668.0,,,,zenodo,,https://zenodo.org/records/14983362,,
2018-07-27,14860.0,,,,zenodo,,https://zenodo.org/records/14983362,,
2018-07-28,14762.0,,,,zenodo,,https://zenodo.org/records/14983362,,
2018-07-29,13346.0,,,,zenodo,,https://zenodo.org/records/14983362,,
2018-07-30,15061.0,,,,zenodo,,https://zenodo.org/records/14983362,,
2018-07-31,14250.0,,,,zenodo,,https://zenodo.org/records/14983362,,
2018-08-01,14882.0,,,,zenodo,,https://zenodo.org/records/14983362,,
2018-08-02,14322.0,,,,zenodo,,https://zenodo.org/records/14983362,,
2018-08-03,13970.0,,,,zenodo,,https://zenodo.org/records/14983362,,
2018-08-04,13953.0,,,,zenodo,,https://zenodo.org/records/14983362,,
2018-08-05,12947.0,,,,zenodo,,https://zenodo.org/records/14983362,,
2018-08-06,14587.0,,,,zenodo,,https://zenodo.org/records/14983362,,
2018-08-07,14275.0,,,,zenodo,,https://zenodo.org/records/14983362,,
2018-08-08,12168.0,,,,zenodo,,https://zenodo.org/records/14983362,,
2018-08-09,14318.0,,,,zenodo,,https://zenodo.org/records/14983362,,
2018-08-10,14273.0,,,,zenodo,,https://zenodo.org/records/14983362,,
2018-08-11,13984.0,,,,zenodo,,https://zenodo.org/records/14983362,,
2018-08-12,12539.0,,,,zenodo,,https://zenodo.org/records/14983362,,
2018-08-13,13839.0,,,,zenodo,,https://zenodo.org/records/14983362,,
2018-08-14,13243.0,,,,zenodo,,https://zenodo.org/records/14983362,,
2018-08-15,11565.0,,,,zenodo,,https://zenodo.org/records/14983362,,
2018-08-16,13377.0,,,,zenodo,,https://zenodo.org/records/14983362,,
2018-08-17,14508.0,,,,zenodo,,https://zenodo.org/records/14983362,,
2018-08-18,14107.0,0.0,289.6,2018-08-19,grid_india_psp_report,files/grdw/uploads/download-manager-files/19.08.18_NLDC_PSP.pdf,https://webcdn.grid-india.in/files/grdw/uploads/download-manager-files/19.08.18_NLDC_PSP.pdf,2026-09-24T17:44:08.771675,ok
2018-08-19,12490.0,0.0,284.4,2018-08-20,grid_india_psp_report,files/grdw/uploads/download-manager-files/20.08.18_NLDC_PSP.pdf,https://webcdn.grid-india.in/files/grdw/uploads/download-manager-files/20.08.18_NLDC_PSP.pdf,2026-09-24T17:44:13.923359,ok
2018-08-20,14761.0,0.0,304.9,2018-08-21,grid_india_psp_report,files/grdw/uploads/download-manager-files/21.08.18_NLDC_PSP.pdf,https://webcdn.grid-india.in/files/grdw/uploads/download-manager-files/21.08.18_NLDC_PSP.pdf,2026-09-24T17:44:20.032096,ok
2018-08-21,14984.0,0.0,317.0,2018-08-22,grid_india_psp_report,files/grdw/uploads/download-manager-files/22.08.18_NLDC_PSP.pdf,https://webcdn.grid-india.in/files/grdw/uploads/download-manager-files/22.08.18_NLDC_PSP.pdf,2026-09-24T17:44:26.582377,ok
2018-08-22,14464.0,0.0,325.8,2018-08-23,grid_india_psp_report,files/grdw/uploads/download-manager-files/23.08.18_NLDC_PSP.pdf,https://webcdn.grid-india.in/files/grdw/uploads/download-manager-files/23.08.18_NLDC_PSP.pdf,2026-09-24T17:44:32.736645,ok
2018-08-23,14950.0,,,,zenodo,,https://zenodo.org/records/14983362,,
2018-08-24,14653.0,,,,zenodo,,https://zenodo.org/records/14983362,,
2018-08-25,14681.0,,,,zenodo,,https://zenodo.org/records/14983362,,
2018-08-26,12607.0,,,,zenodo,,https://zenodo.org/records/14983362,,
2018-08-27,14207.0,,,,zenodo,,https://zenodo.org/records/14983362,,
2018-08-28,14135.0,,,,zenodo,,https://zenodo.org/records/14983362,,
2018-08-29,14211.0,,,,zenodo,,https://zenodo.org/records/14983362,,
2018-08-30,14189.0,,,,zenodo,,https://zenodo.org/records/14983362,,
2018-08-31,14490.0,,,,zenodo,,https://zenodo.org/records/14983362,,
2018-09-01,13592.0,,,,zenodo,,https://zenodo.org/records/14983362,,
2018-09-02,12599.0,,,,zenodo,,https://zenodo.org/records/14983362,,
2018-09-03,14417.0,,,,zenodo,,https://zenodo.org/records/14983362,,
2018-09-04,14865.0,,,,zenodo,,https://zenodo.org/records/14983362,,
2018-09-05,14821.0,,,,zenodo,,https://zenodo.org/records/14983362,,
2018-09-06,14946.0,,,,zenodo,,https://zenodo.org/records/14983362,,
2018-09-07,14445.0,,,,zenodo,,https://zenodo.org/records/14983362,,
2018-09-08,14521.0,,,,zenodo,,https://zenodo.org/records/14983362,,
2018-09-09,13007.0,,,,zenodo,,https://zenodo.org/records/14983362,,
2018-09-10,13573.0,,,,zenodo,,https://zenodo.org/records/14983362,,
2018-09-11,14350.0,,,,zenodo,,https://zenodo.org/records/14983362,,
2018-09-12,14564.0,,,,zenodo,,https://zenodo.org/records/14983362,,
2018-09-13,14131.0,,,,zenodo,,https://zenodo.org/records/14983362,,
2018-09-14,14441.0,,,,zenodo,,https://zenodo.org/records/14983362,,
2018-09-15,13962.0,,,,zenodo,,https://zenodo.org/records/14983362,,
2018-09-16,12199.0,,,,zenodo,,https://zenodo.org/records/14983362,,
2018-09-17,13546.0,,,,zenodo,,https://zenodo.org/records/14983362,,
2018-09-18,14135.0,,,,zenodo,,https://zenodo.org/records/14983362,,
2018-09-19,14002.0,,,,zenodo,,https://zenodo.org/records/14983362,,
2018-09-20,13915.0,,,,zenodo,,https://zenodo.org/records/14983362,,
2018-09-21,14406.0,,,,zenodo,,https://zenodo.org/records/14983362,,
2018-09-22,14065.0,,,,zenodo,,https://zenodo.org/records/14983362,,
2018-09-23,12953.0,,,,zenodo,,https://zenodo.org/records/14983362,,
2018-09-24,14106.0,,,,zenodo,,https://zenodo.org/records/14983362,,
2018-09-25,14624.0,,,,zenodo,,https://zenodo.org/records/14983362,,
2018-09-26,14310.0,,,,zenodo,,https://zenodo.org/records/14983362,,
2018-09-27,13814.0,,,,zenodo,,https://zenodo.org/records/14983362,,
2018-09-28,13793.0,,,,zenodo,,https://zenodo.org/records/14983362,,
2018-09-29,13886.0,,,,zenodo,,https://zenodo.org/records/14983362,,
2018-09-30,12446.0,,,,zenodo,,https://zenodo.org/records/14983362,,
2018-10-01,13696.0,,,,zenodo,,https://zenodo.org/records/14983362,,
2018-10-02,12308.0,,,,zenodo,,https://zenodo.org/records/14983362,,
2018-10-03,13230.0,,,,zenodo,,https://zenodo.org/records/14983362,,
2018-10-04,13175.0,,,,zenodo,,https://zenodo.org/records/14983362,,
2018-10-05,12341.0,,,,zenodo,,https://zenodo.org/records/14983362,,
2018-10-06,12078.0,,,,zenodo,,https://zenodo.org/records/14983362,,
2018-10-07,11488.0,,,,zenodo,,https://zenodo.org/records/14983362,,
2018-10-08,12309.0,,,,zenodo,,https://zenodo.org/records/14983362,,
2018-10-09,13294.0,,,,zenodo,,https://zenodo.org/records/14983362,,
2018-10-10,13393.0,,,,zenodo,,https://zenodo.org/records/14983362,,
2018-10-11,13251.0,,,,zenodo,,https://zenodo.org/records/14983362,,
2018-10-12,13917.0,,,,zenodo,,https://zenodo.org/records/14983362,,
2018-10-13,13686.0,,,,zenodo,,https://zenodo.org/records/14983362,,
2018-10-14,12635.0,,,,zenodo,,https://zenodo.org/records/14983362,,
2018-10-15,13670.0,,,,zenodo,,https://zenodo.org/records/14983362,,
2018-10-16,13520.0,,,,zenodo,,https://zenodo.org/records/14983362,,
2018-10-17,13085.0,,,,zenodo,,https://zenodo.org/records/14983362,,
2018-10-18,11636.0,,,,zenodo,,https://zenodo.org/records/14983362,,
2018-10-19,12518.0,,,,zenodo,,https://zenodo.org/records/14983362,,
2018-10-20,13229.0,,,,zenodo,,https://zenodo.org/records/14983362,,
2018-10-21,12063.0,,,,zenodo,,https://zenodo.org/records/14983362,,
2018-10-22,13871.0,0.0,280.7,2018-10-23,grid_india_psp_report,files/grdw/uploads/download-manager-files/23.10.18_NLDC_PSP.pdf,https://webcdn.grid-india.in/files/grdw/uploads/download-manager-files/23.10.18_NLDC_PSP.pdf,2026-09-24T17:44:45.764668,ok
2018-10-23,13739.0,,,,zenodo,,https://zenodo.org/records/14983362,,
2018-10-24,14540.0,,,,zenodo,,https://zenodo.org/records/14983362,,
2018-10-25,14470.0,,,,zenodo,,https://zenodo.org/records/14983362,,
2018-10-26,14485.0,,,,zenodo,,https://zenodo.org/records/14983362,,
2018-10-27,14354.0,,,,zenodo,,https://zenodo.org/records/14983362,,
2018-10-28,12939.0,,,,zenodo,,https://zenodo.org/records/14983362,,
2018-10-29,13572.0,,,,zenodo,,https://zenodo.org/records/14983362,,
2018-10-30,14741.0,,,,zenodo,,https://zenodo.org/records/14983362,,
2018-10-31,14668.0,,,,zenodo,,https://zenodo.org/records/14983362,,
2018-11-01,14336.0,,,,zenodo,,https://zenodo.org/records/14983362,,
2018-11-02,13841.0,,,,zenodo,,https://zenodo.org/records/14983362,,
2018-11-03,12541.0,,,,zenodo,,https://zenodo.org/records/14983362,,
2018-11-04,11873.0,,,,zenodo,,https://zenodo.org/records/14983362,,
2018-11-05,12333.0,,,,zenodo,,https://zenodo.org/records/14983362,,
2018-11-06,10297.0,,,,zenodo,,https://zenodo.org/records/14983362,,
2018-11-07,10975.0,,,,zenodo,,https://zenodo.org/records/14983362,,
2018-11-08,12500.0,,,,zenodo,,https://zenodo.org/records/14983362,,
2018-11-09,13497.0,,,,zenodo,,https://zenodo.org/records/14983362,,
2018-11-10,13292.0,,,,zenodo,,https://zenodo.org/records/14983362,,
2018-11-11,12432.0,,,,zenodo,,https://zenodo.org/records/14983362,,
2018-11-12,13754.0,,,,zenodo,,https://zenodo.org/records/14983362,,
2018-11-13,14219.0,,,,zenodo,,https://zenodo.org/records/14983362,,
2018-11-14,14683.0,,,,zenodo,,https://zenodo.org/records/14983362,,
2018-11-15,13948.0,,,,zenodo,,https://zenodo.org/records/14983362,,
2018-11-16,12598.0,,,,zenodo,,https://zenodo.org/records/14983362,,
2018-11-17,11284.0,,,,zenodo,,https://zenodo.org/records/14983362,,
2018-11-18,11157.0,,,,zenodo,,https://zenodo.org/records/14983362,,
2018-11-19,12934.0,,,,zenodo,,https://zenodo.org/records/14983362,,
2018-11-20,12826.0,,,,zenodo,,https://zenodo.org/records/14983362,,
2018-11-21,12609.0,,,,zenodo,,https://zenodo.org/records/14983362,,
2018-11-22,12776.0,,,,zenodo,,https://zenodo.org/records/14983362,,
2018-11-23,12457.0,,,,zenodo,,https://zenodo.org/records/14983362,,
2018-11-24,12634.0,,,,zenodo,,https://zenodo.org/records/14983362,,
2018-11-25,11489.0,,,,zenodo,,https://zenodo.org/records/14983362,,
2018-11-26,12882.0,0.0,259.7,2018-11-27,grid_india_psp_report,files/grdw/uploads/download-manager-files/27.11.18_NLDC_PSP.pdf,https://webcdn.grid-india.in/files/grdw/uploads/download-manager-files/27.11.18_NLDC_PSP.pdf,2026-09-24T17:45:03.756232,ok
2018-11-27,12929.0,,,,zenodo,,https://zenodo.org/records/14983362,,
2018-11-28,13395.0,,,,zenodo,,https://zenodo.org/records/14983362,,
2018-11-29,12689.0,,,,zenodo,,https://zenodo.org/records/14983362,,
2018-11-30,13164.0,,,,zenodo,,https://zenodo.org/records/14983362,,
2018-12-01,12939.0,,,,zenodo,,https://zenodo.org/records/14983362,,
2018-12-02,11636.0,,,,zenodo,,https://zenodo.org/records/14983362,,
2018-12-03,13588.0,,,,zenodo,,https://zenodo.org/records/14983362,,
2018-12-04,14220.0,,,,zenodo,,https://zenodo.org/records/14983362,,
2018-12-05,13000.0,,,,zenodo,,https://zenodo.org/records/14983362,,
2018-12-06,13438.0,,,,zenodo,,https://zenodo.org/records/14983362,,
2018-12-07,13759.0,,,,zenodo,,https://zenodo.org/records/14983362,,
2018-12-08,13300.0,,,,zenodo,,https://zenodo.org/records/14983362,,
2018-12-09,12186.0,,,,zenodo,,https://zenodo.org/records/14983362,,
2018-12-10,13816.0,,,,zenodo,,https://zenodo.org/records/14983362,,
2018-12-11,14241.0,,,,zenodo,,https://zenodo.org/records/14983362,,
2018-12-12,14141.0,,,,zenodo,,https://zenodo.org/records/14983362,,
2018-12-13,13778.0,,,,zenodo,,https://zenodo.org/records/14983362,,
2018-12-14,14227.0,,,,zenodo,,https://zenodo.org/records/14983362,,
2018-12-15,14168.0,,,,zenodo,,https://zenodo.org/records/14983362,,
2018-12-16,12740.0,,,,zenodo,,https://zenodo.org/records/14983362,,
2018-12-17,14165.0,,,,zenodo,,https://zenodo.org/records/14983362,,
2018-12-18,14297.0,,,,zenodo,,https://zenodo.org/records/14983362,,
2018-12-19,13822.0,,,,zenodo,,https://zenodo.org/records/14983362,,
2018-12-20,14520.0,,,,zenodo,,https://zenodo.org/records/14983362,,
2018-12-21,14368.0,,,,zenodo,,https://zenodo.org/records/14983362,,
2018-12-22,13844.0,,,,zenodo,,https://zenodo.org/records/14983362,,
2018-12-23,12334.0,,,,zenodo,,https://zenodo.org/records/14983362,,
2018-12-24,13730.0,,,,zenodo,,https://zenodo.org/records/14983362,,
2018-12-25,13391.0,,,,zenodo,,https://zenodo.org/records/14983362,,
2018-12-26,14106.0,,,,zenodo,,https://zenodo.org/records/14983362,,
2018-12-27,14280.0,,,,zenodo,,https://zenodo.org/records/14983362,,
2018-12-28,14193.0,,,,zenodo,,https://zenodo.org/records/14983362,,
2018-12-29,13431.0,,,,zenodo,,https://zenodo.org/records/14983362,,
2018-12-30,12210.0,,,,zenodo,,https://zenodo.org/records/14983362,,
2018-12-31,13631.0,,,,zenodo,,https://zenodo.org/records/14983362,,
2019-01-01,13140.0,,,,zenodo,,https://zenodo.org/records/14983362,,
2019-01-02,13812.0,,,,zenodo,,https://zenodo.org/records/14983362,,
2019-01-03,14123.0,,,,zenodo,,https://zenodo.org/records/14983362,,
2019-01-04,13887.0,,,,zenodo,,https://zenodo.org/records/14983362,,
2019-01-05,13617.0,,,,zenodo,,https://zenodo.org/records/14983362,,
2019-01-06,13016.0,,,,zenodo,,https://zenodo.org/records/14983362,,
2019-01-07,14114.0,,,,zenodo,,https://zenodo.org/records/14983362,,
2019-01-08,14132.0,,,,zenodo,,https://zenodo.org/records/14983362,,
2019-01-09,14104.0,,,,zenodo,,https://zenodo.org/records/14983362,,
2019-01-10,14194.0,,,,zenodo,,https://zenodo.org/records/14983362,,
2019-01-11,14213.0,,,,zenodo,,https://zenodo.org/records/14983362,,
2019-01-12,13407.0,,,,zenodo,,https://zenodo.org/records/14983362,,
2019-01-13,12786.0,,,,zenodo,,https://zenodo.org/records/14983362,,
2019-01-14,13452.0,,,,zenodo,,https://zenodo.org/records/14983362,,
2019-01-15,11846.0,,,,zenodo,,https://zenodo.org/records/14983362,,
2019-01-16,11134.0,,,,zenodo,,https://zenodo.org/records/14983362,,
2019-01-17,11368.0,,,,zenodo,,https://zenodo.org/records/14983362,,
2019-01-18,13145.0,,,,zenodo,,https://zenodo.org/records/14983362,,
2019-01-19,13110.0,,,,zenodo,,https://zenodo.org/records/14983362,,
2019-01-20,12473.0,,,,zenodo,,https://zenodo.org/records/14983362,,
2019-01-21,13444.0,,,,zenodo,,https://zenodo.org/records/14983362,,
2019-01-22,13867.0,,,,zenodo,,https://zenodo.org/records/14983362,,
2019-01-23,13966.0,,,,zenodo,,https://zenodo.org/records/14983362,,
2019-01-24,14462.0,,,,zenodo,,https://zenodo.org/records/14983362,,
2019-01-25,14339.0,,,,zenodo,,https://zenodo.org/records/14983362,,
2019-01-26,12940.0,,,,zenodo,,https://zenodo.org/records/14983362,,
2019-01-27,12659.0,,,,zenodo,,https://zenodo.org/records/14983362,,
2019-01-28,14111.0,,,,zenodo,,https://zenodo.org/records/14983362,,
2019-01-29,14209.0,,,,zenodo,,https://zenodo.org/records/14983362,,
2019-01-30,14063.0,,,,zenodo,,https://zenodo.org/records/14983362,,
2019-01-31,14179.0,,,,zenodo,,https://zenodo.org/records/14983362,,
2019-02-01,14262.0,,,,zenodo,,https://zenodo.org/records/14983362,,
2019-02-02,13953.0,,,,zenodo,,https://zenodo.org/records/14983362,,
2019-02-03,13065.0,,,,zenodo,,https://zenodo.org/records/14983362,,
2019-02-04,14104.0,,,,zenodo,,https://zenodo.org/records/14983362,,
2019-02-05,14372.0,,,,zenodo,,https://zenodo.org/records/14983362,,
2019-02-06,14594.0,,,,zenodo,,https://zenodo.org/records/14983362,,
2019-02-07,14566.0,,,,zenodo,,https://zenodo.org/records/14983362,,
2019-02-08,14817.0,,,,zenodo,,https://zenodo.org/records/14983362,,
2019-02-09,14855.0,,,,zenodo,,https://zenodo.org/records/14983362,,
2019-02-10,13178.0,,,,zenodo,,https://zenodo.org/records/14983362,,
2019-02-11,14451.0,,,,zenodo,,https://zenodo.org/records/14983362,,
2019-02-12,14914.0,,,,zenodo,,https://zenodo.org/records/14983362,,
2019-02-13,14617.0,,,,zenodo,,https://zenodo.org/records/14983362,,
2019-02-14,14521.0,,,,zenodo,,https://zenodo.org/records/14983362,,
2019-02-15,14764.0,,,,zenodo,,https://zenodo.org/records/14983362,,
2019-02-16,14855.0,,,,zenodo,,https://zenodo.org/records/14983362,,
2019-02-17,13330.0,,,,zenodo,,https://zenodo.org/records/14983362,,
2019-02-18,14999.0,,,,zenodo,,https://zenodo.org/records/14983362,,
2019-02-19,15115.0,,,,zenodo,,https://zenodo.org/records/14983362,,
2019-02-20,15265.0,,,,zenodo,,https://zenodo.org/records/14983362,,
2019-02-21,15104.0,,,,zenodo,,https://zenodo.org/records/14983362,,
2019-02-22,14719.0,,,,zenodo,,https://zenodo.org/records/14983362,,
2019-02-23,14494.0,,,,zenodo,,https://zenodo.org/records/14983362,,
2019-02-24,13149.0,,,,zenodo,,https://zenodo.org/records/14983362,,
2019-02-25,15042.0,,,,zenodo,,https://zenodo.org/records/14983362,,
2019-02-27,14845.0,,,,zenodo,,https://zenodo.org/records/14983362,,
2019-02-28,15562.0,,,,zenodo,,https://zenodo.org/records/14983362,,
2019-03-01,15426.0,,,,zenodo,,https://zenodo.org/records/14983362,,
2019-03-02,15484.0,,,,zenodo,,https://zenodo.org/records/14983362,,
2019-03-03,13882.0,,,,zenodo,,https://zenodo.org/records/14983362,,
2019-03-04,15424.0,,,,zenodo,,https://zenodo.org/records/14983362,,
2019-03-05,15414.0,,,,zenodo,,https://zenodo.org/records/14983362,,
2019-03-06,15518.0,,,,zenodo,,https://zenodo.org/records/14983362,,
2019-03-07,15691.0,,,,zenodo,,https://zenodo.org/records/14983362,,
2019-03-08,15267.0,,,,zenodo,,https://zenodo.org/records/14983362,,
2019-03-09,15240.0,,,,zenodo,,https://zenodo.org/records/14983362,,
2019-03-10,14085.0,,,,zenodo,,https://zenodo.org/records/14983362,,
2019-03-11,15844.0,,,,zenodo,,https://zenodo.org/records/14983362,,
2019-03-12,15689.0,,,,zenodo,,https://zenodo.org/records/14983362,,
2019-03-13,15511.0,,,,zenodo,,https://zenodo.org/records/14983362,,
2019-03-14,15745.0,,,,zenodo,,https://zenodo.org/records/14983362,,
2019-03-15,15218.0,,,,zenodo,,https://zenodo.org/records/14983362,,
2019-03-16,15364.0,,,,zenodo,,https://zenodo.org/records/14983362,,
2019-03-17,13879.0,,,,zenodo,,https://zenodo.org/records/14983362,,
2019-03-18,15692.0,,,,zenodo,,https://zenodo.org/records/14983362,,
2019-03-19,15757.0,,,,zenodo,,https://zenodo.org/records/14983362,,
2019-03-20,15681.0,,,,zenodo,,https://zenodo.org/records/14983362,,
2019-03-21,15366.0,,,,zenodo,,https://zenodo.org/records/14983362,,
2019-03-22,15988.0,,,,zenodo,,https://zenodo.org/records/14983362,,
2019-03-23,15602.0,,,,zenodo,,https://zenodo.org/records/14983362,,
2019-03-24,14329.0,,,,zenodo,,https://zenodo.org/records/14983362,,
2019-03-25,16129.0,,,,zenodo,,https://zenodo.org/records/14983362,,
2019-03-26,15879.0,,,,zenodo,,https://zenodo.org/records/14983362,,
2019-03-27,15536.0,,,,zenodo,,https://zenodo.org/records/14983362,,
2019-03-28,15325.0,,,,zenodo,,https://zenodo.org/records/14983362,,
2019-03-29,15924.0,,,,zenodo,,https://zenodo.org/records/14983362,,
2019-03-30,15568.0,,,,zenodo,,https://zenodo.org/records/14983362,,
2019-03-31,14529.0,,,,zenodo,,https://zenodo.org/records/14983362,,
2019-04-01,15226.0,,,,zenodo,,https://zenodo.org/records/14983362,,
2019-04-02,15802.0,,,,zenodo,,https://zenodo.org/records/14983362,,
2019-04-03,16386.0,,,,zenodo,,https://zenodo.org/records/14983362,,
2019-04-04,16047.0,,,,zenodo,,https://zenodo.org/records/14983362,,
2019-04-05,15753.0,,,,zenodo,,https://zenodo.org/records/14983362,,
2019-04-06,15599.0,,,,zenodo,,https://zenodo.org/records/14983362,,
2019-04-07,13683.0,,,,zenodo,,https://zenodo.org/records/14983362,,
2019-04-08,15401.0,,,,zenodo,,https://zenodo.org/records/14983362,,
2019-04-09,15655.0,,,,zenodo,,https://zenodo.org/records/14983362,,
2019-04-10,16047.0,,,,zenodo,,https://zenodo.org/records/14983362,,
2019-04-11,15886.0,,,,zenodo,,https://zenodo.org/records/14983362,,
2019-04-12,16040.0,,,,zenodo,,https://zenodo.org/records/14983362,,
2019-04-13,15750.0,,,,zenodo,,https://zenodo.org/records/14983362,,
2019-04-14,14250.0,,,,zenodo,,https://zenodo.org/records/14983362,,
2019-04-15,15739.0,,,,zenodo,,https://zenodo.org/records/14983362,,
2019-04-16,16040.0,,,,zenodo,,https://zenodo.org/records/14983362,,
2019-04-17,15848.0,,,,zenodo,,https://zenodo.org/records/14983362,,
2019-04-18,14457.0,,,,zenodo,,https://zenodo.org/records/14983362,,
2019-04-19,14451.0,,,,zenodo,,https://zenodo.org/records/14983362,,
2019-04-20,14356.0,,,,zenodo,,https://zenodo.org/records/14983362,,
2019-04-21,12999.0,,,,zenodo,,https://zenodo.org/records/14983362,,
2019-04-22,14568.0,,,,zenodo,,https://zenodo.org/records/14983362,,
2019-04-23,14746.0,,,,zenodo,,https://zenodo.org/records/14983362,,
2019-04-24,15357.0,,,,zenodo,,https://zenodo.org/records/14983362,,
2019-04-25,15741.0,,,,zenodo,,https://zenodo.org/records/14983362,,
2019-04-26,15532.0,,,,zenodo,,https://zenodo.org/records/14983362,,
2019-04-27,15599.0,,,,zenodo,,https://zenodo.org/records/14983362,,
2019-04-28,14273.0,,,,zenodo,,https://zenodo.org/records/14983362,,
2019-04-29,15391.0,,,,zenodo,,https://zenodo.org/records/14983362,,
2019-04-30,14672.0,,,,zenodo,,https://zenodo.org/records/14983362,,
2019-05-01,13172.0,,,,zenodo,,https://zenodo.org/records/14983362,,
2019-05-02,15441.0,,,,zenodo,,https://zenodo.org/records/14983362,,
2019-05-03,15428.0,,,,zenodo,,https://zenodo.org/records/14983362,,
2019-05-04,15428.0,,,,zenodo,,https://zenodo.org/records/14983362,,
2019-05-05,14345.0,,,,zenodo,,https://zenodo.org/records/14983362,,
2019-05-06,15308.0,,,,zenodo,,https://zenodo.org/records/14983362,,
2019-05-07,14659.0,,,,zenodo,,https://zenodo.org/records/14983362,,
2019-05-08,14931.0,,,,zenodo,,https://zenodo.org/records/14983362,,
2019-05-09,14939.0,,,,zenodo,,https://zenodo.org/records/14983362,,
2019-05-10,15206.0,,,,zenodo,,https://zenodo.org/records/14983362,,
2019-05-11,15417.0,,,,zenodo,,https://zenodo.org/records/14983362,,
2019-05-12,14819.0,,,,zenodo,,https://zenodo.org/records/14983362,,
2019-05-13,15009.0,,,,zenodo,,https://zenodo.org/records/14983362,,
2019-05-14,15088.0,,,,zenodo,,https://zenodo.org/records/14983362,,
2019-05-15,15307.0,,,,zenodo,,https://zenodo.org/records/14983362,,
2019-05-16,15586.0,,,,zenodo,,https://zenodo.org/records/14983362,,
2019-05-17,15273.0,,,,zenodo,,https://zenodo.org/records/14983362,,
2019-05-18,15129.0,,,,zenodo,,https://zenodo.org/records/14983362,,
2019-05-19,14206.0,,,,zenodo,,https://zenodo.org/records/14983362,,
2019-05-20,15690.0,,,,zenodo,,https://zenodo.org/records/14983362,,
2019-05-21,15952.0,,,,zenodo,,https://zenodo.org/records/14983362,,
2019-05-22,15916.0,,,,zenodo,,https://zenodo.org/records/14983362,,
2019-05-23,15767.0,,,,zenodo,,https://zenodo.org/records/14983362,,
2019-05-24,15627.0,,,,zenodo,,https://zenodo.org/records/14983362,,
2019-05-25,15097.0,,,,zenodo,,https://zenodo.org/records/14983362,,
2019-05-26,13865.0,,,,zenodo,,https://zenodo.org/records/14983362,,
2019-05-27,15170.0,,,,zenodo,,https://zenodo.org/records/14983362,,
2019-05-28,15004.0,,,,zenodo,,https://zenodo.org/records/14983362,,
2019-05-29,15328.0,,,,zenodo,,https://zenodo.org/records/14983362,,
2019-05-30,15718.0,,,,zenodo,,https://zenodo.org/records/14983362,,
2019-05-31,15352.0,,,,zenodo,,https://zenodo.org/records/14983362,,
2019-06-01,15100.0,,,,zenodo,,https://zenodo.org/records/14983362,,
2019-06-02,13757.0,,,,zenodo,,https://zenodo.org/records/14983362,,
2019-06-03,14963.0,,,,zenodo,,https://zenodo.org/records/14983362,,
2019-06-04,15080.0,,,,zenodo,,https://zenodo.org/records/14983362,,
2019-06-05,14227.0,,,,zenodo,,https://zenodo.org/records/14983362,,
2019-06-06,15214.0,,,,zenodo,,https://zenodo.org/records/14983362,,
2019-06-07,14784.0,,,,zenodo,,https://zenodo.org/records/14983362,,
2019-06-08,15215.0,,,,zenodo,,https://zenodo.org/records/14983362,,
2019-06-09,13782.0,,,,zenodo,,https://zenodo.org/records/14983362,,
2019-06-10,15069.0,0.0,327.3,2019-06-11,grid_india_psp_report,files/grdw/uploads/download-manager-files/11.06.19_NLDC_PSP.pdf,https://webcdn.grid-india.in/files/grdw/uploads/download-manager-files/11.06.19_NLDC_PSP.pdf,2026-09-24T17:45:31.011515,ok
2019-06-11,15734.0,,,,zenodo,,https://zenodo.org/records/14983362,,
2019-06-12,15707.0,,,,zenodo,,https://zenodo.org/records/14983362,,
2019-06-13,15287.0,,,,zenodo,,https://zenodo.org/records/14983362,,
2019-06-14,15875.0,,,,zenodo,,https://zenodo.org/records/14983362,,
2019-06-15,15609.0,,,,zenodo,,https://zenodo.org/records/14983362,,
2019-06-16,15244.0,,,,zenodo,,https://zenodo.org/records/14983362,,
2019-06-17,15797.0,,,,zenodo,,https://zenodo.org/records/14983362,,
2019-06-18,15986.0,,,,zenodo,,https://zenodo.org/records/14983362,,
2019-06-19,15848.0,,,,zenodo,,https://zenodo.org/records/14983362,,
2019-06-20,15901.0,,,,zenodo,,https://zenodo.org/records/14983362,,
2019-06-21,15156.0,,,,zenodo,,https://zenodo.org/records/14983362,,
2019-06-22,14683.0,,,,zenodo,,https://zenodo.org/records/14983362,,
2019-06-23,14196.0,,,,zenodo,,https://zenodo.org/records/14983362,,
2019-06-24,15111.0,,,,zenodo,,https://zenodo.org/records/14983362,,
2019-06-25,15022.0,,,,zenodo,,https://zenodo.org/records/14983362,,
2019-06-26,14038.0,,,,zenodo,,https://zenodo.org/records/14983362,,
2019-06-27,14609.0,,,,zenodo,,https://zenodo.org/records/14983362,,
2019-06-28,15600.0,,,,zenodo,,https://zenodo.org/records/14983362,,
2019-06-29,15048.0,,,,zenodo,,https://zenodo.org/records/14983362,,
2019-06-30,14313.0,,,,zenodo,,https://zenodo.org/records/14983362,,
2019-07-01,15477.0,,,,zenodo,,https://zenodo.org/records/14983362,,
2019-07-02,15354.0,,,,zenodo,,https://zenodo.org/records/14983362,,
2019-07-03,15719.0,,,,zenodo,,https://zenodo.org/records/14983362,,
2019-07-04,15850.0,,,,zenodo,,https://zenodo.org/records/14983362,,
2019-07-05,15727.0,,,,zenodo,,https://zenodo.org/records/14983362,,
2019-07-06,15402.0,,,,zenodo,,https://zenodo.org/records/14983362,,
2019-07-07,13642.0,,,,zenodo,,https://zenodo.org/records/14983362,,
2019-07-08,15645.0,,,,zenodo,,https://zenodo.org/records/14983362,,
2019-07-09,15018.0,,,,zenodo,,https://zenodo.org/records/14983362,,
2019-07-10,14840.0,,,,zenodo,,https://zenodo.org/records/14983362,,
2019-07-11,14696.0,,,,zenodo,,https://zenodo.org/records/14983362,,
2019-07-12,14962.0,,,,zenodo,,https://zenodo.org/records/14983362,,
2019-07-13,14358.0,,,,zenodo,,https://zenodo.org/records/14983362,,
2019-07-14,12825.0,,,,zenodo,,https://zenodo.org/records/14983362,,
2019-07-15,14156.0,,,,zenodo,,https://zenodo.org/records/14983362,,
2019-07-16,14245.0,,,,zenodo,,https://zenodo.org/records/14983362,,
2019-07-17,14178.0,,,,zenodo,,https://zenodo.org/records/14983362,,
2019-07-18,14346.0,,,,zenodo,,https://zenodo.org/records/14983362,,
2019-07-19,13750.0,,,,zenodo,,https://zenodo.org/records/14983362,,
2019-07-20,13907.0,,,,zenodo,,https://zenodo.org/records/14983362,,
2019-07-21,12558.0,,,,zenodo,,https://zenodo.org/records/14983362,,
2019-07-22,14099.0,,,,zenodo,,https://zenodo.org/records/14983362,,
2019-07-23,14039.0,,,,zenodo,,https://zenodo.org/records/14983362,,
2019-07-24,14650.0,,,,zenodo,,https://zenodo.org/records/14983362,,
2019-07-25,14226.0,,,,zenodo,,https://zenodo.org/records/14983362,,
2019-07-26,13998.0,,,,zenodo,,https://zenodo.org/records/14983362,,
2019-07-27,13588.0,,,,zenodo,,https://zenodo.org/records/14983362,,
2019-07-28,12738.0,,,,zenodo,,https://zenodo.org/records/14983362,,
2019-07-29,14190.0,,,,zenodo,,https://zenodo.org/records/14983362,,
2019-07-30,14272.0,,,,zenodo,,https://zenodo.org/records/14983362,,
2019-07-31,14833.0,,,,zenodo,,https://zenodo.org/records/14983362,,
2019-08-01,14758.0,,,,zenodo,,https://zenodo.org/records/14983362,,
2019-08-02,14683.0,,,,zenodo,,https://zenodo.org/records/14983362,,
2019-08-03,13742.0,,,,zenodo,,https://zenodo.org/records/14983362,,
2019-08-04,12952.0,,,,zenodo,,https://zenodo.org/records/14983362,,
2019-08-05,13565.0,,,,zenodo,,https://zenodo.org/records/14983362,,
2019-08-06,13871.0,,,,zenodo,,https://zenodo.org/records/14983362,,
2019-08-07,13588.0,,,,zenodo,,https://zenodo.org/records/14983362,,
2019-08-08,13472.0,,,,zenodo,,https://zenodo.org/records/14983362,,
2019-08-09,13565.0,,,,zenodo,,https://zenodo.org/records/14983362,,
2019-08-10,13442.0,,,,zenodo,,https://zenodo.org/records/14983362,,
2019-08-11,12463.0,,,,zenodo,,https://zenodo.org/records/14983362,,
2019-08-12,14125.0,,,,zenodo,,https://zenodo.org/records/14983362,,
2019-08-13,14066.0,,,,zenodo,,https://zenodo.org/records/14983362,,
2019-08-14,13998.0,,,,zenodo,,https://zenodo.org/records/14983362,,
2019-08-15,12663.0,,,,zenodo,,https://zenodo.org/records/14983362,,
2019-08-16,13633.0,,,,zenodo,,https://zenodo.org/records/14983362,,
2019-08-17,13017.0,,,,zenodo,,https://zenodo.org/records/14983362,,
2019-08-18,11604.0,,,,zenodo,,https://zenodo.org/records/14983362,,
2019-08-19,13276.0,,,,zenodo,,https://zenodo.org/records/14983362,,
2019-08-20,13294.0,,,,zenodo,,https://zenodo.org/records/14983362,,
2019-08-21,13087.0,,,,zenodo,,https://zenodo.org/records/14983362,,
2019-08-22,13109.0,,,,zenodo,,https://zenodo.org/records/14983362,,
2019-08-23,12915.0,,,,zenodo,,https://zenodo.org/records/14983362,,
2019-08-24,13312.0,,,,zenodo,,https://zenodo.org/records/14983362,,
2019-08-25,11445.0,0.0,261.3,2019-08-26,grid_india_psp_report,files/grdw/uploads/download-manager-files/26.08.19_NLDC_PSP.pdf,https://webcdn.grid-india.in/files/grdw/uploads/download-manager-files/26.08.19_NLDC_PSP.pdf,2026-09-24T17:45:43.087219,ok
2019-08-26,13777.0,,,,zenodo,,https://zenodo.org/records/14983362,,
2019-08-27,14147.0,,,,zenodo,,https://zenodo.org/records/14983362,,
2019-08-28,14124.0,,,,zenodo,,https://zenodo.org/records/14983362,,
2019-08-29,14168.0,,,,zenodo,,https://zenodo.org/records/14983362,,
2019-08-30,14204.0,,,,zenodo,,https://zenodo.org/records/14983362,,
2019-08-31,14131.0,,,,zenodo,,https://zenodo.org/records/14983362,,
2019-09-01,12372.0,,,,zenodo,,https://zenodo.org/records/14983362,,
2019-09-02,11974.0,,,,zenodo,,https://zenodo.org/records/14983362,,
2019-09-03,13287.0,,,,zenodo,,https://zenodo.org/records/14983362,,
2019-09-04,13887.0,,,,zenodo,,https://zenodo.org/records/14983362,,
2019-09-05,14102.0,,,,zenodo,,https://zenodo.org/records/14983362,,
2019-09-06,14258.0,,,,zenodo,,https://zenodo.org/records/14983362,,
2019-09-07,13793.0,,,,zenodo,,https://zenodo.org/records/14983362,,
2019-09-08,13017.0,,,,zenodo,,https://zenodo.org/records/14983362,,
2019-09-09,15133.0,,,,zenodo,,https://zenodo.org/records/14983362,,
2019-09-10,15017.0,,,,zenodo,,https://zenodo.org/records/14983362,,
2019-09-11,13680.0,,,,zenodo,,https://zenodo.org/records/14983362,,
2019-09-12,13082.0,,,,zenodo,,https://zenodo.org/records/14983362,,
2019-09-13,13262.0,,,,zenodo,,https://zenodo.org/records/14983362,,
2019-09-14,13237.0,,,,zenodo,,https://zenodo.org/records/14983362,,
2019-09-15,11955.0,,,,zenodo,,https://zenodo.org/records/14983362,,
2019-09-16,13019.0,,,,zenodo,,https://zenodo.org/records/14983362,,
2019-09-17,12874.0,,,,zenodo,,https://zenodo.org/records/14983362,,
2019-09-18,13510.0,,,,zenodo,,https://zenodo.org/records/14983362,,
2019-09-19,13540.0,,,,zenodo,,https://zenodo.org/records/14983362,,
2019-09-20,13857.0,,,,zenodo,,https://zenodo.org/records/14983362,,
2019-09-21,13250.0,,,,zenodo,,https://zenodo.org/records/14983362,,
2019-09-22,11809.0,,,,zenodo,,https://zenodo.org/records/14983362,,
2019-09-23,13151.0,,,,zenodo,,https://zenodo.org/records/14983362,,
2019-09-24,13522.0,,,,zenodo,,https://zenodo.org/records/14983362,,
2019-09-25,13372.0,,,,zenodo,,https://zenodo.org/records/14983362,,
2019-09-26,13467.0,,,,zenodo,,https://zenodo.org/records/14983362,,
2019-09-27,13422.0,,,,zenodo,,https://zenodo.org/records/14983362,,
2019-09-28,12960.0,,,,zenodo,,https://zenodo.org/records/14983362,,
2019-09-29,12289.0,,,,zenodo,,https://zenodo.org/records/14983362,,
2019-09-30,13234.0,,,,zenodo,,https://zenodo.org/records/14983362,,
2019-10-01,13492.0,,,,zenodo,,https://zenodo.org/records/14983362,,
2019-10-02,12564.0,,,,zenodo,,https://zenodo.org/records/14983362,,
2019-10-03,13863.0,,,,zenodo,,https://zenodo.org/records/14983362,,
2019-10-04,14400.0,,,,zenodo,,https://zenodo.org/records/14983362,,
2019-10-05,13810.0,,,,zenodo,,https://zenodo.org/records/14983362,,
2019-10-06,12577.0,,,,zenodo,,https://zenodo.org/records/14983362,,
2019-10-07,12010.0,,,,zenodo,,https://zenodo.org/records/14983362,,
2019-10-08,13691.0,,,,zenodo,,https://zenodo.org/records/14983362,,
2019-10-09,14430.0,,,,zenodo,,https://zenodo.org/records/14983362,,
2019-10-10,14507.0,,,,zenodo,,https://zenodo.org/records/14983362,,
2019-10-11,14701.0,,,,zenodo,,https://zenodo.org/records/14983362,,
2019-10-12,14204.0,,,,zenodo,,https://zenodo.org/records/14983362,,
2019-10-13,12668.0,,,,zenodo,,https://zenodo.org/records/14983362,,
2019-10-14,14508.0,,,,zenodo,,https://zenodo.org/records/14983362,,
2019-10-15,13826.0,,,,zenodo,,https://zenodo.org/records/14983362,,
2019-10-16,13593.0,,,,zenodo,,https://zenodo.org/records/14983362,,
2019-10-17,13263.0,,,,zenodo,,https://zenodo.org/records/14983362,,
2019-10-18,13655.0,,,,zenodo,,https://zenodo.org/records/14983362,,
2019-10-19,13024.0,,,,zenodo,,https://zenodo.org/records/14983362,,
2019-10-20,11497.0,,,,zenodo,,https://zenodo.org/records/14983362,,
2019-10-21,12575.0,,,,zenodo,,https://zenodo.org/records/14983362,,
2019-10-23,12883.0,,,,zenodo,,https://zenodo.org/records/14983362,,
2019-10-24,12996.0,,,,zenodo,,https://zenodo.org/records/14983362,,
2019-10-25,12450.0,,,,zenodo,,https://zenodo.org/records/14983362,,
2019-10-26,11492.0,,,,zenodo,,https://zenodo.org/records/14983362,,
2019-10-27,9968.0,,,,zenodo,,https://zenodo.org/records/14983362,,
2019-10-28,10087.0,,,,zenodo,,https://zenodo.org/records/14983362,,
2019-10-29,10596.0,,,,zenodo,,https://zenodo.org/records/14983362,,
2019-10-30,11200.0,,,,zenodo,,https://zenodo.org/records/14983362,,
2019-10-31,11138.0,,,,zenodo,,https://zenodo.org/records/14983362,,
2019-11-01,12101.0,,,,zenodo,,https://zenodo.org/records/14983362,,
2019-11-02,12098.0,,,,zenodo,,https://zenodo.org/records/14983362,,
2019-11-03,11106.0,,,,zenodo,,https://zenodo.org/records/14983362,,
2019-11-04,13611.0,,,,zenodo,,https://zenodo.org/records/14983362,,
2019-11-05,14085.0,,,,zenodo,,https://zenodo.org/records/14983362,,
2019-11-06,14123.0,,,,zenodo,,https://zenodo.org/records/14983362,,
2019-11-07,13971.0,,,,zenodo,,https://zenodo.org/records/14983362,,
2019-11-08,13922.0,,,,zenodo,,https://zenodo.org/records/14983362,,
2019-11-09,13299.0,,,,zenodo,,https://zenodo.org/records/14983362,,
2019-11-10,11720.0,,,,zenodo,,https://zenodo.org/records/14983362,,
2019-11-11,14126.0,,,,zenodo,,https://zenodo.org/records/14983362,,
2019-11-12,14213.0,,,,zenodo,,https://zenodo.org/records/14983362,,
2019-11-13,14157.0,,,,zenodo,,https://zenodo.org/records/14983362,,
2019-11-14,14078.0,,,,zenodo,,https://zenodo.org/records/14983362,,
2019-11-15,13625.0,,,,zenodo,,https://zenodo.org/records/14983362,,
2019-11-16,13277.0,,,,zenodo,,https://zenodo.org/records/14983362,,
2019-11-17,11920.0,,,,zenodo,,https://zenodo.org/records/14983362,,
2019-11-18,13562.0,,,,zenodo,,https://zenodo.org/records/14983362,,
2019-11-19,13950.0,,,,zenodo,,https://zenodo.org/records/14983362,,
2019-11-20,13895.0,,,,zenodo,,https://zenodo.org/records/14983362,,
2019-11-21,13317.0,,,,zenodo,,https://zenodo.org/records/14983362,,
2019-11-22,13233.0,,,,zenodo,,https://zenodo.org/records/14983362,,
2019-11-23,11809.0,,,,zenodo,,https://zenodo.org/records/14983362,,
2019-11-24,11200.0,,,,zenodo,,https://zenodo.org/records/14983362,,
2019-11-25,13626.0,,,,zenodo,,https://zenodo.org/records/14983362,,
2019-11-26,13256.0,,,,zenodo,,https://zenodo.org/records/14983362,,
2019-11-27,13341.0,,,,zenodo,,https://zenodo.org/records/14983362,,
2019-11-28,13178.0,,,,zenodo,,https://zenodo.org/records/14983362,,
2019-11-29,12919.0,,,,zenodo,,https://zenodo.org/records/14983362,,
2019-11-30,11781.0,,,,zenodo,,https://zenodo.org/records/14983362,,
2019-12-01,10160.0,,,,zenodo,,https://zenodo.org/records/14983362,,
2019-12-02,11671.0,,,,zenodo,,https://zenodo.org/records/14983362,,
2019-12-03,12296.0,,,,zenodo,,https://zenodo.org/records/14983362,,
2019-12-04,12591.0,,,,zenodo,,https://zenodo.org/records/14983362,,
2019-12-05,12693.0,,,,zenodo,,https://zenodo.org/records/14983362,,
2019-12-06,12516.0,,,,zenodo,,https://zenodo.org/records/14983362,,
2019-12-07,12009.0,,,,zenodo,,https://zenodo.org/records/14983362,,
2019-12-08,10634.0,,,,zenodo,,https://zenodo.org/records/14983362,,
2019-12-09,12907.0,,,,zenodo,,https://zenodo.org/records/14983362,,
2019-12-10,13379.0,,,,zenodo,,https://zenodo.org/records/14983362,,
2019-12-11,13607.0,,,,zenodo,,https://zenodo.org/records/14983362,,
2019-12-12,13978.0,,,,zenodo,,https://zenodo.org/records/14983362,,
2019-12-13,13937.0,,,,zenodo,,https://zenodo.org/records/14983362,,
2019-12-14,12232.0,,,,zenodo,,https://zenodo.org/records/14983362,,
2019-12-15,10657.0,,,,zenodo,,https://zenodo.org/records/14983362,,
2019-12-16,13008.0,,,,zenodo,,https://zenodo.org/records/14983362,,
2019-12-17,13072.0,,,,zenodo,,https://zenodo.org/records/14983362,,
2019-12-18,13471.0,,,,zenodo,,https://zenodo.org/records/14983362,,
2019-12-19,13347.0,,,,zenodo,,https://zenodo.org/records/14983362,,
2019-12-20,13689.0,,,,zenodo,,https://zenodo.org/records/14983362,,
2019-12-21,13029.0,,,,zenodo,,https://zenodo.org/records/14983362,,
2019-12-22,12011.0,,,,zenodo,,https://zenodo.org/records/14983362,,
2019-12-23,13616.0,,,,zenodo,,https://zenodo.org/records/14983362,,
2019-12-24,13349.0,,,,zenodo,,https://zenodo.org/records/14983362,,
2019-12-25,12323.0,,,,zenodo,,https://zenodo.org/records/14983362,,
2019-12-26,13414.0,,,,zenodo,,https://zenodo.org/records/14983362,,
2019-12-27,13090.0,,,,zenodo,,https://zenodo.org/records/14983362,,
2019-12-28,13320.0,,,,zenodo,,https://zenodo.org/records/14983362,,
2019-12-29,12037.0,,,,zenodo,,https://zenodo.org/records/14983362,,
2019-12-30,13184.0,,,,zenodo,,https://zenodo.org/records/14983362,,
2019-12-31,13703.0,,,,zenodo,,https://zenodo.org/records/14983362,,
2020-01-01,11770.0,,,,zenodo,,https://zenodo.org/records/14983362,,
2020-01-02,14048.0,,,,zenodo,,https://zenodo.org/records/14983362,,
2020-01-03,14435.0,,,,zenodo,,https://zenodo.org/records/14983362,,
2020-01-04,14397.0,,,,zenodo,,https://zenodo.org/records/14983362,,
2020-01-05,12672.0,,,,zenodo,,https://zenodo.org/records/14983362,,
2020-01-06,14111.0,,,,zenodo,,https://zenodo.org/records/14983362,,
2020-01-07,13878.0,,,,zenodo,,https://zenodo.org/records/14983362,,
2020-01-08,14372.0,,,,zenodo,,https://zenodo.org/records/14983362,,
2020-01-09,14333.0,,,,zenodo,,https://zenodo.org/records/14983362,,
2020-01-10,14419.0,,,,zenodo,,https://zenodo.org/records/14983362,,
2020-01-11,14212.0,,,,zenodo,,https://zenodo.org/records/14983362,,
2020-01-12,13063.0,,,,zenodo,,https://zenodo.org/records/14983362,,
2020-01-13,14329.0,,,,zenodo,,https://zenodo.org/records/14983362,,
2020-01-14,13207.0,,,,zenodo,,https://zenodo.org/records/14983362,,
2020-01-15,11861.0,,,,zenodo,,https://zenodo.org/records/14983362,,
2020-01-16,10650.0,,,,zenodo,,https://zenodo.org/records/14983362,,
2020-01-17,11660.0,,,,zenodo,,https://zenodo.org/records/14983362,,
2020-01-18,12272.0,,,,zenodo,,https://zenodo.org/records/14983362,,
2020-01-19,12149.0,,,,zenodo,,https://zenodo.org/records/14983362,,
2020-01-20,13978.0,,,,zenodo,,https://zenodo.org/records/14983362,,
2020-01-21,14256.0,,,,zenodo,,https://zenodo.org/records/14983362,,
2020-01-22,14461.0,,,,zenodo,,https://zenodo.org/records/14983362,,
2020-01-23,14427.0,,,,zenodo,,https://zenodo.org/records/14983362,,
2020-01-24,14498.0,,,,zenodo,,https://zenodo.org/records/14983362,,
2020-01-25,14248.0,,,,zenodo,,https://zenodo.org/records/14983362,,
2020-01-26,12574.0,,,,zenodo,,https://zenodo.org/records/14983362,,
2020-01-27,14356.0,,,,zenodo,,https://zenodo.org/records/14983362,,
2020-01-28,14719.0,,,,zenodo,,https://zenodo.org/records/14983362,,
2020-01-29,14370.0,,,,zenodo,,https://zenodo.org/records/14983362,,
2020-01-30,14537.0,,,,zenodo,,https://zenodo.org/records/14983362,,
2020-01-31,14558.0,,,,zenodo,,https://zenodo.org/records/14983362,,
2020-02-01,14246.0,,,,zenodo,,https://zenodo.org/records/14983362,,
2020-02-02,12903.0,,,,zenodo,,https://zenodo.org/records/14983362,,
2020-02-03,14383.0,,,,zenodo,,https://zenodo.org/records/14983362,,
2020-02-04,14330.0,,,,zenodo,,https://zenodo.org/records/14983362,,
2020-02-05,14415.0,,,,zenodo,,https://zenodo.org/records/14983362,,
2020-02-06,14474.0,,,,zenodo,,https://zenodo.org/records/14983362,,
2020-02-07,14746.0,,,,zenodo,,https://zenodo.org/records/14983362,,
2020-02-08,14557.0,,,,zenodo,,https://zenodo.org/records/14983362,,
2020-02-09,13092.0,,,,zenodo,,https://zenodo.org/records/14983362,,
2020-02-10,14368.0,,,,zenodo,,https://zenodo.org/records/14983362,,
2020-02-11,14469.0,,,,zenodo,,https://zenodo.org/records/14983362,,
2020-02-12,14704.0,,,,zenodo,,https://zenodo.org/records/14983362,,
2020-02-13,14595.0,,,,zenodo,,https://zenodo.org/records/14983362,,
2020-02-14,14726.0,,,,zenodo,,https://zenodo.org/records/14983362,,
2020-02-15,14637.0,,,,zenodo,,https://zenodo.org/records/14983362,,
2020-02-16,13019.0,,,,zenodo,,https://zenodo.org/records/14983362,,
2020-02-17,14358.0,,,,zenodo,,https://zenodo.org/records/14983362,,
2020-02-18,14728.0,,,,zenodo,,https://zenodo.org/records/14983362,,
2020-02-19,14819.0,,,,zenodo,,https://zenodo.org/records/14983362,,
2020-02-20,14781.0,,,,zenodo,,https://zenodo.org/records/14983362,,
2020-02-21,14508.0,,,,zenodo,,https://zenodo.org/records/14983362,,
2020-02-22,14418.0,,,,zenodo,,https://zenodo.org/records/14983362,,
2020-02-23,13107.0,,,,zenodo,,https://zenodo.org/records/14983362,,
2020-02-24,14824.0,,,,zenodo,,https://zenodo.org/records/14983362,,
2020-02-25,14923.0,,,,zenodo,,https://zenodo.org/records/14983362,,
2020-02-26,14863.0,,,,zenodo,,https://zenodo.org/records/14983362,,
2020-02-27,14784.0,,,,zenodo,,https://zenodo.org/records/14983362,,
2020-02-28,15128.0,,,,zenodo,,https://zenodo.org/records/14983362,,
2020-02-29,14691.0,,,,zenodo,,https://zenodo.org/records/14983362,,
2020-03-01,13599.0,,,,zenodo,,https://zenodo.org/records/14983362,,
2020-03-02,14799.0,,,,zenodo,,https://zenodo.org/records/14983362,,
2020-03-03,15130.0,,,,zenodo,,https://zenodo.org/records/14983362,,
2020-03-04,15502.0,,,,zenodo,,https://zenodo.org/records/14983362,,
2020-03-05,15286.0,,,,zenodo,,https://zenodo.org/records/14983362,,
2020-03-06,15242.0,,,,zenodo,,https://zenodo.org/records/14983362,,
2020-03-07,14749.0,,,,zenodo,,https://zenodo.org/records/14983362,,
2020-03-08,13183.0,,,,zenodo,,https://zenodo.org/records/14983362,,
2020-03-09,15008.0,,,,zenodo,,https://zenodo.org/records/14983362,,
2020-03-10,14596.0,,,,zenodo,,https://zenodo.org/records/14983362,,
2020-03-11,15297.0,,,,zenodo,,https://zenodo.org/records/14983362,,
2020-03-12,15248.0,,,,zenodo,,https://zenodo.org/records/14983362,,
2020-03-13,15392.0,,,,zenodo,,https://zenodo.org/records/14983362,,
2020-03-14,15019.0,,,,zenodo,,https://zenodo.org/records/14983362,,
2020-03-15,13300.0,,,,zenodo,,https://zenodo.org/records/14983362,,
2020-03-16,15565.0,,,,zenodo,,https://zenodo.org/records/14983362,,
2020-03-17,15481.0,,,,zenodo,,https://zenodo.org/records/14983362,,
2020-03-18,15538.0,,,,zenodo,,https://zenodo.org/records/14983362,,
2020-03-19,15591.0,,,,zenodo,,https://zenodo.org/records/14983362,,
2020-03-20,15304.0,,,,zenodo,,https://zenodo.org/records/14983362,,
2020-03-21,14695.0,,,,zenodo,,https://zenodo.org/records/14983362,,
2020-03-22,12233.0,,,,zenodo,,https://zenodo.org/records/14983362,,
2020-03-23,13642.0,,,,zenodo,,https://zenodo.org/records/14983362,,
2020-03-24,12833.0,,,,zenodo,,https://zenodo.org/records/14983362,,
2020-03-25,11144.0,,,,zenodo,,https://zenodo.org/records/14983362,,
2020-03-26,11124.0,,,,zenodo,,https://zenodo.org/records/14983362,,
2020-03-27,10791.0,,,,zenodo,,https://zenodo.org/records/14983362,,
2020-03-28,10791.0,,,,zenodo,,https://zenodo.org/records/14983362,,
2020-03-29,10982.0,,,,zenodo,,https://zenodo.org/records/14983362,,
2020-03-30,11029.0,,,,zenodo,,https://zenodo.org/records/14983362,,
2020-03-31,11324.0,,,,zenodo,,https://zenodo.org/records/14983362,,
2020-04-01,11498.0,,,,zenodo,,https://zenodo.org/records/14983362,,
2020-04-02,11364.0,,,,zenodo,,https://zenodo.org/records/14983362,,
2020-04-03,11168.0,,,,zenodo,,https://zenodo.org/records/14983362,,
2020-04-04,11075.0,,,,zenodo,,https://zenodo.org/records/14983362,,
2020-04-05,10737.0,,,,zenodo,,https://zenodo.org/records/14983362,,
2020-04-06,11115.0,,,,zenodo,,https://zenodo.org/records/14983362,,
2020-04-07,10627.0,,,,zenodo,,https://zenodo.org/records/14983362,,
2020-04-08,10518.0,,,,zenodo,,https://zenodo.org/records/14983362,,
2020-04-09,10362.0,,,,zenodo,,https://zenodo.org/records/14983362,,
2020-04-10,9993.0,,,,zenodo,,https://zenodo.org/records/14983362,,
2020-04-11,10046.0,,,,zenodo,,https://zenodo.org/records/14983362,,
2020-04-12,10220.0,,,,zenodo,,https://zenodo.org/records/14983362,,
2020-04-13,10669.0,,,,zenodo,,https://zenodo.org/records/14983362,,
2020-04-14,10644.0,,,,zenodo,,https://zenodo.org/records/14983362,,
2020-04-15,10738.0,,,,zenodo,,https://zenodo.org/records/14983362,,
2020-04-16,11051.0,,,,zenodo,,https://zenodo.org/records/14983362,,
2020-04-17,11291.0,,,,zenodo,,https://zenodo.org/records/14983362,,
2020-04-18,11332.0,,,,zenodo,,https://zenodo.org/records/14983362,,
2020-04-19,11150.0,,,,zenodo,,https://zenodo.org/records/14983362,,
2020-04-20,10842.0,,,,zenodo,,https://zenodo.org/records/14983362,,
2020-04-21,10871.0,,,,zenodo,,https://zenodo.org/records/14983362,,
2020-04-22,11365.0,,,,zenodo,,https://zenodo.org/records/14983362,,
2020-04-23,11219.0,,,,zenodo,,https://zenodo.org/records/14983362,,
2020-04-24,11172.0,,,,zenodo,,https://zenodo.org/records/14983362,,
2020-04-25,11134.0,,,,zenodo,,https://zenodo.org/records/14983362,,
2020-04-26,10030.0,0.0,228.7,2020-04-27,grid_india_psp_report,files/grdw/2026/02/1587962993wpdm_upload_200.pdf,https://webcdn.grid-india.in/files/grdw/2026/02/1587962993wpdm_upload_200.pdf,2026-09-24T17:46:02.472332,ok
2020-04-27,10172.0,,,,zenodo,,https://zenodo.org/records/14983362,,
2020-04-28,10205.0,,,,zenodo,,https://zenodo.org/records/14983362,,
2020-04-29,10014.0,,,,zenodo,,https://zenodo.org/records/14983362,,
2020-04-30,10358.0,,,,zenodo,,https://zenodo.org/records/14983362,,
2020-05-01,10621.0,,,,zenodo,,https://zenodo.org/records/14983362,,
2020-05-02,10812.0,,,,zenodo,,https://zenodo.org/records/14983362,,
2020-05-03,11294.0,,,,zenodo,,https://zenodo.org/records/14983362,,
2020-05-04,11622.0,,,,zenodo,,https://zenodo.org/records/14983362,,
2020-05-05,11927.0,,,,zenodo,,https://zenodo.org/records/14983362,,
2020-05-06,12317.0,,,,zenodo,,https://zenodo.org/records/14983362,,
2020-05-07,12289.0,,,,zenodo,,https://zenodo.org/records/14983362,,
2020-05-08,12834.0,,,,zenodo,,https://zenodo.org/records/14983362,,
2020-05-09,12744.0,,,,zenodo,,https://zenodo.org/records/14983362,,
2020-05-10,12538.0,,,,zenodo,,https://zenodo.org/records/14983362,,
2020-05-11,13387.0,,,,zenodo,,https://zenodo.org/records/14983362,,
2020-05-13,13073.0,,,,zenodo,,https://zenodo.org/records/14983362,,
2020-05-14,13350.0,,,,zenodo,,https://zenodo.org/records/14983362,,
2020-05-15,13419.0,,,,zenodo,,https://zenodo.org/records/14983362,,
2020-05-16,13159.0,,,,zenodo,,https://zenodo.org/records/14983362,,
2020-05-17,11886.0,,,,zenodo,,https://zenodo.org/records/14983362,,
2020-05-18,12418.0,,,,zenodo,,https://zenodo.org/records/14983362,,
2020-05-19,12801.0,,,,zenodo,,https://zenodo.org/records/14983362,,
2020-05-20,12927.0,,,,zenodo,,https://zenodo.org/records/14983362,,
2020-05-21,13395.0,,,,zenodo,,https://zenodo.org/records/14983362,,
2020-05-22,13871.0,,,,zenodo,,https://zenodo.org/records/14983362,,
2020-05-23,13896.0,,,,zenodo,,https://zenodo.org/records/14983362,,
2020-05-24,12841.0,,,,zenodo,,https://zenodo.org/records/14983362,,
2020-05-25,13685.0,,,,zenodo,,https://zenodo.org/records/14983362,,
2020-05-26,14343.0,,,,zenodo,,https://zenodo.org/records/14983362,,
2020-05-27,14258.0,,,,zenodo,,https://zenodo.org/records/14983362,,
2020-05-28,13876.0,,,,zenodo,,https://zenodo.org/records/14983362,,
2020-05-29,13815.0,,,,zenodo,,https://zenodo.org/records/14983362,,
2020-05-30,13611.0,,,,zenodo,,https://zenodo.org/records/14983362,,
2020-05-31,12721.0,,,,zenodo,,https://zenodo.org/records/14983362,,
2020-06-01,13365.0,,,,zenodo,,https://zenodo.org/records/14983362,,
2020-06-02,13589.0,,,,zenodo,,https://zenodo.org/records/14983362,,
2020-06-03,13685.0,,,,zenodo,,https://zenodo.org/records/14983362,,
2020-06-04,13979.0,,,,zenodo,,https://zenodo.org/records/14983362,,
2020-06-05,13876.0,,,,zenodo,,https://zenodo.org/records/14983362,,
2020-06-06,12868.0,,,,zenodo,,https://zenodo.org/records/14983362,,
2020-06-07,12173.0,,,,zenodo,,https://zenodo.org/records/14983362,,
2020-06-08,13707.0,,,,zenodo,,https://zenodo.org/records/14983362,,
2020-06-09,13722.0,,,,zenodo,,https://zenodo.org/records/14983362,,
2020-06-10,13095.0,,,,zenodo,,https://zenodo.org/records/14983362,,
2020-06-11,13022.0,,,,zenodo,,https://zenodo.org/records/14983362,,
2020-06-12,13097.0,,,,zenodo,,https://zenodo.org/records/14983362,,
2020-06-13,13551.0,,,,zenodo,,https://zenodo.org/records/14983362,,
2020-06-14,12887.0,,,,zenodo,,https://zenodo.org/records/14983362,,
2020-06-15,13991.0,,,,zenodo,,https://zenodo.org/records/14983362,,
2020-06-16,14546.0,,,,zenodo,,https://zenodo.org/records/14983362,,
2020-06-17,14814.0,,,,zenodo,,https://zenodo.org/records/14983362,,
2020-06-18,14395.0,,,,zenodo,,https://zenodo.org/records/14983362,,
2020-06-19,14089.0,,,,zenodo,,https://zenodo.org/records/14983362,,
2020-06-20,13740.0,0.0,313.0,2020-06-21,grid_india_psp_report,files/grdw/2026/02/21.06.20_NLDC_PSP_189.pdf,https://webcdn.grid-india.in/files/grdw/2026/02/21.06.20_NLDC_PSP_189.pdf,2026-09-24T17:46:25.255840,ok
2020-06-21,13111.0,,,,zenodo,,https://zenodo.org/records/14983362,,
2020-06-22,13072.0,,,,zenodo,,https://zenodo.org/records/14983362,,
2020-06-24,13499.0,,,,zenodo,,https://zenodo.org/records/14983362,,
2020-06-25,12401.0,,,,zenodo,,https://zenodo.org/records/14983362,,
2020-06-26,12493.0,,,,zenodo,,https://zenodo.org/records/14983362,,
2020-06-27,12916.0,,,,zenodo,,https://zenodo.org/records/14983362,,
2020-06-28,11816.0,,,,zenodo,,https://zenodo.org/records/14983362,,
2020-06-29,12637.0,,,,zenodo,,https://zenodo.org/records/14983362,,
2020-06-30,12880.0,0.0,280.7,2020-07-01,grid_india_psp_report,files/grdw/2026/02/1593579987wpdm_upload_405.pdf,https://webcdn.grid-india.in/files/grdw/2026/02/1593579987wpdm_upload_405.pdf,2026-09-24T17:46:45.063444,ok
2020-07-02,12502.0,,,,zenodo,,https://zenodo.org/records/14983362,,
2020-07-03,12163.0,,,,zenodo,,https://zenodo.org/records/14983362,,
2020-07-04,11817.0,,,,zenodo,,https://zenodo.org/records/14983362,,
2020-07-05,10678.0,,,,zenodo,,https://zenodo.org/records/14983362,,
2020-07-06,12561.0,,,,zenodo,,https://zenodo.org/records/14983362,,
2020-07-07,13211.0,,,,zenodo,,https://zenodo.org/records/14983362,,
2020-07-08,13014.0,,,,zenodo,,https://zenodo.org/records/14983362,,
2020-07-09,12881.0,,,,zenodo,,https://zenodo.org/records/14983362,,
2020-07-10,12220.0,,,,zenodo,,https://zenodo.org/records/14983362,,
2020-07-11,11838.0,,,,zenodo,,https://zenodo.org/records/14983362,,
2020-07-12,10256.0,,,,zenodo,,https://zenodo.org/records/14983362,,
2020-07-13,12304.0,,,,zenodo,,https://zenodo.org/records/14983362,,
2020-07-14,12533.0,,,,zenodo,,https://zenodo.org/records/14983362,,
2020-07-15,12371.0,,,,zenodo,,https://zenodo.org/records/14983362,,
2020-07-16,12178.0,,,,zenodo,,https://zenodo.org/records/14983362,,
2020-07-17,12540.0,,,,zenodo,,https://zenodo.org/records/14983362,,
2020-07-18,12785.0,,,,zenodo,,https://zenodo.org/records/14983362,,
2020-07-19,10540.0,,,,zenodo,,https://zenodo.org/records/14983362,,
2020-07-20,12551.0,,,,zenodo,,https://zenodo.org/records/14983362,,
2020-07-21,12846.0,,,,zenodo,,https://zenodo.org/records/14983362,,
2020-07-22,13589.0,,,,zenodo,,https://zenodo.org/records/14983362,,
2020-07-23,13473.0,,,,zenodo,,https://zenodo.org/records/14983362,,
2020-07-24,13214.0,,,,zenodo,,https://zenodo.org/records/14983362,,
2020-07-25,12967.0,,,,zenodo,,https://zenodo.org/records/14983362,,
2020-07-26,10257.0,,,,zenodo,,https://zenodo.org/records/14983362,,
2020-07-27,12571.0,,,,zenodo,,https://zenodo.org/records/14983362,,
2020-07-28,12598.0,,,,zenodo,,https://zenodo.org/records/14983362,,
2020-07-29,12037.0,,,,zenodo,,https://zenodo.org/records/14983362,,
2020-07-30,12242.0,,,,zenodo,,https://zenodo.org/records/14983362,,
2020-07-31,12957.0,,,,zenodo,,https://zenodo.org/records/14983362,,
2020-08-01,11961.0,,,,zenodo,,https://zenodo.org/records/14983362,,
2020-08-02,10169.0,0.0,219.5,2020-08-03,grid_india_psp_report,files/grdw/uploads/download-manager-files/02.08.20_NLDC_PSP_H&E%20.pdf,https://webcdn.grid-india.in/files/grdw/uploads/download-manager-files/02.08.20_NLDC_PSP_H&E%20.pdf,2026-09-24T17:47:04.839038,ok
2020-08-03,11922.0,0.0,246.6,2020-08-04,grid_india_psp_report,files/grdw/uploads/download-manager-files/03.08.20_NLDC_PSP.pdf,https://webcdn.grid-india.in/files/grdw/uploads/download-manager-files/03.08.20_NLDC_PSP.pdf,2026-09-24T17:47:09.241329,ok
2020-08-04,11983.0,0.0,251.4,2020-08-05,grid_india_psp_report,files/grdw/uploads/download-manager-files/05.08.20_NLDC_PSP.pdf,https://webcdn.grid-india.in/files/grdw/uploads/download-manager-files/05.08.20_NLDC_PSP.pdf,2026-09-24T17:47:12.960337,ok
2020-08-05,11820.0,0.0,250.6,2020-08-06,grid_india_psp_report,files/grdw/uploads/download-manager-files/06.08.20_NLDC_PSP.pdf,https://webcdn.grid-india.in/files/grdw/uploads/download-manager-files/06.08.20_NLDC_PSP.pdf,2026-09-24T17:47:17.252614,ok
2020-08-06,12867.0,,,,zenodo,,https://zenodo.org/records/14983362,,
2020-08-07,12819.0,,,,zenodo,,https://zenodo.org/records/14983362,,
2020-08-08,12807.0,,,,zenodo,,https://zenodo.org/records/14983362,,
2020-08-09,10374.0,,,,zenodo,,https://zenodo.org/records/14983362,,
2020-08-10,12695.0,,,,zenodo,,https://zenodo.org/records/14983362,,
2020-08-11,12935.0,0.0,281.6,2020-08-12,grid_india_psp_report,files/grdw/uploads/download-manager-files/11.08.20_NLDC_PSP.pdf,https://webcdn.grid-india.in/files/grdw/uploads/download-manager-files/11.08.20_NLDC_PSP.pdf,2026-09-24T17:47:28.353365,ok
2020-08-12,13267.0,0.0,278.3,2020-08-13,grid_india_psp_report,files/grdw/uploads/download-manager-files/12.08.20_NLDC_PSP.pdf,https://webcdn.grid-india.in/files/grdw/uploads/download-manager-files/12.08.20_NLDC_PSP.pdf,2026-09-24T17:47:32.603628,ok
2020-08-13,13329.0,,,,zenodo,,https://zenodo.org/records/14983362,,
2020-08-14,12913.0,,,,zenodo,,https://zenodo.org/records/14983362,,
2020-08-15,11845.0,,,,zenodo,,https://zenodo.org/records/14983362,,
2020-08-16,11870.0,,,,zenodo,,https://zenodo.org/records/14983362,,
2020-08-17,13853.0,,,,zenodo,,https://zenodo.org/records/14983362,,
2020-08-18,13866.0,,,,zenodo,,https://zenodo.org/records/14983362,,
2020-08-19,13708.0,,,,zenodo,,https://zenodo.org/records/14983362,,
2020-08-20,14002.0,0.0,310.8,2020-08-21,grid_india_psp_report,files/grdw/uploads/download-manager-files/21.08.20_NLDC_PSP.pdf,https://webcdn.grid-india.in/files/grdw/uploads/download-manager-files/21.08.20_NLDC_PSP.pdf,2026-09-24T17:47:41.639667,ok
2020-08-21,14491.0,,,,zenodo,,https://zenodo.org/records/14983362,,
2020-08-22,13869.0,,,,zenodo,,https://zenodo.org/records/14983362,,
2020-08-23,11969.0,,,,zenodo,,https://zenodo.org/records/14983362,,
2020-08-26,13604.0,0.0,299.4,2020-08-27,grid_india_psp_report,files/grdw/uploads/download-manager-files/27.08.20_NLDC_PSP.pdf,https://webcdn.grid-india.in/files/grdw/uploads/download-manager-files/27.08.20_NLDC_PSP.pdf,2026-09-24T17:47:48.965236,ok
2020-08-27,13904.0,0.0,296.9,2020-08-28,grid_india_psp_report,files/grdw/uploads/download-manager-files/27.08.20_NLDC_PSP_H&E.pdf,https://webcdn.grid-india.in/files/grdw/uploads/download-manager-files/27.08.20_NLDC_PSP_H&E.pdf,2026-09-24T17:47:53.435480,ok
2020-08-28,13831.0,0.0,301.8,2020-08-29,grid_india_psp_report,files/grdw/uploads/download-manager-files/29.08.20_NLDC_PSP.pdf,https://webcdn.grid-india.in/files/grdw/uploads/download-manager-files/29.08.20_NLDC_PSP.pdf,2026-09-24T17:47:57.521258,ok
2020-08-30,12376.0,,,,zenodo,,https://zenodo.org/records/14983362,,
2020-08-31,13101.0,,,,zenodo,,https://zenodo.org/records/14983362,,
2020-09-01,13318.0,,,,zenodo,,https://zenodo.org/records/14983362,,
2020-09-02,12971.0,0.0,275.8,2020-09-03,grid_india_psp_report,files/grdw/uploads/download-manager-files/03.09.20_NLDC_PSP.pdf,https://webcdn.grid-india.in/files/grdw/uploads/download-manager-files/03.09.20_NLDC_PSP.pdf,2026-09-24T17:48:11.473558,ok
2020-09-03,13051.0,0.0,280.4,2020-09-04,grid_india_psp_report,files/grdw/uploads/download-manager-files/03.09.20_NLDC_PSP_H&E.pdf,https://webcdn.grid-india.in/files/grdw/uploads/download-manager-files/03.09.20_NLDC_PSP_H&E.pdf,2026-09-24T17:48:15.526911,ok
2020-09-04,13190.0,0.0,284.4,2020-09-05,grid_india_psp_report,files/grdw/uploads/download-manager-files/04.09.20_NLDC_PSP%20.pdf,https://webcdn.grid-india.in/files/grdw/uploads/download-manager-files/04.09.20_NLDC_PSP%20.pdf,2026-09-24T17:48:19.312934,ok
2020-09-05,13415.0,,,,zenodo,,https://zenodo.org/records/14983362,,
2020-09-06,11343.0,,,,zenodo,,https://zenodo.org/records/14983362,,
2020-09-07,12852.0,,,,zenodo,,https://zenodo.org/records/14983362,,
2020-09-08,13017.0,,,,zenodo,,https://zenodo.org/records/14983362,,
2020-09-09,12393.0,,,,zenodo,,https://zenodo.org/records/14983362,,
2020-09-10,12822.0,,,,zenodo,,https://zenodo.org/records/14983362,,
2020-09-11,13515.0,0.0,280.3,2020-09-12,grid_india_psp_report,files/grdw/uploads/download-manager-files/12.09.20_NLDC_PSP.pdf,https://webcdn.grid-india.in/files/grdw/uploads/download-manager-files/12.09.20_NLDC_PSP.pdf,2026-09-24T17:48:30.091544,ok
2020-09-12,12698.0,0.0,280.2,2020-09-13,grid_india_psp_report,files/grdw/uploads/download-manager-files/13.09.20_NLDC_PSP.pdf,https://webcdn.grid-india.in/files/grdw/uploads/download-manager-files/13.09.20_NLDC_PSP.pdf,2026-09-24T17:48:33.691274,ok
2020-09-14,12384.0,0.0,257.2,2020-09-15,grid_india_psp_report,files/grdw/uploads/download-manager-files/14.09.20_NLDC_PSP.pdf,https://webcdn.grid-india.in/files/grdw/uploads/download-manager-files/14.09.20_NLDC_PSP.pdf,2026-09-24T17:48:38.829115,ok
2020-09-15,12605.0,,,,zenodo,,https://zenodo.org/records/14983362,,
2020-09-16,13119.0,,,,zenodo,,https://zenodo.org/records/14983362,,
2020-09-19,12779.0,0.0,279.8,2020-09-20,grid_india_psp_report,files/grdw/uploads/download-manager-files/20.09.20_NLDC_PSP.pdf,https://webcdn.grid-india.in/files/grdw/uploads/download-manager-files/20.09.20_NLDC_PSP.pdf,2026-09-24T17:48:53.291243,ok
2020-09-20,11335.0,0.0,246.3,2020-09-21,grid_india_psp_report,files/grdw/uploads/download-manager-files/21.09.20_NLDC_PSP.pdf,https://webcdn.grid-india.in/files/grdw/uploads/download-manager-files/21.09.20_NLDC_PSP.pdf,2026-09-24T17:48:56.978728,ok
2020-09-22,13567.0,0.0,291.3,2020-09-23,grid_india_psp_report,files/grdw/uploads/download-manager-files/22.09.20_NLDC_PSP.pdf,https://webcdn.grid-india.in/files/grdw/uploads/download-manager-files/22.09.20_NLDC_PSP.pdf,2026-09-24T17:49:02.733162,ok
2020-09-23,13768.0,0.0,307.9,2020-09-24,grid_india_psp_report,files/grdw/uploads/download-manager-files/23.09.20_NLDC_PSP.pdf,https://webcdn.grid-india.in/files/grdw/uploads/download-manager-files/23.09.20_NLDC_PSP.pdf,2026-09-24T17:49:10.385016,ok
2020-09-24,14419.0,,,,zenodo,,https://zenodo.org/records/14983362,,
2020-09-25,14742.0,,,,zenodo,,https://zenodo.org/records/14983362,,
2020-09-26,13951.0,,,,zenodo,,https://zenodo.org/records/14983362,,
2020-09-27,12405.0,0.0,279.4,2020-09-28,grid_india_psp_report,files/grdw/uploads/download-manager-files/28.09.20_NLDC_PSP.pdf,https://webcdn.grid-india.in/files/grdw/uploads/download-manager-files/28.09.20_NLDC_PSP.pdf,2026-09-24T17:49:18.202766,ok
2020-09-28,14836.0,0.0,293.6,2020-09-29,grid_india_psp_report,files/grdw/uploads/download-manager-files/29.09.20_NLDC_PSP.pdf,https://webcdn.grid-india.in/files/grdw/uploads/download-manager-files/29.09.20_NLDC_PSP.pdf,2026-09-24T17:49:21.781675,ok
2020-09-29,13198.0,,,,zenodo,,https://zenodo.org/records/14983362,,
2020-09-30,12683.0,,,,zenodo,,https://zenodo.org/records/14983362,,
2020-10-01,13087.0,,,,zenodo,,https://zenodo.org/records/14983362,,
2020-10-03,13152.0,,,,zenodo,,https://zenodo.org/records/14983362,,
2020-10-04,12383.0,,,,zenodo,,https://zenodo.org/records/14983362,,
2020-10-05,13936.0,,,,zenodo,,https://zenodo.org/records/14983362,,
2020-10-06,14415.0,,,,zenodo,,https://zenodo.org/records/14983362,,
2020-10-07,14373.0,,,,zenodo,,https://zenodo.org/records/14983362,,
2020-10-08,14064.0,0.0,310.9,2020-10-09,grid_india_psp_report,files/grdw/uploads/download-manager-files/09.10.20_NLDC_PSP.pdf,https://webcdn.grid-india.in/files/grdw/uploads/download-manager-files/09.10.20_NLDC_PSP.pdf,2026-09-24T17:49:43.675521,ok
2020-10-09,13799.0,,,,zenodo,,https://zenodo.org/records/14983362,,
2020-10-10,13309.0,,,,zenodo,,https://zenodo.org/records/14983362,,
2020-10-11,12041.0,,,,zenodo,,https://zenodo.org/records/14983362,,
2020-10-12,13436.0,,,,zenodo,,https://zenodo.org/records/14983362,,
2020-10-13,13884.0,0.0,292.5,2020-10-14,grid_india_psp_report,files/grdw/uploads/download-manager-files/14.10.20_NLDC_PSP.pdf,https://webcdn.grid-india.in/files/grdw/uploads/download-manager-files/14.10.20_NLDC_PSP.pdf,2026-09-24T17:49:54.777899,ok
2020-10-14,14503.0,0.0,300.9,2020-10-15,grid_india_psp_report,files/grdw/uploads/download-manager-files/15.10.20_NLDC_PSP.pdf,https://webcdn.grid-india.in/files/grdw/uploads/download-manager-files/15.10.20_NLDC_PSP.pdf,2026-09-24T17:49:59.252907,ok
2020-10-15,14425.0,,,,zenodo,,https://zenodo.org/records/14983362,,
2020-10-16,14246.0,,,,zenodo,,https://zenodo.org/records/14983362,,
2020-10-17,13750.0,,,,zenodo,,https://zenodo.org/records/14983362,,
2020-10-18,11692.0,,,,zenodo,,https://zenodo.org/records/14983362,,
2020-10-21,13406.0,,,,zenodo,,https://zenodo.org/records/14983362,,
2020-10-22,13439.0,0.0,287.4,2020-10-23,grid_india_psp_report,files/grdw/uploads/download-manager-files/23.10.20_NLDC_PSP.pdf,https://webcdn.grid-india.in/files/grdw/uploads/download-manager-files/23.10.20_NLDC_PSP.pdf,2026-09-24T17:50:20.963613,ok
2020-10-23,13325.0,,,,zenodo,,https://zenodo.org/records/14983362,,
2020-10-24,13106.0,,,,zenodo,,https://zenodo.org/records/14983362,,
2020-10-25,11901.0,,,,zenodo,,https://zenodo.org/records/14983362,,
2020-10-26,13418.0,,,,zenodo,,https://zenodo.org/records/14983362,,
2020-10-27,14563.0,,,,zenodo,,https://zenodo.org/records/14983362,,
2020-10-28,14564.0,,,,zenodo,,https://zenodo.org/records/14983362,,
2020-10-29,14463.0,0.0,311.5,2020-10-30,grid_india_psp_report,files/grdw/uploads/download-manager-files/29.10.20_NLDC_PSP_H&E.pdf,https://webcdn.grid-india.in/files/grdw/uploads/download-manager-files/29.10.20_NLDC_PSP_H&E.pdf,2026-09-24T17:50:26.713372,ok
2020-10-30,14556.0,0.0,317.0,2020-10-31,grid_india_psp_report,files/grdw/uploads/download-manager-files/30.10.20_NLDC_PSP__H&E.pdf,https://webcdn.grid-india.in/files/grdw/uploads/download-manager-files/30.10.20_NLDC_PSP__H&E.pdf,2026-09-24T17:50:30.130308,ok
2020-10-31,14562.0,,,,zenodo,,https://zenodo.org/records/14983362,,
2020-11-01,13548.0,0.0,296.8,2020-11-02,grid_india_psp_report,files/grdw/uploads/download-manager-files/02.11.20_NLDC_PSP.pdf,https://webcdn.grid-india.in/files/grdw/uploads/download-manager-files/02.11.20_NLDC_PSP.pdf,2026-09-24T17:50:36.040855,ok
2020-11-02,15234.0,,,,zenodo,,https://zenodo.org/records/14983362,,
2020-11-03,15281.0,,,,zenodo,,https://zenodo.org/records/14983362,,
2020-11-04,15298.0,,,,zenodo,,https://zenodo.org/records/14983362,,
2020-11-05,14383.0,,,,zenodo,,https://zenodo.org/records/14983362,,
2020-11-06,13865.0,,,,zenodo,,https://zenodo.org/records/14983362,,
2020-11-07,13861.0,,,,zenodo,,https://zenodo.org/records/14983362,,
2020-11-08,12288.0,0.0,269.7,2020-11-09,grid_india_psp_report,files/grdw/uploads/download-manager-files/09.11.20_NLDC_PSP.pdf,https://webcdn.grid-india.in/files/grdw/uploads/download-manager-files/09.11.20_NLDC_PSP.pdf,2026-09-24T17:50:47.068406,ok
2020-11-09,14149.0,,,,zenodo,,https://zenodo.org/records/14983362,,
2020-11-10,14419.0,,,,zenodo,,https://zenodo.org/records/14983362,,
2020-11-11,15208.0,,,,zenodo,,https://zenodo.org/records/14983362,,
2020-11-12,14479.0,,,,zenodo,,https://zenodo.org/records/14983362,,
2020-11-13,12494.0,,,,zenodo,,https://zenodo.org/records/14983362,,
2020-11-14,9678.0,,,,zenodo,,https://zenodo.org/records/14983362,,
2020-11-15,9436.0,,,,zenodo,,https://zenodo.org/records/14983362,,
2020-11-16,10846.0,,,,zenodo,,https://zenodo.org/records/14983362,,
2020-11-17,11677.0,,,,zenodo,,https://zenodo.org/records/14983362,,
2020-11-18,12321.0,,,,zenodo,,https://zenodo.org/records/14983362,,
2020-11-19,12995.0,,,,zenodo,,https://zenodo.org/records/14983362,,
2020-11-20,12850.0,,,,zenodo,,https://zenodo.org/records/14983362,,
2020-11-21,13004.0,0.0,267.1,2020-11-22,grid_india_psp_report,files/grdw/uploads/download-manager-files/22.11.20_NLDC_PSP.pdf,https://webcdn.grid-india.in/files/grdw/uploads/download-manager-files/22.11.20_NLDC_PSP.pdf,2026-09-24T17:50:57.747179,ok
2020-11-22,11554.0,,,,zenodo,,https://zenodo.org/records/14983362,,
2020-11-23,13383.0,0.0,270.2,2020-11-24,grid_india_psp_report,files/grdw/uploads/download-manager-files/24.11.20_NLDC_PSP.pdf,https://webcdn.grid-india.in/files/grdw/uploads/download-manager-files/24.11.20_NLDC_PSP.pdf,2026-09-24T17:51:03.697338,ok
2020-11-24,12971.0,,,,zenodo,,https://zenodo.org/records/14983362,,
2020-11-25,11704.0,,,,zenodo,,https://zenodo.org/records/14983362,,
2020-11-26,10961.0,,,,zenodo,,https://zenodo.org/records/14983362,,
2020-11-27,12162.0,,,,zenodo,,https://zenodo.org/records/14983362,,
2020-11-28,12721.0,,,,zenodo,,https://zenodo.org/records/14983362,,
2020-11-29,11401.0,,,,zenodo,,https://zenodo.org/records/14983362,,
2020-11-30,12784.0,,,,zenodo,,https://zenodo.org/records/14983362,,
2020-12-01,12883.0,,,,zenodo,,https://zenodo.org/records/14983362,,
2020-12-02,12758.0,,,,zenodo,,https://zenodo.org/records/14983362,,
2020-12-03,11909.0,,,,zenodo,,https://zenodo.org/records/14983362,,
2020-12-04,12081.0,,,,zenodo,,https://zenodo.org/records/14983362,,
2020-12-05,12290.0,,,,zenodo,,https://zenodo.org/records/14983362,,
2020-12-06,10540.0,,,,zenodo,,https://zenodo.org/records/14983362,,
2020-12-07,12078.0,,,,zenodo,,https://zenodo.org/records/14983362,,
2020-12-08,12038.0,0.0,241.3,2020-12-09,grid_india_psp_report,files/grdw/uploads/download-manager-files/09.12.20_NLDC_PSP.pdf,https://webcdn.grid-india.in/files/grdw/uploads/download-manager-files/09.12.20_NLDC_PSP.pdf,2026-09-24T17:51:14.610069,ok
2020-12-09,12373.0,0.0,246.8,2020-12-10,grid_india_psp_report,files/grdw/uploads/download-manager-files/10.12.20_NLDC_PSP.pdf,https://webcdn.grid-india.in/files/grdw/uploads/download-manager-files/10.12.20_NLDC_PSP.pdf,2026-09-24T17:51:18.362906,ok
2020-12-10,12714.0,0.0,250.3,2020-12-11,grid_india_psp_report,files/grdw/uploads/download-manager-files/11.12.20_NLDC_PSP.pdf,https://webcdn.grid-india.in/files/grdw/uploads/download-manager-files/11.12.20_NLDC_PSP.pdf,2026-09-24T17:51:22.230151,ok
2020-12-11,12612.0,,,,zenodo,,https://zenodo.org/records/14983362,,
2020-12-12,12804.0,,,,zenodo,,https://zenodo.org/records/14983362,,
2020-12-13,11352.0,,,,zenodo,,https://zenodo.org/records/14983362,,
2020-12-14,12774.0,,,,zenodo,,https://zenodo.org/records/14983362,,
2020-12-15,12957.0,,,,zenodo,,https://zenodo.org/records/14983362,,
2020-12-16,13098.0,,,,zenodo,,https://zenodo.org/records/14983362,,
2020-12-17,13174.0,,,,zenodo,,https://zenodo.org/records/14983362,,
2020-12-18,12924.0,,,,zenodo,,https://zenodo.org/records/14983362,,
2020-12-19,12373.0,,,,zenodo,,https://zenodo.org/records/14983362,,
2020-12-20,11085.0,,,,zenodo,,https://zenodo.org/records/14983362,,
2020-12-21,12984.0,,,,zenodo,,https://zenodo.org/records/14983362,,
2020-12-22,13288.0,,,,zenodo,,https://zenodo.org/records/14983362,,
2020-12-23,13547.0,,,,zenodo,,https://zenodo.org/records/14983362,,
2020-12-24,13584.0,,,,zenodo,,https://zenodo.org/records/14983362,,
2020-12-25,13406.0,,,,zenodo,,https://zenodo.org/records/14983362,,
2020-12-26,13946.0,,,,zenodo,,https://zenodo.org/records/14983362,,
2020-12-27,12567.0,,,,zenodo,,https://zenodo.org/records/14983362,,
2020-12-28,13966.0,,,,zenodo,,https://zenodo.org/records/14983362,,
2020-12-29,14238.0,,,,zenodo,,https://zenodo.org/records/14983362,,
2020-12-30,13811.0,,,,zenodo,,https://zenodo.org/records/14983362,,
2020-12-31,12899.0,,,,zenodo,,https://zenodo.org/records/14983362,,
2021-01-01,11864.0,,,,zenodo,,https://zenodo.org/records/14983362,,
2021-01-02,12401.0,,,,zenodo,,https://zenodo.org/records/14983362,,
2021-01-03,11101.0,,,,zenodo,,https://zenodo.org/records/14983362,,
2021-01-04,12821.0,,,,zenodo,,https://zenodo.org/records/14983362,,
2021-01-05,12736.0,,,,zenodo,,https://zenodo.org/records/14983362,,
2021-01-06,12678.0,,,,zenodo,,https://zenodo.org/records/14983362,,
2021-01-07,12785.0,,,,zenodo,,https://zenodo.org/records/14983362,,
2021-01-08,12686.0,,,,zenodo,,https://zenodo.org/records/14983362,,
2021-01-09,12691.0,,,,zenodo,,https://zenodo.org/records/14983362,,
2021-01-10,11473.0,,,,zenodo,,https://zenodo.org/records/14983362,,
2021-01-11,12391.0,,,,zenodo,,https://zenodo.org/records/14983362,,
2021-01-12,12073.0,,,,zenodo,,https://zenodo.org/records/14983362,,
2021-01-13,12093.0,,,,zenodo,,https://zenodo.org/records/14983362,,
2021-01-14,10152.0,,,,zenodo,,https://zenodo.org/records/14983362,,
2021-01-15,9234.0,,,,zenodo,,https://zenodo.org/records/14983362,,
2021-01-16,9973.0,,,,zenodo,,https://zenodo.org/records/14983362,,
2021-01-17,9903.0,,,,zenodo,,https://zenodo.org/records/14983362,,
2021-01-18,12107.0,,,,zenodo,,https://zenodo.org/records/14983362,,
2021-01-19,12531.0,,,,zenodo,,https://zenodo.org/records/14983362,,
2021-01-20,13282.0,,,,zenodo,,https://zenodo.org/records/14983362,,
2021-01-21,13457.0,,,,zenodo,,https://zenodo.org/records/14983362,,
2021-01-22,13795.0,,,,zenodo,,https://zenodo.org/records/14983362,,
2021-01-23,13709.0,,,,zenodo,,https://zenodo.org/records/14983362,,
2021-01-24,12452.0,,,,zenodo,,https://zenodo.org/records/14983362,,
2021-01-25,13444.0,,,,zenodo,,https://zenodo.org/records/14983362,,
2021-01-26,12147.0,,,,zenodo,,https://zenodo.org/records/14983362,,
2021-01-27,13411.0,,,,zenodo,,https://zenodo.org/records/14983362,,
2021-01-28,14095.0,,,,zenodo,,https://zenodo.org/records/14983362,,
2021-01-29,14163.0,,,,zenodo,,https://zenodo.org/records/14983362,,
2021-01-30,13963.0,,,,zenodo,,https://zenodo.org/records/14983362,,
2021-01-31,12738.0,,,,zenodo,,https://zenodo.org/records/14983362,,
2021-02-01,13677.0,,,,zenodo,,https://zenodo.org/records/14983362,,
2021-02-02,14225.0,0.0,297.1,2021-02-03,grid_india_psp_report,files/grdw/uploads/download-manager-files/02.02.21_NLDC_PSP.pdf,https://webcdn.grid-india.in/files/grdw/uploads/download-manager-files/02.02.21_NLDC_PSP.pdf,2026-09-24T17:51:30.457679,ok
2021-02-03,14052.0,,,,zenodo,,https://zenodo.org/records/14983362,,
2021-02-04,13890.0,,,,zenodo,,https://zenodo.org/records/14983362,,
2021-02-05,14330.0,,,,zenodo,,https://zenodo.org/records/14983362,,
2021-02-06,13556.0,,,,zenodo,,https://zenodo.org/records/14983362,,
2021-02-07,12502.0,,,,zenodo,,https://zenodo.org/records/14983362,,
2021-02-08,13733.0,,,,zenodo,,https://zenodo.org/records/14983362,,
2021-02-09,14100.0,,,,zenodo,,https://zenodo.org/records/14983362,,
2021-02-10,14408.0,,,,zenodo,,https://zenodo.org/records/14983362,,
2021-02-11,14219.0,,,,zenodo,,https://zenodo.org/records/14983362,,
2021-02-12,14615.0,,,,zenodo,,https://zenodo.org/records/14983362,,
2021-02-13,14733.0,,,,zenodo,,https://zenodo.org/records/14983362,,
2021-02-14,12528.0,,,,zenodo,,https://zenodo.org/records/14983362,,
2021-02-15,14348.0,,,,zenodo,,https://zenodo.org/records/14983362,,
2021-02-16,14685.0,,,,zenodo,,https://zenodo.org/records/14983362,,
2021-02-17,14737.0,,,,zenodo,,https://zenodo.org/records/14983362,,
2021-02-18,14644.0,,,,zenodo,,https://zenodo.org/records/14983362,,
2021-02-19,15205.0,,,,zenodo,,https://zenodo.org/records/14983362,,
2021-02-20,13563.0,,,,zenodo,,https://zenodo.org/records/14983362,,
2021-02-21,11758.0,,,,zenodo,,https://zenodo.org/records/14983362,,
2021-02-22,14291.0,,,,zenodo,,https://zenodo.org/records/14983362,,
2021-02-23,14543.0,,,,zenodo,,https://zenodo.org/records/14983362,,
2021-02-24,14653.0,,,,zenodo,,https://zenodo.org/records/14983362,,
2021-02-25,14950.0,,,,zenodo,,https://zenodo.org/records/14983362,,
2021-02-26,15298.0,,,,zenodo,,https://zenodo.org/records/14983362,,
2021-02-27,15239.0,,,,zenodo,,https://zenodo.org/records/14983362,,
2021-02-28,13239.0,,,,zenodo,,https://zenodo.org/records/14983362,,
2021-03-01,15010.0,,,,zenodo,,https://zenodo.org/records/14983362,,
2021-03-02,15105.0,,,,zenodo,,https://zenodo.org/records/14983362,,
2021-03-03,14871.0,,,,zenodo,,https://zenodo.org/records/14983362,,
2021-03-04,15266.0,,,,zenodo,,https://zenodo.org/records/14983362,,
2021-03-05,15462.0,,,,zenodo,,https://zenodo.org/records/14983362,,
2021-03-06,15467.0,,,,zenodo,,https://zenodo.org/records/14983362,,
2021-03-07,14230.0,,,,zenodo,,https://zenodo.org/records/14983362,,
2021-03-08,15733.0,,,,zenodo,,https://zenodo.org/records/14983362,,
2021-03-09,15862.0,,,,zenodo,,https://zenodo.org/records/14983362,,
2021-03-10,15763.0,,,,zenodo,,https://zenodo.org/records/14983362,,
2021-03-11,15525.0,,,,zenodo,,https://zenodo.org/records/14983362,,
2021-03-12,15499.0,,,,zenodo,,https://zenodo.org/records/14983362,,
2021-03-13,15615.0,,,,zenodo,,https://zenodo.org/records/14983362,,
2021-03-14,13515.0,,,,zenodo,,https://zenodo.org/records/14983362,,
2021-03-15,15428.0,0.0,330.0,2021-03-16,grid_india_psp_report,files/grdw/uploads/download-manager-files/15.03.21_NLDC_PSP.pdf,https://webcdn.grid-india.in/files/grdw/uploads/download-manager-files/15.03.21_NLDC_PSP.pdf,2026-09-24T17:51:37.763785,ok
2021-03-16,16024.0,,,,zenodo,,https://zenodo.org/records/14983362,,
2021-03-17,15876.0,,,,zenodo,,https://zenodo.org/records/14983362,,
2021-03-18,15944.0,,,,zenodo,,https://zenodo.org/records/14983362,,
2021-03-19,16097.0,,,,zenodo,,https://zenodo.org/records/14983362,,
2021-03-20,15950.0,,,,zenodo,,https://zenodo.org/records/14983362,,
2021-03-21,14363.0,,,,zenodo,,https://zenodo.org/records/14983362,,
2021-03-22,16146.0,,,,zenodo,,https://zenodo.org/records/14983362,,
2021-03-23,16147.0,,,,zenodo,,https://zenodo.org/records/14983362,,
2021-03-24,16003.0,,,,zenodo,,https://zenodo.org/records/14983362,,
2021-03-25,16023.0,,,,zenodo,,https://zenodo.org/records/14983362,,
2021-03-26,16481.0,,,,zenodo,,https://zenodo.org/records/14983362,,
2021-03-27,16270.0,,,,zenodo,,https://zenodo.org/records/14983362,,
2021-03-28,14494.0,,,,zenodo,,https://zenodo.org/records/14983362,,
2021-03-29,15702.0,,,,zenodo,,https://zenodo.org/records/14983362,,
2021-03-30,16061.0,,,,zenodo,,https://zenodo.org/records/14983362,,
2021-03-31,15975.0,,,,zenodo,,https://zenodo.org/records/14983362,,
2021-04-01,16561.0,,,,zenodo,,https://zenodo.org/records/14983362,,
2021-04-02,16473.0,,,,zenodo,,https://zenodo.org/records/14983362,,
2021-04-03,16310.0,,,,zenodo,,https://zenodo.org/records/14983362,,
2021-04-04,15214.0,,,,zenodo,,https://zenodo.org/records/14983362,,
2021-04-05,16339.0,,,,zenodo,,https://zenodo.org/records/14983362,,
2021-04-06,14336.0,,,,zenodo,,https://zenodo.org/records/14983362,,
2021-04-07,16250.0,,,,zenodo,,https://zenodo.org/records/14983362,,
2021-04-08,16297.0,,,,zenodo,,https://zenodo.org/records/14983362,,
2021-04-09,16588.0,,,,zenodo,,https://zenodo.org/records/14983362,,
2021-04-10,16846.0,,,,zenodo,,https://zenodo.org/records/14983362,,
2021-04-11,14963.0,,,,zenodo,,https://zenodo.org/records/14983362,,
2021-04-12,16007.0,,,,zenodo,,https://zenodo.org/records/14983362,,
2021-04-13,15828.0,,,,zenodo,,https://zenodo.org/records/14983362,,
2021-04-14,14973.0,,,,zenodo,,https://zenodo.org/records/14983362,,
2021-04-15,14490.0,0.0,308.9,2021-04-16,grid_india_psp_report,files/grdw/uploads/download-manager-files/15.04.21_NLDC_PSP.pdf,https://webcdn.grid-india.in/files/grdw/uploads/download-manager-files/15.04.21_NLDC_PSP.pdf,2026-09-24T17:51:47.072224,ok
2021-04-16,14780.0,0.0,326.0,2021-04-17,grid_india_psp_report,files/grdw/uploads/download-manager-files/16.04.21_NLDC_PSP.pdf,https://webcdn.grid-india.in/files/grdw/uploads/download-manager-files/16.04.21_NLDC_PSP.pdf,2026-09-24T17:51:50.792396,ok
2021-04-17,15005.0,,,,zenodo,,https://zenodo.org/records/14983362,,
2021-04-18,13879.0,,,,zenodo,,https://zenodo.org/records/14983362,,
2021-04-19,15497.0,,,,zenodo,,https://zenodo.org/records/14983362,,
2021-04-20,15586.0,,,,zenodo,,https://zenodo.org/records/14983362,,
2021-04-21,15852.0,,,,zenodo,,https://zenodo.org/records/14983362,,
2021-04-23,16216.0,,,,zenodo,,https://zenodo.org/records/14983362,,
2021-04-24,16183.0,,,,zenodo,,https://zenodo.org/records/14983362,,
2021-04-25,13947.0,,,,zenodo,,https://zenodo.org/records/14983362,,
2021-04-26,15812.0,,,,zenodo,,https://zenodo.org/records/14983362,,
2021-04-27,15878.0,,,,zenodo,,https://zenodo.org/records/14983362,,
2021-04-28,16286.0,,,,zenodo,,https://zenodo.org/records/14983362,,
2021-04-29,16461.0,,,,zenodo,,https://zenodo.org/records/14983362,,
2021-04-30,16244.0,,,,zenodo,,https://zenodo.org/records/14983362,,
2021-05-01,14712.0,,,,zenodo,,https://zenodo.org/records/14983362,,
2021-05-02,13830.0,,,,zenodo,,https://zenodo.org/records/14983362,,
2021-05-03,15429.0,,,,zenodo,,https://zenodo.org/records/14983362,,
2021-05-04,15957.0,,,,zenodo,,https://zenodo.org/records/14983362,,
2021-05-05,15557.0,,,,zenodo,,https://zenodo.org/records/14983362,,
2021-05-06,15539.0,,,,zenodo,,https://zenodo.org/records/14983362,,
2021-05-07,15471.0,,,,zenodo,,https://zenodo.org/records/14983362,,
2021-05-08,14941.0,,,,zenodo,,https://zenodo.org/records/14983362,,
2021-05-09,13756.0,,,,zenodo,,https://zenodo.org/records/14983362,,
2021-05-10,14335.0,,,,zenodo,,https://zenodo.org/records/14983362,,
2021-05-11,14466.0,,,,zenodo,,https://zenodo.org/records/14983362,,
2021-05-12,14692.0,,,,zenodo,,https://zenodo.org/records/14983362,,
2021-05-13,14277.0,,,,zenodo,,https://zenodo.org/records/14983362,,
2021-05-14,13717.0,,,,zenodo,,https://zenodo.org/records/14983362,,
2021-05-15,12762.0,,,,zenodo,,https://zenodo.org/records/14983362,,
2021-05-16,11778.0,,,,zenodo,,https://zenodo.org/records/14983362,,
2021-05-17,13445.0,,,,zenodo,,https://zenodo.org/records/14983362,,
2021-05-18,13797.0,,,,zenodo,,https://zenodo.org/records/14983362,,
2021-05-19,13876.0,,,,zenodo,,https://zenodo.org/records/14983362,,
2021-05-20,12995.0,,,,zenodo,,https://zenodo.org/records/14983362,,
2021-05-21,12279.0,,,,zenodo,,https://zenodo.org/records/14983362,,
2021-05-22,12008.0,,,,zenodo,,https://zenodo.org/records/14983362,,
2021-05-23,11778.0,,,,zenodo,,https://zenodo.org/records/14983362,,
2021-05-24,11787.0,,,,zenodo,,https://zenodo.org/records/14983362,,
2021-05-25,11868.0,,,,zenodo,,https://zenodo.org/records/14983362,,
2021-05-26,11449.0,,,,zenodo,,https://zenodo.org/records/14983362,,
2021-05-27,12180.0,,,,zenodo,,https://zenodo.org/records/14983362,,
2021-05-28,12384.0,,,,zenodo,,https://zenodo.org/records/14983362,,
2021-05-29,12499.0,,,,zenodo,,https://zenodo.org/records/14983362,,
2021-05-30,12050.0,,,,zenodo,,https://zenodo.org/records/14983362,,
2021-06-02,13672.0,0.0,304.2,2021-06-03,grid_india_psp_report,files/grdw/uploads/download-manager-files/02.06.21_NLDC_PSP.pdf,https://webcdn.grid-india.in/files/grdw/uploads/download-manager-files/02.06.21_NLDC_PSP.pdf,2026-09-24T17:52:24.668205,ok
2021-06-03,13684.0,0.0,299.9,2021-06-04,grid_india_psp_report,files/grdw/uploads/download-manager-files/03.06.21_NLDC_PSP.pdf,https://webcdn.grid-india.in/files/grdw/uploads/download-manager-files/03.06.21_NLDC_PSP.pdf,2026-09-24T17:52:26.175371,ok
2021-06-04,13290.0,,,,zenodo,,https://zenodo.org/records/14983362,,
2021-06-05,12319.0,,,,zenodo,,https://zenodo.org/records/14983362,,
2021-06-06,12080.0,,,,zenodo,,https://zenodo.org/records/14983362,,
2021-06-07,13188.0,,,,zenodo,,https://zenodo.org/records/14983362,,
2021-06-08,13202.0,,,,zenodo,,https://zenodo.org/records/14983362,,
2021-06-09,13533.0,,,,zenodo,,https://zenodo.org/records/14983362,,
2021-06-10,13995.0,,,,zenodo,,https://zenodo.org/records/14983362,,
2021-06-11,14172.0,,,,zenodo,,https://zenodo.org/records/14983362,,
2021-06-12,14059.0,,,,zenodo,,https://zenodo.org/records/14983362,,
2021-06-13,12115.0,,,,zenodo,,https://zenodo.org/records/14983362,,
2021-06-14,13513.0,,,,zenodo,,https://zenodo.org/records/14983362,,
2021-06-15,14033.0,,,,zenodo,,https://zenodo.org/records/14983362,,
2021-06-16,14481.0,,,,zenodo,,https://zenodo.org/records/14983362,,
2021-06-17,14893.0,,,,zenodo,,https://zenodo.org/records/14983362,,
2021-06-18,14843.0,,,,zenodo,,https://zenodo.org/records/14983362,,
2021-06-19,14481.0,,,,zenodo,,https://zenodo.org/records/14983362,,
2021-06-20,13913.0,,,,zenodo,,https://zenodo.org/records/14983362,,
2021-06-21,15212.0,,,,zenodo,,https://zenodo.org/records/14983362,,
2021-06-22,14594.0,,,,zenodo,,https://zenodo.org/records/14983362,,
2021-06-23,14813.0,,,,zenodo,,https://zenodo.org/records/14983362,,
2021-06-24,14263.0,,,,zenodo,,https://zenodo.org/records/14983362,,
2021-06-25,14769.0,,,,zenodo,,https://zenodo.org/records/14983362,,
2021-06-26,14288.0,,,,zenodo,,https://zenodo.org/records/14983362,,
2021-06-27,12955.0,,,,zenodo,,https://zenodo.org/records/14983362,,
2021-06-28,14792.0,,,,zenodo,,https://zenodo.org/records/14983362,,
2021-06-29,16040.0,,,,zenodo,,https://zenodo.org/records/14983362,,
2021-06-30,15837.0,,,,zenodo,,https://zenodo.org/records/14983362,,
2021-07-01,15579.0,,,,zenodo,,https://zenodo.org/records/14983362,,
2021-07-02,14691.0,,,,zenodo,,https://zenodo.org/records/14983362,,
2021-07-03,14291.0,,,,zenodo,,https://zenodo.org/records/14983362,,
2021-07-04,13308.0,,,,zenodo,,https://zenodo.org/records/14983362,,
2021-07-05,13962.0,,,,zenodo,,https://zenodo.org/records/14983362,,
2021-07-06,14584.0,,,,zenodo,,https://zenodo.org/records/14983362,,
2021-07-07,14663.0,,,,zenodo,,https://zenodo.org/records/14983362,,
2021-07-08,14794.0,,,,zenodo,,https://zenodo.org/records/14983362,,
2021-07-09,13973.0,,,,zenodo,,https://zenodo.org/records/14983362,,
2021-07-11,11994.0,,,,zenodo,,https://zenodo.org/records/14983362,,
2021-07-12,13955.0,,,,zenodo,,https://zenodo.org/records/14983362,,
2021-07-13,14033.0,,,,zenodo,,https://zenodo.org/records/14983362,,
2021-07-14,14559.0,,,,zenodo,,https://zenodo.org/records/14983362,,
2021-07-15,13628.0,,,,zenodo,,https://zenodo.org/records/14983362,,
2021-07-16,13758.0,,,,zenodo,,https://zenodo.org/records/14983362,,
2021-07-17,13388.0,,,,zenodo,,https://zenodo.org/records/14983362,,
2021-07-18,11360.0,,,,zenodo,,https://zenodo.org/records/14983362,,
2021-07-19,13726.0,,,,zenodo,,https://zenodo.org/records/14983362,,
2021-07-20,14011.0,,,,zenodo,,https://zenodo.org/records/14983362,,
2021-07-21,14008.0,,,,zenodo,,https://zenodo.org/records/14983362,,
2021-07-22,13576.0,,,,zenodo,,https://zenodo.org/records/14983362,,
2021-07-23,14257.0,,,,zenodo,,https://zenodo.org/records/14983362,,
2021-07-24,14247.0,,,,zenodo,,https://zenodo.org/records/14983362,,
2021-07-25,12721.0,,,,zenodo,,https://zenodo.org/records/14983362,,
2021-07-26,14319.0,,,,zenodo,,https://zenodo.org/records/14983362,,
2021-07-27,14417.0,,,,zenodo,,https://zenodo.org/records/14983362,,
2021-07-28,14866.0,,,,zenodo,,https://zenodo.org/records/14983362,,
2021-07-29,14972.0,,,,zenodo,,https://zenodo.org/records/14983362,,
2021-07-30,15115.0,,,,zenodo,,https://zenodo.org/records/14983362,,
2021-07-31,15003.0,,,,zenodo,,https://zenodo.org/records/14983362,,
2021-08-01,13822.0,,,,zenodo,,https://zenodo.org/records/14983362,,
2021-08-02,15596.0,,,,zenodo,,https://zenodo.org/records/14983362,,
2021-08-03,15388.0,,,,zenodo,,https://zenodo.org/records/14983362,,
2021-08-04,15737.0,,,,zenodo,,https://zenodo.org/records/14983362,,
2021-08-05,16029.0,,,,zenodo,,https://zenodo.org/records/14983362,,
2021-08-06,16011.0,,,,zenodo,,https://zenodo.org/records/14983362,,
2021-08-07,14701.0,,,,zenodo,,https://zenodo.org/records/14983362,,
2021-08-08,13876.0,,,,zenodo,,https://zenodo.org/records/14983362,,
2021-08-09,15442.0,,,,zenodo,,https://zenodo.org/records/14983362,,
2021-08-10,15548.0,,,,zenodo,,https://zenodo.org/records/14983362,,
2021-08-11,15387.0,,,,zenodo,,https://zenodo.org/records/14983362,,
2021-08-12,14947.0,,,,zenodo,,https://zenodo.org/records/14983362,,
2021-08-13,15471.0,,,,zenodo,,https://zenodo.org/records/14983362,,
2021-08-14,15096.0,,,,zenodo,,https://zenodo.org/records/14983362,,
2021-08-15,12754.0,,,,zenodo,,https://zenodo.org/records/14983362,,
2021-08-16,14932.0,,,,zenodo,,https://zenodo.org/records/14983362,,
2021-08-17,15232.0,,,,zenodo,,https://zenodo.org/records/14983362,,
2021-08-18,14795.0,,,,zenodo,,https://zenodo.org/records/14983362,,
2021-08-19,15028.0,,,,zenodo,,https://zenodo.org/records/14983362,,
2021-08-20,15034.0,,,,zenodo,,https://zenodo.org/records/14983362,,
2021-08-21,14110.0,,,,zenodo,,https://zenodo.org/records/14983362,,
2021-08-22,12488.0,,,,zenodo,,https://zenodo.org/records/14983362,,
2021-08-23,13872.0,,,,zenodo,,https://zenodo.org/records/14983362,,
2021-08-24,14420.0,,,,zenodo,,https://zenodo.org/records/14983362,,
2021-08-25,14876.0,,,,zenodo,,https://zenodo.org/records/14983362,,
2021-08-26,14963.0,,,,zenodo,,https://zenodo.org/records/14983362,,
2021-08-27,14623.0,,,,zenodo,,https://zenodo.org/records/14983362,,
2021-08-28,14004.0,,,,zenodo,,https://zenodo.org/records/14983362,,
2021-08-29,11967.0,,,,zenodo,,https://zenodo.org/records/14983362,,
2021-08-30,14228.0,,,,zenodo,,https://zenodo.org/records/14983362,,
2021-08-31,14687.0,,,,zenodo,,https://zenodo.org/records/14983362,,
2021-09-01,14517.0,,,,zenodo,,https://zenodo.org/records/14983362,,
2021-09-02,14724.0,,,,zenodo,,https://zenodo.org/records/14983362,,
2021-09-03,13780.0,,,,zenodo,,https://zenodo.org/records/14983362,,
2021-09-04,13088.0,,,,zenodo,,https://zenodo.org/records/14983362,,
2021-09-06,13510.0,,,,zenodo,,https://zenodo.org/records/14983362,,
2021-09-07,14249.0,,,,zenodo,,https://zenodo.org/records/14983362,,
2021-09-08,14964.0,,,,zenodo,,https://zenodo.org/records/14983362,,
2021-09-09,15062.0,,,,zenodo,,https://zenodo.org/records/14983362,,
2021-09-10,14036.0,,,,zenodo,,https://zenodo.org/records/14983362,,
2021-09-11,14824.0,,,,zenodo,,https://zenodo.org/records/14983362,,
2021-09-12,13400.0,,,,zenodo,,https://zenodo.org/records/14983362,,
2021-09-13,15358.0,,,,zenodo,,https://zenodo.org/records/14983362,,
2021-09-14,15736.0,,,,zenodo,,https://zenodo.org/records/14983362,,
2021-09-15,15786.0,,,,zenodo,,https://zenodo.org/records/14983362,,
2021-09-16,15739.0,,,,zenodo,,https://zenodo.org/records/14983362,,
2021-09-17,15419.0,,,,zenodo,,https://zenodo.org/records/14983362,,
2021-09-18,14573.0,,,,zenodo,,https://zenodo.org/records/14983362,,
2021-09-19,13756.0,,,,zenodo,,https://zenodo.org/records/14983362,,
2021-09-20,15080.0,,,,zenodo,,https://zenodo.org/records/14983362,,
2021-09-21,15084.0,,,,zenodo,,https://zenodo.org/records/14983362,,
2021-09-22,15032.0,,,,zenodo,,https://zenodo.org/records/14983362,,
2021-09-23,14941.0,0.0,321.9,2021-09-24,grid_india_psp_report,files/grdw/uploads/download-manager-files/23.09.21_NLDC_PSP.pdf,https://webcdn.grid-india.in/files/grdw/uploads/download-manager-files/23.09.21_NLDC_PSP.pdf,2026-09-24T17:53:01.637150,ok
2021-09-24,14521.0,,,,zenodo,,https://zenodo.org/records/14983362,,
2021-09-25,14894.0,,,,zenodo,,https://zenodo.org/records/14983362,,
2021-09-26,12924.0,,,,zenodo,,https://zenodo.org/records/14983362,,
2021-09-27,14419.0,,,,zenodo,,https://zenodo.org/records/14983362,,
2021-09-28,15118.0,,,,zenodo,,https://zenodo.org/records/14983362,,
2021-09-29,15124.0,,,,zenodo,,https://zenodo.org/records/14983362,,
2021-09-30,15146.0,,,,zenodo,,https://zenodo.org/records/14983362,,
2021-10-01,13956.0,,,,zenodo,,https://zenodo.org/records/14983362,,
2021-10-02,12346.0,,,,zenodo,,https://zenodo.org/records/14983362,,
2021-10-03,12049.0,,,,zenodo,,https://zenodo.org/records/14983362,,
2021-10-04,14234.0,,,,zenodo,,https://zenodo.org/records/14983362,,
2021-10-05,13697.0,,,,zenodo,,https://zenodo.org/records/14983362,,
2021-10-06,13932.0,,,,zenodo,,https://zenodo.org/records/14983362,,
2021-10-07,14524.0,,,,zenodo,,https://zenodo.org/records/14983362,,
2021-10-08,14278.0,,,,zenodo,,https://zenodo.org/records/14983362,,
2021-10-09,13654.0,,,,zenodo,,https://zenodo.org/records/14983362,,
2021-10-10,12384.0,,,,zenodo,,https://zenodo.org/records/14983362,,
2021-10-11,13636.0,,,,zenodo,,https://zenodo.org/records/14983362,,
2021-10-12,13858.0,,,,zenodo,,https://zenodo.org/records/14983362,,
2021-10-13,13564.0,,,,zenodo,,https://zenodo.org/records/14983362,,
2021-10-14,11896.0,,,,zenodo,,https://zenodo.org/records/14983362,,
2021-10-16,13318.0,,,,zenodo,,https://zenodo.org/records/14983362,,
2021-10-17,12165.0,,,,zenodo,,https://zenodo.org/records/14983362,,
2021-10-18,14506.0,,,,zenodo,,https://zenodo.org/records/14983362,,
2021-10-19,14675.0,,,,zenodo,,https://zenodo.org/records/14983362,,
2021-10-20,14244.0,,,,zenodo,,https://zenodo.org/records/14983362,,
2021-10-21,14553.0,,,,zenodo,,https://zenodo.org/records/14983362,,
2021-10-22,14596.0,,,,zenodo,,https://zenodo.org/records/14983362,,
2021-10-23,14433.0,,,,zenodo,,https://zenodo.org/records/14983362,,
2021-10-24,12022.0,,,,zenodo,,https://zenodo.org/records/14983362,,
2021-10-25,14532.0,,,,zenodo,,https://zenodo.org/records/14983362,,
2021-10-26,14589.0,,,,zenodo,,https://zenodo.org/records/14983362,,
2021-10-27,14482.0,,,,zenodo,,https://zenodo.org/records/14983362,,
2021-10-28,14359.0,,,,zenodo,,https://zenodo.org/records/14983362,,
2021-10-29,14011.0,,,,zenodo,,https://zenodo.org/records/14983362,,
2021-10-30,13767.0,,,,zenodo,,https://zenodo.org/records/14983362,,
2021-10-31,12057.0,,,,zenodo,,https://zenodo.org/records/14983362,,
2021-11-01,13385.0,,,,zenodo,,https://zenodo.org/records/14983362,,
2021-11-02,12927.0,,,,zenodo,,https://zenodo.org/records/14983362,,
2021-11-03,11843.0,,,,zenodo,,https://zenodo.org/records/14983362,,
2021-11-04,9436.0,,,,zenodo,,https://zenodo.org/records/14983362,,
2021-11-05,10288.0,,,,zenodo,,https://zenodo.org/records/14983362,,
2021-11-06,11412.0,,,,zenodo,,https://zenodo.org/records/14983362,,
2021-11-07,10792.0,,,,zenodo,,https://zenodo.org/records/14983362,,
2021-11-08,11898.0,,,,zenodo,,https://zenodo.org/records/14983362,,
2021-11-09,12182.0,,,,zenodo,,https://zenodo.org/records/14983362,,
2021-11-10,12229.666666666666,,,,zenodo,,https://zenodo.org/records/14983362,,
2021-11-11,12277.333333333334,,,,zenodo,,https://zenodo.org/records/14983362,,
2021-11-12,12325.0,,,,zenodo,,https://zenodo.org/records/14983362,,
2021-11-13,12488.0,,,,zenodo,,https://zenodo.org/records/14983362,,
2021-11-14,10875.0,,,,zenodo,,https://zenodo.org/records/14983362,,
2021-11-15,12673.0,,,,zenodo,,https://zenodo.org/records/14983362,,
2021-11-16,13157.0,,,,zenodo,,https://zenodo.org/records/14983362,,
2021-11-17,12654.0,,,,zenodo,,https://zenodo.org/records/14983362,,
2021-11-18,12330.0,,,,zenodo,,https://zenodo.org/records/14983362,,
2021-11-19,12827.0,,,,zenodo,,https://zenodo.org/records/14983362,,
2021-11-20,12670.0,,,,zenodo,,https://zenodo.org/records/14983362,,
2021-11-21,11450.0,,,,zenodo,,https://zenodo.org/records/14983362,,
2021-11-22,13466.0,,,,zenodo,,https://zenodo.org/records/14983362,,
2021-11-23,13267.0,,,,zenodo,,https://zenodo.org/records/14983362,,
2021-11-24,13480.0,,,,zenodo,,https://zenodo.org/records/14983362,,
2021-11-25,12678.0,,,,zenodo,,https://zenodo.org/records/14983362,,
2021-11-26,12757.0,,,,zenodo,,https://zenodo.org/records/14983362,,
2021-11-27,12625.0,,,,zenodo,,https://zenodo.org/records/14983362,,
2021-11-28,10678.0,,,,zenodo,,https://zenodo.org/records/14983362,,
2021-11-29,12708.0,,,,zenodo,,https://zenodo.org/records/14983362,,
2021-11-30,12883.0,,,,zenodo,,https://zenodo.org/records/14983362,,
2021-12-01,12887.0,,,,zenodo,,https://zenodo.org/records/14983362,,
2021-12-02,13337.0,,,,zenodo,,https://zenodo.org/records/14983362,,
2021-12-03,13438.0,,,,zenodo,,https://zenodo.org/records/14983362,,
2021-12-04,12932.0,,,,zenodo,,https://zenodo.org/records/14983362,,
2021-12-05,11496.0,,,,zenodo,,https://zenodo.org/records/14983362,,
2021-12-06,13316.0,,,,zenodo,,https://zenodo.org/records/14983362,,
2021-12-07,13899.0,,,,zenodo,,https://zenodo.org/records/14983362,,
2021-12-08,13821.0,,,,zenodo,,https://zenodo.org/records/14983362,,
2021-12-09,13588.0,,,,zenodo,,https://zenodo.org/records/14983362,,
2021-12-10,13445.0,,,,zenodo,,https://zenodo.org/records/14983362,,
2021-12-11,13540.0,,,,zenodo,,https://zenodo.org/records/14983362,,
2021-12-12,11587.0,,,,zenodo,,https://zenodo.org/records/14983362,,
2021-12-13,13346.0,,,,zenodo,,https://zenodo.org/records/14983362,,
2021-12-14,13302.0,,,,zenodo,,https://zenodo.org/records/14983362,,
2021-12-15,13665.0,,,,zenodo,,https://zenodo.org/records/14983362,,
2021-12-16,14041.0,,,,zenodo,,https://zenodo.org/records/14983362,,
2021-12-17,14112.0,,,,zenodo,,https://zenodo.org/records/14983362,,
2021-12-18,13697.0,,,,zenodo,,https://zenodo.org/records/14983362,,
2021-12-19,11945.0,,,,zenodo,,https://zenodo.org/records/14983362,,
2021-12-20,13845.0,,,,zenodo,,https://zenodo.org/records/14983362,,
2021-12-21,14132.0,,,,zenodo,,https://zenodo.org/records/14983362,,
2021-12-22,14107.0,,,,zenodo,,https://zenodo.org/records/14983362,,
2021-12-23,14262.0,,,,zenodo,,https://zenodo.org/records/14983362,,
2021-12-24,14049.0,,,,zenodo,,https://zenodo.org/records/14983362,,
2021-12-25,13703.0,,,,zenodo,,https://zenodo.org/records/14983362,,
2021-12-26,12523.0,,,,zenodo,,https://zenodo.org/records/14983362,,
2021-12-27,14272.0,,,,zenodo,,https://zenodo.org/records/14983362,,
2021-12-28,14072.0,,,,zenodo,,https://zenodo.org/records/14983362,,
2021-12-29,14113.0,,,,zenodo,,https://zenodo.org/records/14983362,,
2021-12-30,14501.0,,,,zenodo,,https://zenodo.org/records/14983362,,
2021-12-31,13145.0,,,,zenodo,,https://zenodo.org/records/14983362,,
2022-01-01,12620.0,,,,zenodo,,https://zenodo.org/records/14983362,,
2022-01-02,10730.0,,,,zenodo,,https://zenodo.org/records/14983362,,
2022-01-03,13130.0,,,,zenodo,,https://zenodo.org/records/14983362,,
2022-01-04,13707.0,,,,zenodo,,https://zenodo.org/records/14983362,,
2022-01-05,14042.0,,,,zenodo,,https://zenodo.org/records/14983362,,
2022-01-06,14127.0,,,,zenodo,,https://zenodo.org/records/14983362,,
2022-01-07,14176.0,,,,zenodo,,https://zenodo.org/records/14983362,,
2022-01-08,14606.0,,,,zenodo,,https://zenodo.org/records/14983362,,
2022-01-09,12777.0,,,,zenodo,,https://zenodo.org/records/14983362,,
2022-01-10,14298.0,,,,zenodo,,https://zenodo.org/records/14983362,,
2022-01-11,14671.0,,,,zenodo,,https://zenodo.org/records/14983362,,
2022-01-12,14807.0,,,,zenodo,,https://zenodo.org/records/14983362,,
2022-01-13,14631.0,,,,zenodo,,https://zenodo.org/records/14983362,,
2022-01-14,12319.0,,,,zenodo,,https://zenodo.org/records/14983362,,
2022-01-15,11692.0,,,,zenodo,,https://zenodo.org/records/14983362,,
2022-01-16,11086.0,,,,zenodo,,https://zenodo.org/records/14983362,,
2022-01-17,13368.0,,,,zenodo,,https://zenodo.org/records/14983362,,
2022-01-18,14141.0,,,,zenodo,,https://zenodo.org/records/14983362,,
2022-01-19,14137.0,,,,zenodo,,https://zenodo.org/records/14983362,,
2022-01-20,14305.0,,,,zenodo,,https://zenodo.org/records/14983362,,
2022-01-21,14883.0,,,,zenodo,,https://zenodo.org/records/14983362,,
2022-01-22,14862.0,,,,zenodo,,https://zenodo.org/records/14983362,,
2022-01-23,12965.0,,,,zenodo,,https://zenodo.org/records/14983362,,
2022-01-24,14406.0,,,,zenodo,,https://zenodo.org/records/14983362,,
2022-01-25,14522.0,,,,zenodo,,https://zenodo.org/records/14983362,,
2022-01-26,13692.0,,,,zenodo,,https://zenodo.org/records/14983362,,
2022-01-27,14499.0,,,,zenodo,,https://zenodo.org/records/14983362,,
2022-01-28,14541.0,,,,zenodo,,https://zenodo.org/records/14983362,,
2022-01-29,14972.0,,,,zenodo,,https://zenodo.org/records/14983362,,
2022-01-30,13557.0,,,,zenodo,,https://zenodo.org/records/14983362,,
2022-01-31,15290.0,,,,zenodo,,https://zenodo.org/records/14983362,,
2022-02-01,14796.0,,,,zenodo,,https://zenodo.org/records/14983362,,
2022-02-02,15120.0,,,,zenodo,,https://zenodo.org/records/14983362,,
2022-02-03,15174.0,,,,zenodo,,https://zenodo.org/records/14983362,,
2022-02-04,15589.0,,,,zenodo,,https://zenodo.org/records/14983362,,
2022-02-05,15641.0,,,,zenodo,,https://zenodo.org/records/14983362,,
2022-02-06,13695.0,,,,zenodo,,https://zenodo.org/records/14983362,,
2022-02-07,15225.0,,,,zenodo,,https://zenodo.org/records/14983362,,
2022-02-08,15741.0,,,,zenodo,,https://zenodo.org/records/14983362,,
2022-02-09,15696.0,,,,zenodo,,https://zenodo.org/records/14983362,,
2022-02-10,15665.0,,,,zenodo,,https://zenodo.org/records/14983362,,
2022-02-11,15060.0,,,,zenodo,,https://zenodo.org/records/14983362,,
2022-02-12,14945.0,,,,zenodo,,https://zenodo.org/records/14983362,,
2022-02-13,13369.0,,,,zenodo,,https://zenodo.org/records/14983362,,
2022-02-14,14806.0,,,,zenodo,,https://zenodo.org/records/14983362,,
2022-02-15,15158.0,,,,zenodo,,https://zenodo.org/records/14983362,,
2022-02-16,15263.0,,,,zenodo,,https://zenodo.org/records/14983362,,
2022-02-17,15480.0,,,,zenodo,,https://zenodo.org/records/14983362,,
2022-02-18,15912.0,,,,zenodo,,https://zenodo.org/records/14983362,,
2022-02-19,14758.0,,,,zenodo,,https://zenodo.org/records/14983362,,
2022-02-20,14277.0,,,,zenodo,,https://zenodo.org/records/14983362,,
2022-02-21,15819.0,,,,zenodo,,https://zenodo.org/records/14983362,,
2022-02-22,16262.0,,,,zenodo,,https://zenodo.org/records/14983362,,
2022-02-23,15746.0,,,,zenodo,,https://zenodo.org/records/14983362,,
2022-02-24,15876.0,,,,zenodo,,https://zenodo.org/records/14983362,,
2022-02-25,15673.0,,,,zenodo,,https://zenodo.org/records/14983362,,
2022-02-26,16206.0,,,,zenodo,,https://zenodo.org/records/14983362,,
2022-02-27,14732.0,,,,zenodo,,https://zenodo.org/records/14983362,,
2022-02-28,15710.0,,,,zenodo,,https://zenodo.org/records/14983362,,
2022-03-01,16151.0,,,,zenodo,,https://zenodo.org/records/14983362,,
2022-03-02,15483.0,,,,zenodo,,https://zenodo.org/records/14983362,,
2022-03-03,15938.0,,,,zenodo,,https://zenodo.org/records/14983362,,
2022-03-04,15927.0,,,,zenodo,,https://zenodo.org/records/14983362,,
2022-03-05,15673.0,,,,zenodo,,https://zenodo.org/records/14983362,,
2022-03-06,14357.0,,,,zenodo,,https://zenodo.org/records/14983362,,
2022-03-07,14944.0,,,,zenodo,,https://zenodo.org/records/14983362,,
2022-03-08,15313.0,,,,zenodo,,https://zenodo.org/records/14983362,,
2022-03-09,15507.0,,,,zenodo,,https://zenodo.org/records/14983362,,
2022-03-10,15587.0,,,,zenodo,,https://zenodo.org/records/14983362,,
2022-03-11,15738.0,,,,zenodo,,https://zenodo.org/records/14983362,,
2022-03-12,15826.0,,,,zenodo,,https://zenodo.org/records/14983362,,
2022-03-13,14083.0,,,,zenodo,,https://zenodo.org/records/14983362,,
2022-03-14,15724.0,,,,zenodo,,https://zenodo.org/records/14983362,,
2022-03-15,15975.0,,,,zenodo,,https://zenodo.org/records/14983362,,
2022-03-16,15954.0,,,,zenodo,,https://zenodo.org/records/14983362,,
2022-03-17,16402.0,,,,zenodo,,https://zenodo.org/records/14983362,,
2022-03-18,16095.0,,,,zenodo,,https://zenodo.org/records/14983362,,
2022-03-19,15912.0,,,,zenodo,,https://zenodo.org/records/14983362,,
2022-03-20,14521.0,,,,zenodo,,https://zenodo.org/records/14983362,,
2022-03-21,16042.0,,,,zenodo,,https://zenodo.org/records/14983362,,
2022-03-22,16162.0,,,,zenodo,,https://zenodo.org/records/14983362,,
2022-03-23,16336.0,,,,zenodo,,https://zenodo.org/records/14983362,,
2022-03-24,16328.0,,,,zenodo,,https://zenodo.org/records/14983362,,
2022-03-25,16267.0,,,,zenodo,,https://zenodo.org/records/14983362,,
2022-03-26,16257.0,,,,zenodo,,https://zenodo.org/records/14983362,,
2022-03-27,15282.0,,,,zenodo,,https://zenodo.org/records/14983362,,
2022-03-28,17063.0,,,,zenodo,,https://zenodo.org/records/14983362,,
2022-03-29,17196.0,,,,zenodo,,https://zenodo.org/records/14983362,,
2022-03-30,16859.0,,,,zenodo,,https://zenodo.org/records/14983362,,
2022-03-31,16842.0,,,,zenodo,,https://zenodo.org/records/14983362,,
2022-04-01,16939.0,,,,zenodo,,https://zenodo.org/records/14983362,,
2022-04-02,17061.0,,,,zenodo,,https://zenodo.org/records/14983362,,
2022-04-03,15023.0,,,,zenodo,,https://zenodo.org/records/14983362,,
2022-04-04,16471.0,,,,zenodo,,https://zenodo.org/records/14983362,,
2022-04-05,16647.0,,,,zenodo,,https://zenodo.org/records/14983362,,
2022-04-06,16758.0,,,,zenodo,,https://zenodo.org/records/14983362,,
2022-04-07,16509.0,,,,zenodo,,https://zenodo.org/records/14983362,,
2022-04-08,16713.0,,,,zenodo,,https://zenodo.org/records/14983362,,
2022-04-09,16983.0,,,,zenodo,,https://zenodo.org/records/14983362,,
2022-04-10,14582.0,,,,zenodo,,https://zenodo.org/records/14983362,,
2022-04-11,15480.0,,,,zenodo,,https://zenodo.org/records/14983362,,
2022-04-12,15534.0,,,,zenodo,,https://zenodo.org/records/14983362,,
2022-04-13,15470.0,,,,zenodo,,https://zenodo.org/records/14983362,,
2022-04-14,14095.0,,,,zenodo,,https://zenodo.org/records/14983362,,
2022-04-15,14832.0,,,,zenodo,,https://zenodo.org/records/14983362,,
2022-04-16,15480.0,,,,zenodo,,https://zenodo.org/records/14983362,,
2022-04-17,13429.0,,,,zenodo,,https://zenodo.org/records/14983362,,
2022-04-18,15001.0,,,,zenodo,,https://zenodo.org/records/14983362,,
2022-04-19,15821.0,,,,zenodo,,https://zenodo.org/records/14983362,,
2022-04-20,16136.0,,,,zenodo,,https://zenodo.org/records/14983362,,
2022-04-21,16316.0,,,,zenodo,,https://zenodo.org/records/14983362,,
2022-04-22,16866.0,0.0,367.9,2022-04-23,grid_india_psp_report,files/grdw/uploads/download-manager-files/22.04.22_NLDC_PSP.pdf,https://webcdn.grid-india.in/files/grdw/uploads/download-manager-files/22.04.22_NLDC_PSP.pdf,2026-09-24T17:53:22.160438,ok
2022-04-23,16741.0,,,,zenodo,,https://zenodo.org/records/14983362,,
2022-04-24,14395.0,,,,zenodo,,https://zenodo.org/records/14983362,,
2022-04-25,16727.0,,,,zenodo,,https://zenodo.org/records/14983362,,
2022-04-26,16919.0,,,,zenodo,,https://zenodo.org/records/14983362,,
2022-04-27,17107.0,,,,zenodo,,https://zenodo.org/records/14983362,,
2022-04-28,17370.0,,,,zenodo,,https://zenodo.org/records/14983362,,
2022-04-29,17563.0,,,,zenodo,,https://zenodo.org/records/14983362,,
2022-04-30,17137.0,,,,zenodo,,https://zenodo.org/records/14983362,,
2022-05-01,15733.0,,,,zenodo,,https://zenodo.org/records/14983362,,
2022-05-02,16492.0,,,,zenodo,,https://zenodo.org/records/14983362,,
2022-05-03,16627.0,,,,zenodo,,https://zenodo.org/records/14983362,,
2022-05-04,16754.0,,,,zenodo,,https://zenodo.org/records/14983362,,
2022-05-05,16229.0,,,,zenodo,,https://zenodo.org/records/14983362,,
2022-05-06,16906.0,,,,zenodo,,https://zenodo.org/records/14983362,,
2022-05-07,16224.0,,,,zenodo,,https://zenodo.org/records/14983362,,
2022-05-08,14395.0,,,,zenodo,,https://zenodo.org/records/14983362,,
2022-05-09,15798.0,,,,zenodo,,https://zenodo.org/records/14983362,,
2022-05-10,14462.0,,,,zenodo,,https://zenodo.org/records/14983362,,
2022-05-11,14513.0,,,,zenodo,,https://zenodo.org/records/14983362,,
2022-05-12,15146.0,,,,zenodo,,https://zenodo.org/records/14983362,,
2022-05-13,14983.0,,,,zenodo,,https://zenodo.org/records/14983362,,
2022-05-14,15259.0,,,,zenodo,,https://zenodo.org/records/14983362,,
2022-05-15,12707.0,,,,zenodo,,https://zenodo.org/records/14983362,,
2022-05-16,14506.0,,,,zenodo,,https://zenodo.org/records/14983362,,
2022-05-17,14457.0,,,,zenodo,,https://zenodo.org/records/14983362,,
2022-05-18,14745.0,,,,zenodo,,https://zenodo.org/records/14983362,,
2022-05-19,14885.0,,,,zenodo,,https://zenodo.org/records/14983362,,
2022-05-20,15000.0,,,,zenodo,,https://zenodo.org/records/14983362,,
2022-05-21,15218.0,,,,zenodo,,https://zenodo.org/records/14983362,,
2022-05-22,13377.0,,,,zenodo,,https://zenodo.org/records/14983362,,
2022-05-23,16664.0,,,,zenodo,,https://zenodo.org/records/14983362,,
2022-05-24,16298.0,,,,zenodo,,https://zenodo.org/records/14983362,,
2022-05-25,16497.0,,,,zenodo,,https://zenodo.org/records/14983362,,
2022-05-26,16266.0,,,,zenodo,,https://zenodo.org/records/14983362,,
2022-05-27,16325.0,,,,zenodo,,https://zenodo.org/records/14983362,,
2022-05-28,16013.0,,,,zenodo,,https://zenodo.org/records/14983362,,
2022-05-29,14558.0,,,,zenodo,,https://zenodo.org/records/14983362,,
2022-05-30,16401.0,,,,zenodo,,https://zenodo.org/records/14983362,,
2022-05-31,16604.0,,,,zenodo,,https://zenodo.org/records/14983362,,
2022-06-01,16314.0,,,,zenodo,,https://zenodo.org/records/14983362,,
2022-06-02,16733.0,,,,zenodo,,https://zenodo.org/records/14983362,,
2022-06-03,17517.0,,,,zenodo,,https://zenodo.org/records/14983362,,
2022-06-04,16670.0,,,,zenodo,,https://zenodo.org/records/14983362,,
2022-06-05,15430.0,,,,zenodo,,https://zenodo.org/records/14983362,,
2022-06-06,16175.0,,,,zenodo,,https://zenodo.org/records/14983362,,
2022-06-07,15791.0,,,,zenodo,,https://zenodo.org/records/14983362,,
2022-06-08,15969.0,,,,zenodo,,https://zenodo.org/records/14983362,,
2022-06-09,16841.0,,,,zenodo,,https://zenodo.org/records/14983362,,
2022-06-10,16416.0,,,,zenodo,,https://zenodo.org/records/14983362,,
2022-06-11,16621.0,,,,zenodo,,https://zenodo.org/records/14983362,,
2022-06-12,15149.0,,,,zenodo,,https://zenodo.org/records/14983362,,
2022-06-13,16267.0,,,,zenodo,,https://zenodo.org/records/14983362,,
2022-06-14,16274.0,0.0,360.8,2022-06-15,grid_india_psp_report,files/grdw/uploads/download-manager-files/14.06.22_NLDC_PSP.pdf,https://webcdn.grid-india.in/files/grdw/uploads/download-manager-files/14.06.22_NLDC_PSP.pdf,2026-09-24T17:53:28.419255,ok
2022-06-15,15725.0,,,,zenodo,,https://zenodo.org/records/14983362,,
2022-06-16,15330.0,,,,zenodo,,https://zenodo.org/records/14983362,,
2022-06-17,15324.0,,,,zenodo,,https://zenodo.org/records/14983362,,
2022-06-18,14738.0,,,,zenodo,,https://zenodo.org/records/14983362,,
2022-06-19,13455.0,,,,zenodo,,https://zenodo.org/records/14983362,,
2022-06-20,14914.0,,,,zenodo,,https://zenodo.org/records/14983362,,
2022-06-21,14821.0,,,,zenodo,,https://zenodo.org/records/14983362,,
2022-06-22,15144.0,,,,zenodo,,https://zenodo.org/records/14983362,,
2022-06-23,15467.0,,,,zenodo,,https://zenodo.org/records/14983362,,
2022-06-24,15885.0,,,,zenodo,,https://zenodo.org/records/14983362,,
2022-06-25,15421.0,,,,zenodo,,https://zenodo.org/records/14983362,,
2022-06-26,14142.0,,,,zenodo,,https://zenodo.org/records/14983362,,
2022-06-27,16202.0,,,,zenodo,,https://zenodo.org/records/14983362,,
2022-06-28,16520.0,,,,zenodo,,https://zenodo.org/records/14983362,,
2022-06-29,16700.0,,,,zenodo,,https://zenodo.org/records/14983362,,
2022-06-30,16507.0,,,,zenodo,,https://zenodo.org/records/14983362,,
2022-07-01,16834.0,,,,zenodo,,https://zenodo.org/records/14983362,,
2022-07-02,16128.0,,,,zenodo,,https://zenodo.org/records/14983362,,
2022-07-03,14366.0,,,,zenodo,,https://zenodo.org/records/14983362,,
2022-07-04,15972.0,,,,zenodo,,https://zenodo.org/records/14983362,,
2022-07-05,15618.0,,,,zenodo,,https://zenodo.org/records/14983362,,
2022-07-06,15512.0,,,,zenodo,,https://zenodo.org/records/14983362,,
2022-07-07,15638.0,,,,zenodo,,https://zenodo.org/records/14983362,,
2022-07-08,15441.0,,,,zenodo,,https://zenodo.org/records/14983362,,
2022-07-09,15657.0,,,,zenodo,,https://zenodo.org/records/14983362,,
2022-07-10,13454.0,,,,zenodo,,https://zenodo.org/records/14983362,,
2022-07-11,14539.0,,,,zenodo,,https://zenodo.org/records/14983362,,
2022-07-12,14936.0,,,,zenodo,,https://zenodo.org/records/14983362,,
2022-07-13,15259.0,,,,zenodo,,https://zenodo.org/records/14983362,,
2022-07-14,15641.0,,,,zenodo,,https://zenodo.org/records/14983362,,
2022-07-15,15929.0,,,,zenodo,,https://zenodo.org/records/14983362,,
2022-07-16,15120.0,,,,zenodo,,https://zenodo.org/records/14983362,,
2022-07-17,13321.0,,,,zenodo,,https://zenodo.org/records/14983362,,
2022-07-18,15290.0,,,,zenodo,,https://zenodo.org/records/14983362,,
2022-07-19,15690.0,,,,zenodo,,https://zenodo.org/records/14983362,,
2022-07-20,15689.0,,,,zenodo,,https://zenodo.org/records/14983362,,
2022-07-21,15236.0,,,,zenodo,,https://zenodo.org/records/14983362,,
2022-07-22,14987.0,,,,zenodo,,https://zenodo.org/records/14983362,,
2022-07-23,14365.0,,,,zenodo,,https://zenodo.org/records/14983362,,
2022-07-24,12812.0,,,,zenodo,,https://zenodo.org/records/14983362,,
2022-07-25,14776.0,,,,zenodo,,https://zenodo.org/records/14983362,,
2022-07-26,14665.0,,,,zenodo,,https://zenodo.org/records/14983362,,
2022-07-27,14412.0,,,,zenodo,,https://zenodo.org/records/14983362,,
2022-07-28,14395.0,,,,zenodo,,https://zenodo.org/records/14983362,,
2022-07-29,15155.0,,,,zenodo,,https://zenodo.org/records/14983362,,
2022-07-30,14321.0,,,,zenodo,,https://zenodo.org/records/14983362,,
2022-07-31,12697.0,,,,zenodo,,https://zenodo.org/records/14983362,,
2022-08-01,14140.0,,,,zenodo,,https://zenodo.org/records/14983362,,
2022-08-02,14433.0,,,,zenodo,,https://zenodo.org/records/14983362,,
2022-08-03,13370.0,,,,zenodo,,https://zenodo.org/records/14983362,,
2022-08-04,13832.0,,,,zenodo,,https://zenodo.org/records/14983362,,
2022-08-05,13868.0,,,,zenodo,,https://zenodo.org/records/14983362,,
2022-08-06,13531.0,,,,zenodo,,https://zenodo.org/records/14983362,,
2022-08-07,12016.0,,,,zenodo,,https://zenodo.org/records/14983362,,
2022-08-08,14435.0,,,,zenodo,,https://zenodo.org/records/14983362,,
2022-08-09,14933.0,,,,zenodo,,https://zenodo.org/records/14983362,,
2022-08-10,15278.0,,,,zenodo,,https://zenodo.org/records/14983362,,
2022-08-11,15883.0,,,,zenodo,,https://zenodo.org/records/14983362,,
2022-08-12,15941.0,,,,zenodo,,https://zenodo.org/records/14983362,,
2022-08-13,15780.0,,,,zenodo,,https://zenodo.org/records/14983362,,
2022-08-14,13920.0,,,,zenodo,,https://zenodo.org/records/14983362,,
2022-08-15,13659.0,,,,zenodo,,https://zenodo.org/records/14983362,,
2022-08-16,16058.0,,,,zenodo,,https://zenodo.org/records/14983362,,
2022-08-17,15932.0,,,,zenodo,,https://zenodo.org/records/14983362,,
2022-08-18,15982.0,,,,zenodo,,https://zenodo.org/records/14983362,,
2022-08-19,15906.0,,,,zenodo,,https://zenodo.org/records/14983362,,
2022-08-20,15550.0,,,,zenodo,,https://zenodo.org/records/14983362,,
2022-08-21,13840.0,,,,zenodo,,https://zenodo.org/records/14983362,,
2022-08-22,14937.0,,,,zenodo,,https://zenodo.org/records/14983362,,
2022-08-23,15506.0,,,,zenodo,,https://zenodo.org/records/14983362,,
2022-08-24,15249.0,,,,zenodo,,https://zenodo.org/records/14983362,,
2022-08-25,14307.0,,,,zenodo,,https://zenodo.org/records/14983362,,
2022-08-26,14079.0,,,,zenodo,,https://zenodo.org/records/14983362,,
2022-08-27,13851.0,,,,zenodo,,https://zenodo.org/records/14983362,,
2022-08-28,11735.0,,,,zenodo,,https://zenodo.org/records/14983362,,
2022-08-29,13881.0,,,,zenodo,,https://zenodo.org/records/14983362,,
2022-08-30,14172.0,,,,zenodo,,https://zenodo.org/records/14983362,,
2022-08-31,12287.0,,,,zenodo,,https://zenodo.org/records/14983362,,
2022-09-01,13535.0,,,,zenodo,,https://zenodo.org/records/14983362,,
2022-09-02,13888.0,,,,zenodo,,https://zenodo.org/records/14983362,,
2022-09-03,14122.0,,,,zenodo,,https://zenodo.org/records/14983362,,
2022-09-04,12193.0,,,,zenodo,,https://zenodo.org/records/14983362,,
2022-09-05,14499.0,,,,zenodo,,https://zenodo.org/records/14983362,,
2022-09-06,14434.0,,,,zenodo,,https://zenodo.org/records/14983362,,
2022-09-07,13940.0,,,,zenodo,,https://zenodo.org/records/14983362,,
2022-09-08,13830.0,,,,zenodo,,https://zenodo.org/records/14983362,,
2022-09-09,14355.0,,,,zenodo,,https://zenodo.org/records/14983362,,
2022-09-10,13911.0,,,,zenodo,,https://zenodo.org/records/14983362,,
2022-09-11,12542.0,,,,zenodo,,https://zenodo.org/records/14983362,,
2022-09-12,15313.0,,,,zenodo,,https://zenodo.org/records/14983362,,
2022-09-13,15727.0,,,,zenodo,,https://zenodo.org/records/14983362,,
2022-09-14,15804.0,,,,zenodo,,https://zenodo.org/records/14983362,,
2022-09-15,15965.0,,,,zenodo,,https://zenodo.org/records/14983362,,
2022-09-16,15853.0,,,,zenodo,,https://zenodo.org/records/14983362,,
2022-09-17,15655.0,,,,zenodo,,https://zenodo.org/records/14983362,,
2022-09-18,13780.0,,,,zenodo,,https://zenodo.org/records/14983362,,
2022-09-19,16029.0,,,,zenodo,,https://zenodo.org/records/14983362,,
2022-09-20,16094.0,,,,zenodo,,https://zenodo.org/records/14983362,,
2022-09-21,16390.0,,,,zenodo,,https://zenodo.org/records/14983362,,
2022-09-22,16315.0,,,,zenodo,,https://zenodo.org/records/14983362,,
2022-09-23,16174.0,,,,zenodo,,https://zenodo.org/records/14983362,,
2022-09-24,16045.0,,,,zenodo,,https://zenodo.org/records/14983362,,
2022-09-25,14408.0,,,,zenodo,,https://zenodo.org/records/14983362,,
2022-09-26,15404.0,,,,zenodo,,https://zenodo.org/records/14983362,,
2022-09-27,15670.0,,,,zenodo,,https://zenodo.org/records/14983362,,
2022-09-28,15251.0,,,,zenodo,,https://zenodo.org/records/14983362,,
2022-09-29,15581.0,,,,zenodo,,https://zenodo.org/records/14983362,,
2022-09-30,15295.0,,,,zenodo,,https://zenodo.org/records/14983362,,
2022-10-01,14382.0,,,,zenodo,,https://zenodo.org/records/14983362,,
2022-10-02,12398.0,,,,zenodo,,https://zenodo.org/records/14983362,,
2022-10-03,14740.0,,,,zenodo,,https://zenodo.org/records/14983362,,
2022-10-04,14488.0,,,,zenodo,,https://zenodo.org/records/14983362,,
2022-10-05,14347.0,,,,zenodo,,https://zenodo.org/records/14983362,,
2022-10-06,15080.0,,,,zenodo,,https://zenodo.org/records/14983362,,
2022-10-07,15532.0,,,,zenodo,,https://zenodo.org/records/14983362,,
2022-10-08,14803.0,,,,zenodo,,https://zenodo.org/records/14983362,,
2022-10-09,12879.0,,,,zenodo,,https://zenodo.org/records/14983362,,
2022-10-10,14434.0,,,,zenodo,,https://zenodo.org/records/14983362,,
2022-10-11,14694.0,,,,zenodo,,https://zenodo.org/records/14983362,,
2022-10-12,14789.0,,,,zenodo,,https://zenodo.org/records/14983362,,
2022-10-13,14961.0,,,,zenodo,,https://zenodo.org/records/14983362,,
2022-10-14,14770.0,,,,zenodo,,https://zenodo.org/records/14983362,,
2022-10-15,14162.0,,,,zenodo,,https://zenodo.org/records/14983362,,
2022-10-16,12200.0,,,,zenodo,,https://zenodo.org/records/14983362,,
2022-10-17,14558.0,,,,zenodo,,https://zenodo.org/records/14983362,,
2022-10-18,14364.0,,,,zenodo,,https://zenodo.org/records/14983362,,
2022-10-19,14331.0,,,,zenodo,,https://zenodo.org/records/14983362,,
2022-10-20,14448.0,,,,zenodo,,https://zenodo.org/records/14983362,,
2022-10-21,14259.0,,,,zenodo,,https://zenodo.org/records/14983362,,
2022-10-22,13421.0,,,,zenodo,,https://zenodo.org/records/14983362,,
2022-10-23,11062.0,,,,zenodo,,https://zenodo.org/records/14983362,,
2022-10-24,10168.0,,,,zenodo,,https://zenodo.org/records/14983362,,
2022-10-25,12300.0,,,,zenodo,,https://zenodo.org/records/14983362,,
2022-10-26,13888.0,,,,zenodo,,https://zenodo.org/records/14983362,,
2022-10-27,14433.0,,,,zenodo,,https://zenodo.org/records/14983362,,
2022-10-28,14585.0,,,,zenodo,,https://zenodo.org/records/14983362,,
2022-10-29,13647.0,,,,zenodo,,https://zenodo.org/records/14983362,,
2022-10-30,12955.0,,,,zenodo,,https://zenodo.org/records/14983362,,
2022-10-31,14401.0,,,,zenodo,,https://zenodo.org/records/14983362,,
2022-11-01,13947.0,,,,zenodo,,https://zenodo.org/records/14983362,,
2022-11-02,13670.0,,,,zenodo,,https://zenodo.org/records/14983362,,
2022-11-03,13827.0,,,,zenodo,,https://zenodo.org/records/14983362,,
2022-11-04,13754.0,,,,zenodo,,https://zenodo.org/records/14983362,,
2022-11-05,13103.0,,,,zenodo,,https://zenodo.org/records/14983362,,
2022-11-06,11536.0,,,,zenodo,,https://zenodo.org/records/14983362,,
2022-11-07,14077.0,,,,zenodo,,https://zenodo.org/records/14983362,,
2022-11-08,14494.0,,,,zenodo,,https://zenodo.org/records/14983362,,
2022-11-09,14555.0,,,,zenodo,,https://zenodo.org/records/14983362,,
2022-11-10,14584.0,,,,zenodo,,https://zenodo.org/records/14983362,,
2022-11-11,12806.0,,,,zenodo,,https://zenodo.org/records/14983362,,
2022-11-12,13056.0,,,,zenodo,,https://zenodo.org/records/14983362,,
2022-11-13,10994.0,,,,zenodo,,https://zenodo.org/records/14983362,,
2022-11-14,13292.0,,,,zenodo,,https://zenodo.org/records/14983362,,
2022-11-15,13752.0,,,,zenodo,,https://zenodo.org/records/14983362,,
2022-11-16,13875.0,,,,zenodo,,https://zenodo.org/records/14983362,,
2022-11-17,14611.0,,,,zenodo,,https://zenodo.org/records/14983362,,
2022-11-18,14169.0,,,,zenodo,,https://zenodo.org/records/14983362,,
2022-11-19,13886.0,,,,zenodo,,https://zenodo.org/records/14983362,,
2022-11-20,11879.0,,,,zenodo,,https://zenodo.org/records/14983362,,
2022-11-21,13892.0,,,,zenodo,,https://zenodo.org/records/14983362,,
2022-11-22,14459.0,,,,zenodo,,https://zenodo.org/records/14983362,,
2022-11-23,14649.0,,,,zenodo,,https://zenodo.org/records/14983362,,
2022-11-24,14548.0,,,,zenodo,,https://zenodo.org/records/14983362,,
2022-11-25,14743.0,,,,zenodo,,https://zenodo.org/records/14983362,,
2022-11-26,15070.0,,,,zenodo,,https://zenodo.org/records/14983362,,
2022-11-27,12965.0,,,,zenodo,,https://zenodo.org/records/14983362,,
2022-11-28,14502.0,,,,zenodo,,https://zenodo.org/records/14983362,,
2022-11-29,14480.0,,,,zenodo,,https://zenodo.org/records/14983362,,
2022-11-30,14522.0,0.0,306.0,2022-12-01,grid_india_psp_report,files/grdw/uploads/download-manager-files/30.11.22_NLDC_PSP.pdf,https://webcdn.grid-india.in/files/grdw/uploads/download-manager-files/30.11.22_NLDC_PSP.pdf,2026-09-24T17:53:33.877193,ok
2022-12-01,14591.0,,,,zenodo,,https://zenodo.org/records/14983362,,
2022-12-02,14938.0,0.0,312.2,2022-12-03,grid_india_psp_report,files/grdw/uploads/download-manager-files/02.12.22_NLDC_PSP.pdf,https://webcdn.grid-india.in/files/grdw/uploads/download-manager-files/02.12.22_NLDC_PSP.pdf,2026-09-24T17:53:37.345892,ok
2022-12-03,14343.0,,,,zenodo,,https://zenodo.org/records/14983362,,
2022-12-04,12177.0,,,,zenodo,,https://zenodo.org/records/14983362,,
2022-12-05,14254.0,,,,zenodo,,https://zenodo.org/records/14983362,,
2022-12-06,14333.0,,,,zenodo,,https://zenodo.org/records/14983362,,
2022-12-07,14189.0,,,,zenodo,,https://zenodo.org/records/14983362,,
2022-12-08,14064.0,,,,zenodo,,https://zenodo.org/records/14983362,,
2022-12-09,12662.0,,,,zenodo,,https://zenodo.org/records/14983362,,
2022-12-10,12684.0,,,,zenodo,,https://zenodo.org/records/14983362,,
2022-12-11,11346.0,,,,zenodo,,https://zenodo.org/records/14983362,,
2022-12-12,13008.0,,,,zenodo,,https://zenodo.org/records/14983362,,
2022-12-13,13621.0,,,,zenodo,,https://zenodo.org/records/14983362,,
2022-12-14,13793.0,,,,zenodo,,https://zenodo.org/records/14983362,,
2022-12-15,14021.0,,,,zenodo,,https://zenodo.org/records/14983362,,
2022-12-16,14275.0,,,,zenodo,,https://zenodo.org/records/14983362,,
2022-12-17,14223.0,,,,zenodo,,https://zenodo.org/records/14983362,,
2022-12-18,12599.0,,,,zenodo,,https://zenodo.org/records/14983362,,
2022-12-19,14455.0,,,,zenodo,,https://zenodo.org/records/14983362,,
2022-12-20,14437.0,,,,zenodo,,https://zenodo.org/records/14983362,,
2022-12-21,14886.0,,,,zenodo,,https://zenodo.org/records/14983362,,
2022-12-22,15043.0,,,,zenodo,,https://zenodo.org/records/14983362,,
2022-12-23,15221.0,,,,zenodo,,https://zenodo.org/records/14983362,,
2022-12-24,15663.0,,,,zenodo,,https://zenodo.org/records/14983362,,
2022-12-25,13044.0,,,,zenodo,,https://zenodo.org/records/14983362,,
2022-12-26,13876.0,,,,zenodo,,https://zenodo.org/records/14983362,,
2022-12-27,13856.0,0.0,286.4,2022-12-28,grid_india_psp_report,files/grdw/2026/01/27.12.22_NLDC_PSP_432.pdf,https://webcdn.grid-india.in/files/grdw/2026/01/27.12.22_NLDC_PSP_432.pdf,2026-09-24T17:53:41.598647,ok
2022-12-28,14183.0,,,,zenodo,,https://zenodo.org/records/14983362,,
2022-12-29,14703.0,,,,zenodo,,https://zenodo.org/records/14983362,,
2022-12-30,14928.0,,,,zenodo,,https://zenodo.org/records/14983362,,
2022-12-31,14738.0,,,,zenodo,,https://zenodo.org/records/14983362,,
2023-01-01,13131.0,,,,zenodo,,https://zenodo.org/records/14983362,,
2023-01-02,14888.0,,,,zenodo,,https://zenodo.org/records/14983362,,
2023-01-03,15328.0,,,,zenodo,,https://zenodo.org/records/14983362,,
2023-01-04,15436.0,,,,zenodo,,https://zenodo.org/records/14983362,,
2023-01-05,15281.0,,,,zenodo,,https://zenodo.org/records/14983362,,
2023-01-06,15785.0,,,,zenodo,,https://zenodo.org/records/14983362,,
2023-01-07,14868.0,,,,zenodo,,https://zenodo.org/records/14983362,,
2023-01-08,13851.0,,,,zenodo,,https://zenodo.org/records/14983362,,
2023-01-09,15180.0,,,,zenodo,,https://zenodo.org/records/14983362,,
2023-01-10,16063.0,,,,zenodo,,https://zenodo.org/records/14983362,,
2023-01-11,15407.0,,,,zenodo,,https://zenodo.org/records/14983362,,
2023-01-12,15564.0,,,,zenodo,,https://zenodo.org/records/14983362,,
2023-01-13,15823.0,,,,zenodo,,https://zenodo.org/records/14983362,,
2023-01-14,15374.0,,,,zenodo,,https://zenodo.org/records/14983362,,
2023-01-15,12562.0,,,,zenodo,,https://zenodo.org/records/14983362,,
2023-01-16,12226.0,,,,zenodo,,https://zenodo.org/records/14983362,,
2023-01-17,13185.0,,,,zenodo,,https://zenodo.org/records/14983362,,
2023-01-18,14703.0,,,,zenodo,,https://zenodo.org/records/14983362,,
2023-01-19,14837.0,,,,zenodo,,https://zenodo.org/records/14983362,,
2023-01-20,15415.0,,,,zenodo,,https://zenodo.org/records/14983362,,
2023-01-21,15384.0,,,,zenodo,,https://zenodo.org/records/14983362,,
2023-01-22,14558.0,,,,zenodo,,https://zenodo.org/records/14983362,,
2023-01-23,15212.0,,,,zenodo,,https://zenodo.org/records/14983362,,
2023-01-24,15242.0,,,,zenodo,,https://zenodo.org/records/14983362,,
2023-01-25,15375.0,,,,zenodo,,https://zenodo.org/records/14983362,,
2023-01-26,13667.0,,,,zenodo,,https://zenodo.org/records/14983362,,
2023-01-27,15494.0,,,,zenodo,,https://zenodo.org/records/14983362,,
2023-01-28,16001.0,,,,zenodo,,https://zenodo.org/records/14983362,,
2023-01-29,14592.0,,,,zenodo,,https://zenodo.org/records/14983362,,
2023-01-30,15721.0,,,,zenodo,,https://zenodo.org/records/14983362,,
2023-01-31,15493.0,,,,zenodo,,https://zenodo.org/records/14983362,,
2023-02-01,14981.0,,,,zenodo,,https://zenodo.org/records/14983362,,
2023-02-02,15164.0,,,,zenodo,,https://zenodo.org/records/14983362,,
2023-02-03,14978.0,,,,zenodo,,https://zenodo.org/records/14983362,,
2023-02-04,14789.0,,,,zenodo,,https://zenodo.org/records/14983362,,
2023-02-05,12904.0,,,,zenodo,,https://zenodo.org/records/14983362,,
2023-02-06,14907.0,,,,zenodo,,https://zenodo.org/records/14983362,,
2023-02-07,14965.0,,,,zenodo,,https://zenodo.org/records/14983362,,
2023-02-08,15402.0,,,,zenodo,,https://zenodo.org/records/14983362,,
2023-02-09,15471.0,,,,zenodo,,https://zenodo.org/records/14983362,,
2023-02-10,15435.0,,,,zenodo,,https://zenodo.org/records/14983362,,
2023-02-11,16260.0,,,,zenodo,,https://zenodo.org/records/14983362,,
2023-02-12,13748.0,,,,zenodo,,https://zenodo.org/records/14983362,,
2023-02-13,15603.0,,,,zenodo,,https://zenodo.org/records/14983362,,
2023-02-14,15710.0,,,,zenodo,,https://zenodo.org/records/14983362,,
2023-02-15,15846.0,,,,zenodo,,https://zenodo.org/records/14983362,,
2023-02-16,16043.0,,,,zenodo,,https://zenodo.org/records/14983362,,
2023-02-17,16497.0,,,,zenodo,,https://zenodo.org/records/14983362,,
2023-02-18,16106.0,,,,zenodo,,https://zenodo.org/records/14983362,,
2023-02-19,14938.0,,,,zenodo,,https://zenodo.org/records/14983362,,
2023-02-20,15739.0,,,,zenodo,,https://zenodo.org/records/14983362,,
2023-02-21,16196.0,,,,zenodo,,https://zenodo.org/records/14983362,,
2023-02-22,16140.0,,,,zenodo,,https://zenodo.org/records/14983362,,
2023-02-23,16370.0,,,,zenodo,,https://zenodo.org/records/14983362,,
2023-02-24,16469.0,,,,zenodo,,https://zenodo.org/records/14983362,,
2023-02-25,16783.0,,,,zenodo,,https://zenodo.org/records/14983362,,
2023-02-26,15070.0,,,,zenodo,,https://zenodo.org/records/14983362,,
2023-02-27,16333.0,,,,zenodo,,https://zenodo.org/records/14983362,,
2023-02-28,16603.0,,,,zenodo,,https://zenodo.org/records/14983362,,
2023-03-01,17213.0,,,,zenodo,,https://zenodo.org/records/14983362,,
2023-03-02,17463.0,,,,zenodo,,https://zenodo.org/records/14983362,,
2023-03-03,16225.0,,,,zenodo,,https://zenodo.org/records/14983362,,
2023-03-04,17977.0,,,,zenodo,,https://zenodo.org/records/14983362,,
2023-03-05,15113.0,,,,zenodo,,https://zenodo.org/records/14983362,,
2023-03-06,16915.0,,,,zenodo,,https://zenodo.org/records/14983362,,
2023-03-07,17413.0,,,,zenodo,,https://zenodo.org/records/14983362,,
2023-03-08,16295.0,,,,zenodo,,https://zenodo.org/records/14983362,,
2023-03-09,17159.0,,,,zenodo,,https://zenodo.org/records/14983362,,
2023-03-10,17647.0,,,,zenodo,,https://zenodo.org/records/14983362,,
2023-03-11,17469.0,,,,zenodo,,https://zenodo.org/records/14983362,,
2023-03-12,15305.0,,,,zenodo,,https://zenodo.org/records/14983362,,
2023-03-13,17294.0,,,,zenodo,,https://zenodo.org/records/14983362,,
2023-03-14,17705.0,,,,zenodo,,https://zenodo.org/records/14983362,,
2023-03-15,17749.0,,,,zenodo,,https://zenodo.org/records/14983362,,
2023-03-16,18048.0,,,,zenodo,,https://zenodo.org/records/14983362,,
2023-03-17,17658.0,,,,zenodo,,https://zenodo.org/records/14983362,,
2023-03-18,17172.0,,,,zenodo,,https://zenodo.org/records/14983362,,
2023-03-19,14027.0,,,,zenodo,,https://zenodo.org/records/14983362,,
2023-03-20,15769.0,,,,zenodo,,https://zenodo.org/records/14983362,,
2023-03-21,16443.0,,,,zenodo,,https://zenodo.org/records/14983362,,
2023-03-22,16602.0,,,,zenodo,,https://zenodo.org/records/14983362,,
2023-03-23,16599.0,,,,zenodo,,https://zenodo.org/records/14983362,,
2023-03-24,16907.0,,,,zenodo,,https://zenodo.org/records/14983362,,
2023-03-25,16552.0,,,,zenodo,,https://zenodo.org/records/14983362,,
2023-03-26,14931.0,,,,zenodo,,https://zenodo.org/records/14983362,,
2023-03-27,16713.0,,,,zenodo,,https://zenodo.org/records/14983362,,
2023-03-28,17467.0,,,,zenodo,,https://zenodo.org/records/14983362,,
2023-03-29,17512.0,,,,zenodo,,https://zenodo.org/records/14983362,,
2023-03-30,17754.0,0.0,369.95,2023-03-31,grid_india_psp_report,files/grdw/2026/02/30.03.23_NLDC_PSP_263.xls,https://webcdn.grid-india.in/files/grdw/2026/02/30.03.23_NLDC_PSP_263.xls,2026-09-24T17:53:47.262959,ok
2023-03-31,17384.0,,,,zenodo,,https://zenodo.org/records/14983362,,
2023-04-01,17249.0,,,,zenodo,,https://zenodo.org/records/14983362,,
2023-04-02,14905.0,,,,zenodo,,https://zenodo.org/records/14983362,,
2023-04-03,17137.0,,,,zenodo,,https://zenodo.org/records/14983362,,
2023-04-04,17749.0,,,,zenodo,,https://zenodo.org/records/14983362,,
2023-04-05,17743.0,,,,zenodo,,https://zenodo.org/records/14983362,,
2023-04-06,18252.0,,,,zenodo,,https://zenodo.org/records/14983362,,
2023-04-07,17848.0,,,,zenodo,,https://zenodo.org/records/14983362,,
2023-04-08,17731.0,,,,zenodo,,https://zenodo.org/records/14983362,,
2023-04-09,15616.0,,,,zenodo,,https://zenodo.org/records/14983362,,
2023-04-10,17824.0,,,,zenodo,,https://zenodo.org/records/14983362,,
2023-04-11,18147.0,,,,zenodo,,https://zenodo.org/records/14983362,,
2023-04-12,18667.0,,,,zenodo,,https://zenodo.org/records/14983362,,
2023-04-13,18486.0,,,,zenodo,,https://zenodo.org/records/14983362,,
2023-04-14,17469.0,,,,zenodo,,https://zenodo.org/records/14983362,,
2023-04-15,18291.0,,,,zenodo,,https://zenodo.org/records/14983362,,
2023-04-16,16685.0,,,,zenodo,,https://zenodo.org/records/14983362,,
2023-04-17,18563.0,,,,zenodo,,https://zenodo.org/records/14983362,,
2023-04-18,18882.0,,,,zenodo,,https://zenodo.org/records/14983362,,
2023-04-19,19087.0,,,,zenodo,,https://zenodo.org/records/14983362,,
2023-04-20,19387.0,,,,zenodo,,https://zenodo.org/records/14983362,,
2023-04-21,18892.0,,,,zenodo,,https://zenodo.org/records/14983362,,
2023-04-22,18628.0,,,,zenodo,,https://zenodo.org/records/14983362,,
2023-04-23,15444.0,,,,zenodo,,https://zenodo.org/records/14983362,,
2023-04-24,17066.0,,,,zenodo,,https://zenodo.org/records/14983362,,
2023-04-25,16700.0,,,,zenodo,,https://zenodo.org/records/14983362,,
2023-04-26,16930.0,,,,zenodo,,https://zenodo.org/records/14983362,,
2023-04-27,17282.0,,,,zenodo,,https://zenodo.org/records/14983362,,
2023-04-28,17593.0,,,,zenodo,,https://zenodo.org/records/14983362,,
2023-04-29,17267.0,,,,zenodo,,https://zenodo.org/records/14983362,,
2023-04-30,17267.0,,,,zenodo,,https://zenodo.org/records/14983362,,
2023-05-01,13897.0,,,,zenodo,,https://zenodo.org/records/14983362,,
2023-05-02,14632.0,,,,zenodo,,https://zenodo.org/records/14983362,,
2023-05-03,14730.0,,,,zenodo,,https://zenodo.org/records/14983362,,
2023-05-04,14614.0,,,,zenodo,,https://zenodo.org/records/14983362,,
2023-05-05,14562.0,,,,zenodo,,https://zenodo.org/records/14983362,,
2023-05-06,14421.0,,,,zenodo,,https://zenodo.org/records/14983362,,
2023-05-07,12621.0,,,,zenodo,,https://zenodo.org/records/14983362,,
2023-05-08,14524.0,,,,zenodo,,https://zenodo.org/records/14983362,,
2023-05-09,15176.0,,,,zenodo,,https://zenodo.org/records/14983362,,
2023-05-10,16205.0,,,,zenodo,,https://zenodo.org/records/14983362,,
2023-05-11,16154.0,,,,zenodo,,https://zenodo.org/records/14983362,,
2023-05-12,16310.0,,,,zenodo,,https://zenodo.org/records/14983362,,
2023-05-13,16704.0,,,,zenodo,,https://zenodo.org/records/14983362,,
2023-05-14,15530.0,,,,zenodo,,https://zenodo.org/records/14983362,,
2023-05-15,17382.0,,,,zenodo,,https://zenodo.org/records/14983362,,
2023-05-16,17618.0,,,,zenodo,,https://zenodo.org/records/14983362,,
2023-05-17,18083.0,,,,zenodo,,https://zenodo.org/records/14983362,,
2023-05-18,18658.0,,,,zenodo,,https://zenodo.org/records/14983362,,
2023-05-19,18222.0,,,,zenodo,,https://zenodo.org/records/14983362,,
2023-05-20,17949.0,,,,zenodo,,https://zenodo.org/records/14983362,,
2023-05-21,16147.0,,,,zenodo,,https://zenodo.org/records/14983362,,
2023-05-22,17228.0,,,,zenodo,,https://zenodo.org/records/14983362,,
2023-05-23,17656.0,,,,zenodo,,https://zenodo.org/records/14983362,,
2023-05-24,17578.0,,,,zenodo,,https://zenodo.org/records/14983362,,
2023-05-25,18141.0,,,,zenodo,,https://zenodo.org/records/14983362,,
2023-05-26,17621.0,,,,zenodo,,https://zenodo.org/records/14983362,,
2023-05-27,17059.0,,,,zenodo,,https://zenodo.org/records/14983362,,
2023-05-28,15667.0,,,,zenodo,,https://zenodo.org/records/14983362,,
2023-05-29,17865.0,,,,zenodo,,https://zenodo.org/records/14983362,,
2023-05-30,18141.0,,,,zenodo,,https://zenodo.org/records/14983362,,
2023-05-31,18427.0,,,,zenodo,,https://zenodo.org/records/14983362,,
2023-06-01,17527.0,,,,zenodo,,https://zenodo.org/records/14983362,,
2023-06-02,18165.0,,,,zenodo,,https://zenodo.org/records/14983362,,
2023-06-03,18184.0,,,,zenodo,,https://zenodo.org/records/14983362,,
2023-06-04,16173.0,,,,zenodo,,https://zenodo.org/records/14983362,,
2023-06-05,18084.0,,,,zenodo,,https://zenodo.org/records/14983362,,
2023-06-06,17553.0,,,,zenodo,,https://zenodo.org/records/14983362,,
2023-06-07,17553.0,,,,zenodo,,https://zenodo.org/records/14983362,,
2023-06-08,17829.0,,,,zenodo,,https://zenodo.org/records/14983362,,
2023-06-09,17909.0,,,,zenodo,,https://zenodo.org/records/14983362,,
2023-06-10,17840.0,,,,zenodo,,https://zenodo.org/records/14983362,,
2023-06-11,15922.0,,,,zenodo,,https://zenodo.org/records/14983362,,
2023-06-12,17758.0,,,,zenodo,,https://zenodo.org/records/14983362,,
2023-06-13,17190.0,,,,zenodo,,https://zenodo.org/records/14983362,,
2023-06-14,17734.0,,,,zenodo,,https://zenodo.org/records/14983362,,
2023-06-15,18014.0,,,,zenodo,,https://zenodo.org/records/14983362,,
2023-06-16,18522.0,,,,zenodo,,https://zenodo.org/records/14983362,,
2023-06-17,17597.0,,,,zenodo,,https://zenodo.org/records/14983362,,
2023-06-18,15729.0,,,,zenodo,,https://zenodo.org/records/14983362,,
2023-06-19,16693.0,,,,zenodo,,https://zenodo.org/records/14983362,,
2023-06-20,16398.0,,,,zenodo,,https://zenodo.org/records/14983362,,
2023-06-21,16222.0,,,,zenodo,,https://zenodo.org/records/14983362,,
2023-06-22,16405.0,,,,zenodo,,https://zenodo.org/records/14983362,,
2023-06-23,16465.0,,,,zenodo,,https://zenodo.org/records/14983362,,
2023-06-24,16779.0,,,,zenodo,,https://zenodo.org/records/14983362,,
2023-06-25,15053.0,,,,zenodo,,https://zenodo.org/records/14983362,,
2023-06-26,17328.0,,,,zenodo,,https://zenodo.org/records/14983362,,
2023-06-27,16807.0,,,,zenodo,,https://zenodo.org/records/14983362,,
2023-06-28,17390.0,,,,zenodo,,https://zenodo.org/records/14983362,,
2023-06-29,17376.0,,,,zenodo,,https://zenodo.org/records/14983362,,
2023-06-30,17850.0,,,,zenodo,,https://zenodo.org/records/14983362,,
2023-07-01,17381.0,,,,zenodo,,https://zenodo.org/records/14983362,,
2023-07-02,15217.0,,,,zenodo,,https://zenodo.org/records/14983362,,
2023-07-03,16258.0,,,,zenodo,,https://zenodo.org/records/14983362,,
2023-07-04,16185.0,,,,zenodo,,https://zenodo.org/records/14983362,,
2023-07-05,16159.0,,,,zenodo,,https://zenodo.org/records/14983362,,
2023-07-06,16175.0,,,,zenodo,,https://zenodo.org/records/14983362,,
2023-07-07,16465.0,,,,zenodo,,https://zenodo.org/records/14983362,,
2023-07-08,16969.0,,,,zenodo,,https://zenodo.org/records/14983362,,
2023-07-09,14934.0,,,,zenodo,,https://zenodo.org/records/14983362,,
2023-07-10,16331.0,,,,zenodo,,https://zenodo.org/records/14983362,,
2023-07-11,15810.0,,,,zenodo,,https://zenodo.org/records/14983362,,
2023-07-12,16008.0,,,,zenodo,,https://zenodo.org/records/14983362,,
2023-07-13,15631.0,,,,zenodo,,https://zenodo.org/records/14983362,,
2023-07-14,16221.0,,,,zenodo,,https://zenodo.org/records/14983362,,
2023-07-15,16302.0,,,,zenodo,,https://zenodo.org/records/14983362,,
2023-07-16,15128.0,,,,zenodo,,https://zenodo.org/records/14983362,,
2023-07-17,16762.0,,,,zenodo,,https://zenodo.org/records/14983362,,
2023-07-18,17025.0,,,,zenodo,,https://zenodo.org/records/14983362,,
2023-07-19,16797.0,,,,zenodo,,https://zenodo.org/records/14983362,,
2023-07-20,17070.0,,,,zenodo,,https://zenodo.org/records/14983362,,
2023-07-21,17190.0,,,,zenodo,,https://zenodo.org/records/14983362,,
2023-07-22,17488.0,,,,zenodo,,https://zenodo.org/records/14983362,,
2023-07-23,14980.0,,,,zenodo,,https://zenodo.org/records/14983362,,
2023-07-24,16108.0,,,,zenodo,,https://zenodo.org/records/14983362,,
2023-07-25,15827.0,,,,zenodo,,https://zenodo.org/records/14983362,,
2023-07-26,15901.0,,,,zenodo,,https://zenodo.org/records/14983362,,
2023-07-27,16548.0,,,,zenodo,,https://zenodo.org/records/14983362,,
2023-07-28,17162.0,,,,zenodo,,https://zenodo.org/records/14983362,,
2023-07-29,17455.0,,,,zenodo,,https://zenodo.org/records/14983362,,
2023-07-30,15886.0,,,,zenodo,,https://zenodo.org/records/14983362,,
2023-07-31,17774.0,,,,zenodo,,https://zenodo.org/records/14983362,,
2023-08-01,18252.0,,,,zenodo,,https://zenodo.org/records/14983362,,
2023-08-02,17813.0,,,,zenodo,,https://zenodo.org/records/14983362,,
2023-08-03,17340.0,,,,zenodo,,https://zenodo.org/records/14983362,,
2023-08-04,17881.0,,,,zenodo,,https://zenodo.org/records/14983362,,
2023-08-05,17368.0,,,,zenodo,,https://zenodo.org/records/14983362,,
2023-08-06,16385.0,,,,zenodo,,https://zenodo.org/records/14983362,,
2023-08-07,17821.0,,,,zenodo,,https://zenodo.org/records/14983362,,
2023-08-08,17552.0,,,,zenodo,,https://zenodo.org/records/14983362,,
2023-08-09,17834.0,,,,zenodo,,https://zenodo.org/records/14983362,,
2023-08-10,16355.0,,,,zenodo,,https://zenodo.org/records/14983362,,
2023-08-11,16441.0,,,,zenodo,,https://zenodo.org/records/14983362,,
2023-08-12,15755.0,,,,zenodo,,https://zenodo.org/records/14983362,,
2023-08-13,14606.0,,,,zenodo,,https://zenodo.org/records/14983362,,
2023-08-14,15685.0,,,,zenodo,,https://zenodo.org/records/14983362,,
2023-08-15,14399.0,,,,zenodo,,https://zenodo.org/records/14983362,,
2023-08-16,16722.0,,,,zenodo,,https://zenodo.org/records/14983362,,
2023-08-17,17244.0,,,,zenodo,,https://zenodo.org/records/14983362,,
2023-08-18,17212.0,,,,zenodo,,https://zenodo.org/records/14983362,,
2023-08-19,16985.0,,,,zenodo,,https://zenodo.org/records/14983362,,
2023-08-20,15340.0,,,,zenodo,,https://zenodo.org/records/14983362,,
2023-08-21,17479.0,,,,zenodo,,https://zenodo.org/records/14983362,,
2023-08-22,17587.0,,,,zenodo,,https://zenodo.org/records/14983362,,
2023-08-23,17549.0,,,,zenodo,,https://zenodo.org/records/14983362,,
2023-08-24,18023.0,,,,zenodo,,https://zenodo.org/records/14983362,,
2023-08-25,17715.0,,,,zenodo,,https://zenodo.org/records/14983362,,
2023-08-26,17852.0,,,,zenodo,,https://zenodo.org/records/14983362,,
2023-08-27,15751.0,,,,zenodo,,https://zenodo.org/records/14983362,,
2023-08-28,17716.0,,,,zenodo,,https://zenodo.org/records/14983362,,
2023-08-29,16819.0,,,,zenodo,,https://zenodo.org/records/14983362,,
2023-08-30,16274.0,,,,zenodo,,https://zenodo.org/records/14983362,,
2023-08-31,15813.0,,,,zenodo,,https://zenodo.org/records/14983362,,
2023-09-01,15984.0,,,,zenodo,,https://zenodo.org/records/14983362,,
2023-09-02,15197.0,,,,zenodo,,https://zenodo.org/records/14983362,,
2023-09-03,13691.0,,,,zenodo,,https://zenodo.org/records/14983362,,
2023-09-04,15936.0,,,,zenodo,,https://zenodo.org/records/14983362,,
2023-09-05,15747.0,,,,zenodo,,https://zenodo.org/records/14983362,,
2023-09-06,16038.0,,,,zenodo,,https://zenodo.org/records/14983362,,
2023-09-07,15728.0,,,,zenodo,,https://zenodo.org/records/14983362,,
2023-09-08,16335.0,,,,zenodo,,https://zenodo.org/records/14983362,,
2023-09-09,16553.0,,,,zenodo,,https://zenodo.org/records/14983362,,
2023-09-10,14672.0,,,,zenodo,,https://zenodo.org/records/14983362,,
2023-09-11,16809.0,,,,zenodo,,https://zenodo.org/records/14983362,,
2023-09-12,16842.0,,,,zenodo,,https://zenodo.org/records/14983362,,
2023-09-13,17035.0,,,,zenodo,,https://zenodo.org/records/14983362,,
2023-09-14,16717.0,,,,zenodo,,https://zenodo.org/records/14983362,,
2023-09-15,16998.0,,,,zenodo,,https://zenodo.org/records/14983362,,
2023-09-16,16483.0,,,,zenodo,,https://zenodo.org/records/14983362,,
2023-09-17,14111.0,,,,zenodo,,https://zenodo.org/records/14983362,,
2023-09-18,14384.0,,,,zenodo,,https://zenodo.org/records/14983362,,
2023-09-19,15795.0,,,,zenodo,,https://zenodo.org/records/14983362,,
2023-09-20,16558.0,,,,zenodo,,https://zenodo.org/records/14983362,,
2023-09-21,16402.0,,,,zenodo,,https://zenodo.org/records/14983362,,
2023-09-22,16253.0,,,,zenodo,,https://zenodo.org/records/14983362,,
2023-09-23,16388.0,,,,zenodo,,https://zenodo.org/records/14983362,,
2023-09-24,14640.0,,,,zenodo,,https://zenodo.org/records/14983362,,
2023-09-25,15965.0,,,,zenodo,,https://zenodo.org/records/14983362,,
2023-09-26,16770.0,,,,zenodo,,https://zenodo.org/records/14983362,,
2023-09-27,16083.0,,,,zenodo,,https://zenodo.org/records/14983362,,
2023-09-28,16574.0,,,,zenodo,,https://zenodo.org/records/14983362,,
2023-09-29,16097.0,,,,zenodo,,https://zenodo.org/records/14983362,,
2023-09-30,16130.0,,,,zenodo,,https://zenodo.org/records/14983362,,
2023-10-01,14471.0,,,,zenodo,,https://zenodo.org/records/14983362,,
2023-10-02,14473.0,,,,zenodo,,https://zenodo.org/records/14983362,,
2023-10-03,17048.0,,,,zenodo,,https://zenodo.org/records/14983362,,
2023-10-04,17193.0,,,,zenodo,,https://zenodo.org/records/14983362,,
2023-10-05,17386.0,,,,zenodo,,https://zenodo.org/records/14983362,,
2023-10-06,17055.0,,,,zenodo,,https://zenodo.org/records/14983362,,
2023-10-07,17023.0,,,,zenodo,,https://zenodo.org/records/14983362,,
2023-10-08,15075.0,,,,zenodo,,https://zenodo.org/records/14983362,,
2023-10-09,16741.0,,,,zenodo,,https://zenodo.org/records/14983362,,
2023-10-10,16475.0,,,,zenodo,,https://zenodo.org/records/14983362,,
2023-10-11,16587.0,,,,zenodo,,https://zenodo.org/records/14983362,,
2023-10-12,16554.0,,,,zenodo,,https://zenodo.org/records/14983362,,
2023-10-13,16197.0,,,,zenodo,,https://zenodo.org/records/14983362,,
2023-10-14,16102.0,,,,zenodo,,https://zenodo.org/records/14983362,,
2023-10-15,13620.0,,,,zenodo,,https://zenodo.org/records/14983362,,
2023-10-16,15557.0,,,,zenodo,,https://zenodo.org/records/14983362,,
2023-10-17,15709.0,,,,zenodo,,https://zenodo.org/records/14983362,,
2023-10-18,16203.0,,,,zenodo,,https://zenodo.org/records/14983362,,
2023-10-19,16406.0,,,,zenodo,,https://zenodo.org/records/14983362,,
2023-10-20,16587.0,,,,zenodo,,https://zenodo.org/records/14983362,,
2023-10-21,15975.0,,,,zenodo,,https://zenodo.org/records/14983362,,
2023-10-22,14687.0,,,,zenodo,,https://zenodo.org/records/14983362,,
2023-10-23,14051.0,,,,zenodo,,https://zenodo.org/records/14983362,,
2023-10-24,15850.0,,,,zenodo,,https://zenodo.org/records/14983362,,
2023-10-25,16988.0,,,,zenodo,,https://zenodo.org/records/14983362,,
2023-10-26,17191.0,,,,zenodo,,https://zenodo.org/records/14983362,,
2023-10-27,17071.0,,,,zenodo,,https://zenodo.org/records/14983362,,
2023-10-28,17203.0,,,,zenodo,,https://zenodo.org/records/14983362,,
2023-10-29,14969.0,,,,zenodo,,https://zenodo.org/records/14983362,,
2023-10-30,15640.0,,,,zenodo,,https://zenodo.org/records/14983362,,
2023-10-31,16142.0,,,,zenodo,,https://zenodo.org/records/14983362,,
2023-11-01,16099.0,,,,zenodo,,https://zenodo.org/records/14983362,,
2023-11-02,16071.0,,,,zenodo,,https://zenodo.org/records/14983362,,
2023-11-03,15615.0,,,,zenodo,,https://zenodo.org/records/14983362,,
2023-11-04,14911.0,,,,zenodo,,https://zenodo.org/records/14983362,,
2023-11-05,12999.0,,,,zenodo,,https://zenodo.org/records/14983362,,
2023-11-06,15297.0,,,,zenodo,,https://zenodo.org/records/14983362,,
2023-11-07,15224.0,,,,zenodo,,https://zenodo.org/records/14983362,,
2023-11-08,15023.0,,,,zenodo,,https://zenodo.org/records/14983362,,
2023-11-09,15030.0,,,,zenodo,,https://zenodo.org/records/14983362,,
2023-11-10,14510.0,,,,zenodo,,https://zenodo.org/records/14983362,,
2023-11-11,12824.0,,,,zenodo,,https://zenodo.org/records/14983362,,
2023-11-12,10679.0,,,,zenodo,,https://zenodo.org/records/14983362,,
2023-11-13,11208.0,,,,zenodo,,https://zenodo.org/records/14983362,,
2023-11-14,12780.0,,,,zenodo,,https://zenodo.org/records/14983362,,
2023-11-15,13963.0,,,,zenodo,,https://zenodo.org/records/14983362,,
2023-11-16,14997.0,,,,zenodo,,https://zenodo.org/records/14983362,,
2023-11-17,15352.0,,,,zenodo,,https://zenodo.org/records/14983362,,
2023-11-18,15325.0,,,,zenodo,,https://zenodo.org/records/14983362,,
2023-11-19,13455.0,,,,zenodo,,https://zenodo.org/records/14983362,,
2023-11-20,15275.0,,,,zenodo,,https://zenodo.org/records/14983362,,
2023-11-21,15991.0,,,,zenodo,,https://zenodo.org/records/14983362,,
2023-11-22,15019.0,,,,zenodo,,https://zenodo.org/records/14983362,,
2023-11-23,15090.0,,,,zenodo,,https://zenodo.org/records/14983362,,
2023-11-24,15076.0,,,,zenodo,,https://zenodo.org/records/14983362,,
2023-11-25,14675.0,,,,zenodo,,https://zenodo.org/records/14983362,,
2023-11-26,12107.0,,,,zenodo,,https://zenodo.org/records/14983362,,
2023-11-27,14696.0,,,,zenodo,,https://zenodo.org/records/14983362,,
2023-11-28,15296.0,,,,zenodo,,https://zenodo.org/records/14983362,,
2023-11-29,14627.0,,,,zenodo,,https://zenodo.org/records/14983362,,
2023-11-30,14907.0,,,,zenodo,,https://zenodo.org/records/14983362,,
2023-12-01,15126.0,,,,zenodo,,https://zenodo.org/records/14983362,,
2023-12-02,14552.0,,,,zenodo,,https://zenodo.org/records/14983362,,
2023-12-03,12235.0,,,,zenodo,,https://zenodo.org/records/14983362,,
2023-12-04,11765.0,,,,zenodo,,https://zenodo.org/records/14983362,,
2023-12-05,13630.0,,,,zenodo,,https://zenodo.org/records/14983362,,
2023-12-06,15032.0,,,,zenodo,,https://zenodo.org/records/14983362,,
2023-12-07,15614.0,,,,zenodo,,https://zenodo.org/records/14983362,,
2023-12-08,15296.0,,,,zenodo,,https://zenodo.org/records/14983362,,
2023-12-09,15250.0,,,,zenodo,,https://zenodo.org/records/14983362,,
2023-12-10,13084.0,,,,zenodo,,https://zenodo.org/records/14983362,,
2023-12-11,15348.0,,,,zenodo,,https://zenodo.org/records/14983362,,
2023-12-12,15234.0,,,,zenodo,,https://zenodo.org/records/14983362,,
2023-12-13,15636.0,,,,zenodo,,https://zenodo.org/records/14983362,,
2023-12-14,15721.0,,,,zenodo,,https://zenodo.org/records/14983362,,
2023-12-15,15671.0,,,,zenodo,,https://zenodo.org/records/14983362,,
2023-12-16,15319.0,,,,zenodo,,https://zenodo.org/records/14983362,,
2023-12-17,13189.0,,,,zenodo,,https://zenodo.org/records/14983362,,
2023-12-18,14243.0,,,,zenodo,,https://zenodo.org/records/14983362,,
2023-12-19,14925.0,,,,zenodo,,https://zenodo.org/records/14983362,,
2023-12-20,14911.0,,,,zenodo,,https://zenodo.org/records/14983362,,
2023-12-21,15057.0,,,,zenodo,,https://zenodo.org/records/14983362,,
2023-12-22,15186.0,,,,zenodo,,https://zenodo.org/records/14983362,,
2023-12-23,15102.0,,,,zenodo,,https://zenodo.org/records/14983362,,
2023-12-24,13578.0,,,,zenodo,,https://zenodo.org/records/14983362,,
2023-12-25,14130.0,,,,zenodo,,https://zenodo.org/records/14983362,,
2023-12-26,15518.0,,,,zenodo,,https://zenodo.org/records/14983362,,
2023-12-27,15728.0,,,,zenodo,,https://zenodo.org/records/14983362,,
2023-12-28,15920.0,,,,zenodo,,https://zenodo.org/records/14983362,,
2023-12-29,15816.0,,,,zenodo,,https://zenodo.org/records/14983362,,
2023-12-30,15477.0,,,,zenodo,,https://zenodo.org/records/14983362,,
2023-12-31,14502.0,,,,zenodo,,https://zenodo.org/records/14983362,,
2024-01-01,15217.0,,,,zenodo,,https://zenodo.org/records/14983362,,
2024-01-02,15925.0,,,,zenodo,,https://zenodo.org/records/14983362,,
2024-01-03,16138.0,,,,zenodo,,https://zenodo.org/records/14983362,,
2024-01-04,16138.0,,,,zenodo,,https://zenodo.org/records/14983362,,
2024-01-05,15532.0,,,,zenodo,,https://zenodo.org/records/14983362,,
2024-01-06,15572.0,,,,zenodo,,https://zenodo.org/records/14983362,,
2024-01-07,13917.0,,,,zenodo,,https://zenodo.org/records/14983362,,
2024-01-08,14680.0,,,,zenodo,,https://zenodo.org/records/14983362,,
2024-01-09,14480.0,,,,zenodo,,https://zenodo.org/records/14983362,,
2024-01-10,14733.0,,,,zenodo,,https://zenodo.org/records/14983362,,
2024-01-11,14859.0,,,,zenodo,,https://zenodo.org/records/14983362,,
2024-01-12,15373.0,,,,zenodo,,https://zenodo.org/records/14983362,,
2024-01-13,15107.0,,,,zenodo,,https://zenodo.org/records/14983362,,
2024-01-14,13541.0,,,,zenodo,,https://zenodo.org/records/14983362,,
2024-01-15,12413.0,,,,zenodo,,https://zenodo.org/records/14983362,,
2024-01-16,12191.0,,,,zenodo,,https://zenodo.org/records/14983362,,
2024-01-17,13610.0,,,,zenodo,,https://zenodo.org/records/14983362,,
2024-01-18,15261.0,,,,zenodo,,https://zenodo.org/records/14983362,,
2024-01-19,15601.0,,,,zenodo,,https://zenodo.org/records/14983362,,
2024-01-20,15468.0,,,,zenodo,,https://zenodo.org/records/14983362,,
2024-01-21,14008.0,,,,zenodo,,https://zenodo.org/records/14983362,,
2024-01-22,16101.0,,,,zenodo,,https://zenodo.org/records/14983362,,
2024-01-23,16134.0,,,,zenodo,,https://zenodo.org/records/14983362,,
2024-01-24,16229.0,,,,zenodo,,https://zenodo.org/records/14983362,,
2024-01-25,16614.0,,,,zenodo,,https://zenodo.org/records/14983362,,
2024-01-26,14388.0,,,,zenodo,,https://zenodo.org/records/14983362,,
2024-01-27,15995.0,,,,zenodo,,https://zenodo.org/records/14983362,,
2024-01-28,14680.0,,,,zenodo,,https://zenodo.org/records/14983362,,
2024-01-29,16261.0,,,,zenodo,,https://zenodo.org/records/14983362,,
2024-01-30,16617.0,,,,zenodo,,https://zenodo.org/records/14983362,,
2024-01-31,17035.0,,,,zenodo,,https://zenodo.org/records/14983362,,
2024-02-01,17061.0,,,,zenodo,,https://zenodo.org/records/14983362,,
2024-02-02,17813.0,,,,zenodo,,https://zenodo.org/records/14983362,,
2024-02-03,16767.0,,,,zenodo,,https://zenodo.org/records/14983362,,
2024-02-04,14866.0,,,,zenodo,,https://zenodo.org/records/14983362,,
2024-02-05,16768.0,,,,zenodo,,https://zenodo.org/records/14983362,,
2024-02-06,16804.0,,,,zenodo,,https://zenodo.org/records/14983362,,
2024-02-07,16774.0,,,,zenodo,,https://zenodo.org/records/14983362,,
2024-02-08,17153.0,,,,zenodo,,https://zenodo.org/records/14983362,,
2024-02-09,17245.0,,,,zenodo,,https://zenodo.org/records/14983362,,
2024-02-10,16935.0,,,,zenodo,,https://zenodo.org/records/14983362,,
2024-02-11,14818.0,,,,zenodo,,https://zenodo.org/records/14983362,,
2024-02-12,16736.0,,,,zenodo,,https://zenodo.org/records/14983362,,
2024-02-13,17078.0,,,,zenodo,,https://zenodo.org/records/14983362,,
2024-02-14,17261.0,,,,zenodo,,https://zenodo.org/records/14983362,,
2024-02-15,17266.0,,,,zenodo,,https://zenodo.org/records/14983362,,
2024-02-16,17554.0,,,,zenodo,,https://zenodo.org/records/14983362,,
2024-02-17,16973.0,,,,zenodo,,https://zenodo.org/records/14983362,,
2024-02-18,15232.0,,,,zenodo,,https://zenodo.org/records/14983362,,
2024-02-19,17127.0,,,,zenodo,,https://zenodo.org/records/14983362,,
2024-02-20,17598.0,,,,zenodo,,https://zenodo.org/records/14983362,,
2024-02-21,17618.0,,,,zenodo,,https://zenodo.org/records/14983362,,
2024-02-22,18015.0,,,,zenodo,,https://zenodo.org/records/14983362,,
2024-02-23,18299.0,,,,zenodo,,https://zenodo.org/records/14983362,,
2024-02-24,18161.0,,,,zenodo,,https://zenodo.org/records/14983362,,
2024-02-25,15987.0,,,,zenodo,,https://zenodo.org/records/14983362,,
2024-02-26,17714.0,,,,zenodo,,https://zenodo.org/records/14983362,,
2024-02-27,17785.0,,,,zenodo,,https://zenodo.org/records/14983362,,
2024-02-28,18060.0,,,,zenodo,,https://zenodo.org/records/14983362,,
2024-02-29,18205.0,,,,zenodo,,https://zenodo.org/records/14983362,,
2024-03-01,18162.0,,,,zenodo,,https://zenodo.org/records/14983362,,
2024-03-02,18373.0,,,,zenodo,,https://zenodo.org/records/14983362,,
2024-03-03,16210.0,,,,zenodo,,https://zenodo.org/records/14983362,,
2024-03-04,17993.0,,,,zenodo,,https://zenodo.org/records/14983362,,
2024-03-05,18467.0,,,,zenodo,,https://zenodo.org/records/14983362,,
2024-03-06,18466.0,,,,zenodo,,https://zenodo.org/records/14983362,,
2024-03-07,18467.0,,,,zenodo,,https://zenodo.org/records/14983362,,
2024-03-08,18754.0,,,,zenodo,,https://zenodo.org/records/14983362,,
2024-03-09,18293.0,,,,zenodo,,https://zenodo.org/records/14983362,,
2024-03-10,16693.0,,,,zenodo,,https://zenodo.org/records/14983362,,
2024-03-11,18605.0,,,,zenodo,,https://zenodo.org/records/14983362,,
2024-03-12,18783.0,,,,zenodo,,https://zenodo.org/records/14983362,,
2024-03-13,18787.0,,,,zenodo,,https://zenodo.org/records/14983362,,
2024-03-14,19152.0,,,,zenodo,,https://zenodo.org/records/14983362,,
2024-03-15,19305.0,,,,zenodo,,https://zenodo.org/records/14983362,,
2024-03-16,18949.0,,,,zenodo,,https://zenodo.org/records/14983362,,
2024-03-17,16799.0,,,,zenodo,,https://zenodo.org/records/14983362,,
2024-03-18,18604.0,,,,zenodo,,https://zenodo.org/records/14983362,,
2024-03-19,19013.0,,,,zenodo,,https://zenodo.org/records/14983362,,
2024-03-20,18839.0,,,,zenodo,,https://zenodo.org/records/14983362,,
2024-03-21,19281.0,,,,zenodo,,https://zenodo.org/records/14983362,,
2024-03-22,19409.0,,,,zenodo,,https://zenodo.org/records/14983362,,
2024-03-23,19131.0,,,,zenodo,,https://zenodo.org/records/14983362,,
2024-03-24,16875.0,,,,zenodo,,https://zenodo.org/records/14983362,,
2024-03-25,17711.0,,,,zenodo,,https://zenodo.org/records/14983362,,
2024-03-26,18641.0,,,,zenodo,,https://zenodo.org/records/14983362,,
2024-03-27,18601.0,,,,zenodo,,https://zenodo.org/records/14983362,,
2024-03-28,19172.0,,,,zenodo,,https://zenodo.org/records/14983362,,
2024-03-29,19204.0,,,,zenodo,,https://zenodo.org/records/14983362,,
2024-03-30,18914.0,,,,zenodo,,https://zenodo.org/records/14983362,,
2024-03-31,17304.0,,,,zenodo,,https://zenodo.org/records/14983362,,
2024-04-01,19010.0,,,,zenodo,,https://zenodo.org/records/14983362,,
2024-04-02,19378.0,,,,zenodo,,https://zenodo.org/records/14983362,,
2024-04-03,19413.0,,,,zenodo,,https://zenodo.org/records/14983362,,
2024-04-04,19455.0,,,,zenodo,,https://zenodo.org/records/14983362,,
2024-04-05,19580.0,,,,zenodo,,https://zenodo.org/records/14983362,,
2024-04-06,19506.0,,,,zenodo,,https://zenodo.org/records/14983362,,
2024-04-07,18112.0,,,,zenodo,,https://zenodo.org/records/14983362,,
2024-04-08,20125.0,,,,zenodo,,https://zenodo.org/records/14983362,,
2024-04-09,19611.0,,,,zenodo,,https://zenodo.org/records/14983362,,
2024-04-10,19557.0,,,,zenodo,,https://zenodo.org/records/14983362,,
2024-04-11,19419.0,,,,zenodo,,https://zenodo.org/records/14983362,,
2024-04-12,19414.0,,,,zenodo,,https://zenodo.org/records/14983362,,
2024-04-13,19088.0,,,,zenodo,,https://zenodo.org/records/14983362,,
2024-04-14,17382.0,,,,zenodo,,https://zenodo.org/records/14983362,,
2024-04-15,19277.0,,,,zenodo,,https://zenodo.org/records/14983362,,
2024-04-16,19764.0,,,,zenodo,,https://zenodo.org/records/14983362,,
2024-04-17,19964.0,,,,zenodo,,https://zenodo.org/records/14983362,,
2024-04-18,20341.0,,,,zenodo,,https://zenodo.org/records/14983362,,
2024-04-19,18334.0,,,,zenodo,,https://zenodo.org/records/14983362,,
2024-04-20,19537.0,,,,zenodo,,https://zenodo.org/records/14983362,,
2024-04-21,18063.0,,,,zenodo,,https://zenodo.org/records/14983362,,
2024-04-22,20077.0,,,,zenodo,,https://zenodo.org/records/14983362,,
2024-04-23,19944.0,,,,zenodo,,https://zenodo.org/records/14983362,,
2024-04-24,19849.0,,,,zenodo,,https://zenodo.org/records/14983362,,
2024-04-25,20076.0,,,,zenodo,,https://zenodo.org/records/14983362,,
2024-04-26,20583.0,,,,zenodo,,https://zenodo.org/records/14983362,,
2024-04-27,20237.0,,,,zenodo,,https://zenodo.org/records/14983362,,
2024-04-28,18429.0,,,,zenodo,,https://zenodo.org/records/14983362,,
2024-04-29,20230.0,0.0,436.18,2024-04-30,grid_india_psp_report,files/grdw/uploads/daily-reports/psp-reports/2024-2025/29.04.24_NLDC_PSP.xls,https://webcdn.grid-india.in/files/grdw/uploads/daily-reports/psp-reports/2024-2025/29.04.24_NLDC_PSP.xls,2026-09-20T19:47:19.732672,
2024-04-30,20701.0,0.0,443.64,2024-05-01,grid_india_psp_report,files/grdw/uploads/daily-reports/psp-reports/2024-2025/30.04.24_NLDC_PSP.xls,https://webcdn.grid-india.in/files/grdw/uploads/daily-reports/psp-reports/2024-2025/30.04.24_NLDC_PSP.xls,2026-09-20T19:50:05.315023,
2024-05-01,18899.0,0.0,410.33,2024-05-02,grid_india_psp_report,files/grdw/uploads/daily-reports/psp-reports/2024-2025/01.05.24_NLDC_PSP.xls,https://webcdn.grid-india.in/files/grdw/uploads/daily-reports/psp-reports/2024-2025/01.05.24_NLDC_PSP.xls,2026-09-20T19:50:16.680551,
2024-05-02,20830.0,0.0,437.79,2024-05-03,grid_india_psp_report,files/grdw/uploads/daily-reports/psp-reports/2024-2025/02.05.24_NLDC_PSP.xls,https://webcdn.grid-india.in/files/grdw/uploads/daily-reports/psp-reports/2024-2025/02.05.24_NLDC_PSP.xls,2026-09-24T17:03:15.681601,ok
2024-05-03,20426.0,0.0,442.81,2024-05-04,grid_india_psp_report,files/grdw/uploads/daily-reports/psp-reports/2024-2025/03.05.24_NLDC_PSP.xls,https://webcdn.grid-india.in/files/grdw/uploads/daily-reports/psp-reports/2024-2025/03.05.24_NLDC_PSP.xls,2026-09-24T17:02:49.135961,ok
2024-05-04,20586.0,0.0,436.86,2024-05-05,grid_india_psp_report,files/grdw/uploads/daily-reports/psp-reports/2024-2025/04.05.24_NLDC_PSP.xls,https://webcdn.grid-india.in/files/grdw/uploads/daily-reports/psp-reports/2024-2025/04.05.24_NLDC_PSP.xls,2026-09-24T17:02:50.905942,ok
2024-05-05,18391.0,0.0,404.76,2024-05-06,grid_india_psp_report,files/grdw/uploads/daily-reports/psp-reports/2024-2025/05.05.24_NLDC_PSP.xls,https://webcdn.grid-india.in/files/grdw/uploads/daily-reports/psp-reports/2024-2025/05.05.24_NLDC_PSP.xls,2026-09-24T17:02:52.854966,ok
2024-05-06,20142.0,0.0,430.11,2024-05-07,grid_india_psp_report,files/grdw/uploads/daily-reports/psp-reports/2024-2025/06.05.24_NLDC_PSP.xls,https://webcdn.grid-india.in/files/grdw/uploads/daily-reports/psp-reports/2024-2025/06.05.24_NLDC_PSP.xls,2026-09-24T17:03:21.482211,ok
2024-05-07,20372.0,0.0,429.8,2024-05-08,grid_india_psp_report,files/grdw/uploads/daily-reports/psp-reports/2024-2025/07.05.24_NLDC_PSP.xls,https://webcdn.grid-india.in/files/grdw/uploads/daily-reports/psp-reports/2024-2025/07.05.24_NLDC_PSP.xls,2026-09-24T17:03:23.128575,ok
2024-05-08,19550.0,0.0,418.64,2024-05-09,grid_india_psp_report,files/grdw/uploads/daily-reports/psp-reports/2024-2025/08.05.24_NLDC_PSP.xls,https://webcdn.grid-india.in/files/grdw/uploads/daily-reports/psp-reports/2024-2025/08.05.24_NLDC_PSP.xls,2026-09-24T17:03:24.840793,ok
2024-05-09,19153.0,0.0,419.53,2024-05-10,grid_india_psp_report,files/grdw/uploads/daily-reports/psp-reports/2024-2025/09.05.24_NLDC_PSP.xls,https://webcdn.grid-india.in/files/grdw/uploads/daily-reports/psp-reports/2024-2025/09.05.24_NLDC_PSP.xls,2026-09-24T17:03:26.130517,ok
2024-05-10,19365.0,0.0,411.23,2024-05-11,grid_india_psp_report,files/grdw/uploads/daily-reports/psp-reports/2024-2025/10.05.24_NLDC_PSP.xls,https://webcdn.grid-india.in/files/grdw/uploads/daily-reports/psp-reports/2024-2025/10.05.24_NLDC_PSP.xls,2026-09-24T17:03:27.800775,ok
2024-05-11,18511.0,0.0,406.03,2024-05-12,grid_india_psp_report,files/grdw/uploads/daily-reports/psp-reports/2024-2025/11.05.24_NLDC_PSP.xls,https://webcdn.grid-india.in/files/grdw/uploads/daily-reports/psp-reports/2024-2025/11.05.24_NLDC_PSP.xls,2026-09-24T17:03:29.565960,ok
2024-05-12,16928.0,0.0,367.0,2024-05-13,grid_india_psp_report,files/grdw/uploads/daily-reports/psp-reports/2024-2025/12.05.24_NLDC_PSP.xls,https://webcdn.grid-india.in/files/grdw/uploads/daily-reports/psp-reports/2024-2025/12.05.24_NLDC_PSP.xls,2026-09-24T17:03:31.242515,ok
2024-05-13,18232.0,0.0,390.61,2024-05-14,grid_india_psp_report,files/grdw/uploads/daily-reports/psp-reports/2024-2025/13.05.24_NLDC_PSP.xls,https://webcdn.grid-india.in/files/grdw/uploads/daily-reports/psp-reports/2024-2025/13.05.24_NLDC_PSP.xls,2026-09-24T17:03:32.892186,ok
2024-05-14,17766.0,0.0,388.74,2024-05-15,grid_india_psp_report,files/grdw/uploads/daily-reports/psp-reports/2024-2025/14.05.24_NLDC_PSP.xls,https://webcdn.grid-india.in/files/grdw/uploads/daily-reports/psp-reports/2024-2025/14.05.24_NLDC_PSP.xls,2026-09-24T17:03:34.530401,ok
2024-05-15,17602.0,0.0,382.94,2024-05-16,grid_india_psp_report,files/grdw/uploads/daily-reports/psp-reports/2024-2025/15.05.24_NLDC_PSP.xls,https://webcdn.grid-india.in/files/grdw/uploads/daily-reports/psp-reports/2024-2025/15.05.24_NLDC_PSP.xls,2026-09-24T17:03:36.358889,ok
2024-05-16,16480.0,0.0,359.74,2024-05-17,grid_india_psp_report,files/grdw/uploads/daily-reports/psp-reports/2024-2025/16.05.24_NLDC_PSP.xls,https://webcdn.grid-india.in/files/grdw/uploads/daily-reports/psp-reports/2024-2025/16.05.24_NLDC_PSP.xls,2026-09-24T17:03:37.673981,ok
2024-05-17,16089.0,0.0,352.12,2024-05-18,grid_india_psp_report,files/grdw/uploads/daily-reports/psp-reports/2024-2025/17.05.24_NLDC_PSP.xls,https://webcdn.grid-india.in/files/grdw/uploads/daily-reports/psp-reports/2024-2025/17.05.24_NLDC_PSP.xls,2026-09-24T17:03:39.046670,ok
2024-05-18,16417.0,0.0,351.11,2024-05-19,grid_india_psp_report,files/grdw/uploads/daily-reports/psp-reports/2024-2025/18.05.24_NLDC_PSP.xls,https://webcdn.grid-india.in/files/grdw/uploads/daily-reports/psp-reports/2024-2025/18.05.24_NLDC_PSP.xls,2026-09-24T17:03:40.417609,ok
2024-05-19,14459.0,0.0,312.35,2024-05-20,grid_india_psp_report,files/grdw/uploads/daily-reports/psp-reports/2024-2025/19.05.24_NLDC_PSP.xls,https://webcdn.grid-india.in/files/grdw/uploads/daily-reports/psp-reports/2024-2025/19.05.24_NLDC_PSP.xls,2026-09-24T17:03:42.201867,ok
2024-05-20,15199.0,0.0,325.45,2024-05-21,grid_india_psp_report,files/grdw/uploads/daily-reports/psp-reports/2024-2025/20.05.24_NLDC_PSP.xls,https://webcdn.grid-india.in/files/grdw/uploads/daily-reports/psp-reports/2024-2025/20.05.24_NLDC_PSP.xls,2026-09-24T17:03:43.851181,ok
2024-05-21,15549.0,0.0,332.91,2024-05-22,grid_india_psp_report,files/grdw/uploads/daily-reports/psp-reports/2024-2025/21.05.24_NLDC_PSP.xls,https://webcdn.grid-india.in/files/grdw/uploads/daily-reports/psp-reports/2024-2025/21.05.24_NLDC_PSP.xls,2026-09-24T17:03:45.693498,ok
2024-05-22,15391.0,0.0,333.17,2024-05-23,grid_india_psp_report,files/grdw/uploads/daily-reports/psp-reports/2024-2025/22.05.24_NLDC_PSP.xls,https://webcdn.grid-india.in/files/grdw/uploads/daily-reports/psp-reports/2024-2025/22.05.24_NLDC_PSP.xls,2026-09-24T17:03:48.150750,ok
2024-05-23,16238.0,0.0,340.34,2024-05-24,grid_india_psp_report,files/grdw/uploads/daily-reports/psp-reports/2024-2025/23.05.24_NLDC_PSP.xls,https://webcdn.grid-india.in/files/grdw/uploads/daily-reports/psp-reports/2024-2025/23.05.24_NLDC_PSP.xls,2026-09-24T17:03:50.081758,ok
2024-05-24,16525.0,0.0,351.36,2024-05-25,grid_india_psp_report,files/grdw/uploads/daily-reports/psp-reports/2024-2025/24.05.24_NLDC_PSP.xls,https://webcdn.grid-india.in/files/grdw/uploads/daily-reports/psp-reports/2024-2025/24.05.24_NLDC_PSP.xls,2026-09-24T17:03:51.794548,ok
2024-05-25,16015.0,0.0,345.64,2024-05-26,grid_india_psp_report,files/grdw/uploads/daily-reports/psp-reports/2024-2025/25.05.24_NLDC_PSP.xls,https://webcdn.grid-india.in/files/grdw/uploads/daily-reports/psp-reports/2024-2025/25.05.24_NLDC_PSP.xls,2026-09-24T17:03:53.761278,ok
2024-05-26,14574.0,0.0,309.1,2024-05-27,grid_india_psp_report,files/grdw/uploads/daily-reports/psp-reports/2024-2025/26.05.24_NLDC_PSP.xls,https://webcdn.grid-india.in/files/grdw/uploads/daily-reports/psp-reports/2024-2025/26.05.24_NLDC_PSP.xls,2026-09-24T17:03:55.831829,ok
2024-05-27,17478.0,0.0,347.59,2024-05-28,grid_india_psp_report,files/grdw/uploads/daily-reports/psp-reports/2024-2025/27.05.24_NLDC_PSP.xls,https://webcdn.grid-india.in/files/grdw/uploads/daily-reports/psp-reports/2024-2025/27.05.24_NLDC_PSP.xls,2026-09-24T17:03:57.633029,ok
2024-05-28,18303.0,0.0,384.42,2024-05-29,grid_india_psp_report,files/grdw/uploads/daily-reports/psp-reports/2024-2025/28.05.24_NLDC_PSP.xls,https://webcdn.grid-india.in/files/grdw/uploads/daily-reports/psp-reports/2024-2025/28.05.24_NLDC_PSP.xls,2026-09-24T17:03:58.991411,ok
2024-05-29,19907.0,0.0,392.6,2024-05-30,grid_india_psp_report,files/grdw/uploads/daily-reports/psp-reports/2024-2025/29.05.24_NLDC_PSP.xls,https://webcdn.grid-india.in/files/grdw/uploads/daily-reports/psp-reports/2024-2025/29.05.24_NLDC_PSP.xls,2026-09-24T17:04:00.643866,ok
2024-05-30,19299.0,0.0,403.58,2024-05-31,grid_india_psp_report,files/grdw/uploads/daily-reports/psp-reports/2024-2025/30.05.24_NLDC_PSP.xls,https://webcdn.grid-india.in/files/grdw/uploads/daily-reports/psp-reports/2024-2025/30.05.24_NLDC_PSP.xls,2026-09-24T17:04:02.585406,ok
2024-05-31,20140.0,0.0,419.17,2024-06-01,grid_india_psp_report,files/grdw/uploads/daily-reports/psp-reports/2024-2025/31.05.24_NLDC_PSP.xls,https://webcdn.grid-india.in/files/grdw/uploads/daily-reports/psp-reports/2024-2025/31.05.24_NLDC_PSP.xls,2026-09-24T17:04:04.501503,ok
2024-06-01,18771.0,0.0,397.47,2024-06-02,grid_india_psp_report,files/grdw/uploads/daily-reports/psp-reports/2024-2025/01.06.24_NLDC_PSP.xls,https://webcdn.grid-india.in/files/grdw/uploads/daily-reports/psp-reports/2024-2025/01.06.24_NLDC_PSP.xls,2026-09-24T17:04:06.445830,ok
2024-06-02,15631.0,0.0,341.4,2024-06-03,grid_india_psp_report,files/grdw/uploads/daily-reports/psp-reports/2024-2025/02.06.24_NLDC_PSP.xls,https://webcdn.grid-india.in/files/grdw/uploads/daily-reports/psp-reports/2024-2025/02.06.24_NLDC_PSP.xls,2026-09-24T17:04:07.767464,ok
2024-06-03,17051.0,0.0,355.56,2024-06-04,grid_india_psp_report,files/grdw/uploads/daily-reports/psp-reports/2024-2025/03.06.24_NLDC_PSP.xls,https://webcdn.grid-india.in/files/grdw/uploads/daily-reports/psp-reports/2024-2025/03.06.24_NLDC_PSP.xls,2026-09-24T17:04:09.088970,ok
2024-06-04,17849.0,0.0,385.81,2024-06-05,grid_india_psp_report,files/grdw/uploads/daily-reports/psp-reports/2024-2025/04.06.24_NLDC_PSP.xls,https://webcdn.grid-india.in/files/grdw/uploads/daily-reports/psp-reports/2024-2025/04.06.24_NLDC_PSP.xls,2026-09-24T17:04:10.412162,ok
2024-06-05,17375.0,0.0,368.87,2024-06-06,grid_india_psp_report,files/grdw/uploads/daily-reports/psp-reports/2024-2025/05.06.24_NLDC_PSP.xls,https://webcdn.grid-india.in/files/grdw/uploads/daily-reports/psp-reports/2024-2025/05.06.24_NLDC_PSP.xls,2026-09-24T17:04:11.884049,ok
2024-06-06,16355.0,0.0,343.64,2024-06-07,grid_india_psp_report,files/grdw/uploads/daily-reports/psp-reports/2024-2025/06.06.24_NLDC_PSP.xls,https://webcdn.grid-india.in/files/grdw/uploads/daily-reports/psp-reports/2024-2025/06.06.24_NLDC_PSP.xls,2026-09-24T17:04:13.339069,ok
2024-06-07,16437.0,0.0,338.28,2024-06-08,grid_india_psp_report,files/grdw/uploads/daily-reports/psp-reports/2024-2025/07.06.24_NLDC_PSP.xls,https://webcdn.grid-india.in/files/grdw/uploads/daily-reports/psp-reports/2024-2025/07.06.24_NLDC_PSP.xls,2026-09-24T17:04:14.607395,ok
2024-06-08,15767.0,0.0,330.24,2024-06-09,grid_india_psp_report,files/grdw/uploads/daily-reports/psp-reports/2024-2025/08.06.24_NLDC_PSP.xls,https://webcdn.grid-india.in/files/grdw/uploads/daily-reports/psp-reports/2024-2025/08.06.24_NLDC_PSP.xls,2026-09-24T17:04:15.897738,ok
2024-06-09,14591.0,0.0,305.19,2024-06-10,grid_india_psp_report,files/grdw/uploads/daily-reports/psp-reports/2024-2025/09.06.24_NLDC_PSP.xls,https://webcdn.grid-india.in/files/grdw/uploads/daily-reports/psp-reports/2024-2025/09.06.24_NLDC_PSP.xls,2026-09-24T17:04:17.127683,ok
2024-06-10,16257.0,0.0,337.75,2024-06-11,grid_india_psp_report,files/grdw/uploads/daily-reports/psp-reports/2024-2025/10.06.24_NLDC_PSP.xls,https://webcdn.grid-india.in/files/grdw/uploads/daily-reports/psp-reports/2024-2025/10.06.24_NLDC_PSP.xls,2026-09-24T17:04:18.510948,ok
2024-06-11,17134.0,0.0,361.48,2024-06-12,grid_india_psp_report,files/grdw/uploads/daily-reports/psp-reports/2024-2025/11.06.24_NLDC_PSP.xls,https://webcdn.grid-india.in/files/grdw/uploads/daily-reports/psp-reports/2024-2025/11.06.24_NLDC_PSP.xls,2026-09-24T17:04:19.704221,ok
2024-06-12,17036.0,0.0,364.45,2024-06-13,grid_india_psp_report,files/grdw/uploads/daily-reports/psp-reports/2024-2025/12.06.24_NLDC_PSP.xls,https://webcdn.grid-india.in/files/grdw/uploads/daily-reports/psp-reports/2024-2025/12.06.24_NLDC_PSP.xls,2026-09-24T17:04:20.877699,ok
2024-06-13,17299.0,0.0,369.14,2024-06-14,grid_india_psp_report,files/grdw/uploads/daily-reports/psp-reports/2024-2025/13.06.24_NLDC_PSP.xls,https://webcdn.grid-india.in/files/grdw/uploads/daily-reports/psp-reports/2024-2025/13.06.24_NLDC_PSP.xls,2026-09-24T17:04:22.139284,ok
2024-06-14,17660.0,0.0,374.86,2024-06-15,grid_india_psp_report,files/grdw/uploads/daily-reports/psp-reports/2024-2025/14.06.24_NLDC_PSP.xls,https://webcdn.grid-india.in/files/grdw/uploads/daily-reports/psp-reports/2024-2025/14.06.24_NLDC_PSP.xls,2026-09-24T17:04:24.092585,ok
2024-06-15,16956.0,0.0,368.46,2024-06-16,grid_india_psp_report,files/grdw/uploads/daily-reports/psp-reports/2024-2025/15.06.24_NLDC_PSP.xls,https://webcdn.grid-india.in/files/grdw/uploads/daily-reports/psp-reports/2024-2025/15.06.24_NLDC_PSP.xls,2026-09-24T17:04:25.932338,ok
2024-06-16,15799.0,0.0,353.25,2024-06-17,grid_india_psp_report,files/grdw/uploads/daily-reports/psp-reports/2024-2025/16.06.24_NLDC_PSP.xls,https://webcdn.grid-india.in/files/grdw/uploads/daily-reports/psp-reports/2024-2025/16.06.24_NLDC_PSP.xls,2026-09-24T17:04:27.878126,ok
2024-06-17,18149.0,0.0,379.93,2024-06-18,grid_india_psp_report,files/grdw/uploads/daily-reports/psp-reports/2024-2025/17.06.24_NLDC_PSP.xls,https://webcdn.grid-india.in/files/grdw/uploads/daily-reports/psp-reports/2024-2025/17.06.24_NLDC_PSP.xls,2026-09-24T17:04:29.691747,ok
2024-06-18,17039.0,0.0,367.03,2024-06-19,grid_india_psp_report,files/grdw/uploads/daily-reports/psp-reports/2024-2025/18.06.24_NLDC_PSP.xls,https://webcdn.grid-india.in/files/grdw/uploads/daily-reports/psp-reports/2024-2025/18.06.24_NLDC_PSP.xls,2026-09-24T17:04:31.650541,ok
2024-06-19,16433.0,0.0,357.26,2024-06-20,grid_india_psp_report,files/grdw/uploads/daily-reports/psp-reports/2024-2025/19.06.24_NLDC_PSP.xls,https://webcdn.grid-india.in/files/grdw/uploads/daily-reports/psp-reports/2024-2025/19.06.24_NLDC_PSP.xls,2026-09-24T17:04:33.587187,ok
2024-06-20,16681.0,0.0,359.85,2024-06-21,grid_india_psp_report,files/grdw/uploads/daily-reports/psp-reports/2024-2025/20.06.24_NLDC_PSP.xls,https://webcdn.grid-india.in/files/grdw/uploads/daily-reports/psp-reports/2024-2025/20.06.24_NLDC_PSP.xls,2026-09-24T17:04:35.356262,ok
2024-06-21,16648.0,0.0,363.45,2024-06-22,grid_india_psp_report,files/grdw/uploads/daily-reports/psp-reports/2024-2025/21.06.24_NLDC_PSP.xls,https://webcdn.grid-india.in/files/grdw/uploads/daily-reports/psp-reports/2024-2025/21.06.24_NLDC_PSP.xls,2026-09-24T17:04:37.199082,ok
2024-06-22,17043.0,0.0,358.56,2024-06-23,grid_india_psp_report,files/grdw/uploads/daily-reports/psp-reports/2024-2025/22.06.24_NLDC_PSP.xls,https://webcdn.grid-india.in/files/grdw/uploads/daily-reports/psp-reports/2024-2025/22.06.24_NLDC_PSP.xls,2026-09-24T17:04:39.042788,ok
2024-06-23,14844.0,0.0,334.86,2024-06-24,grid_india_psp_report,files/grdw/uploads/daily-reports/psp-reports/2024-2025/23.06.24_NLDC_PSP.xls,https://webcdn.grid-india.in/files/grdw/uploads/daily-reports/psp-reports/2024-2025/23.06.24_NLDC_PSP.xls,2026-09-24T17:04:40.885273,ok
2024-06-24,17150.0,0.0,356.14,2024-06-25,grid_india_psp_report,files/grdw/uploads/daily-reports/psp-reports/2024-2025/24.06.24_NLDC_PSP.xls,https://webcdn.grid-india.in/files/grdw/uploads/daily-reports/psp-reports/2024-2025/24.06.24_NLDC_PSP.xls,2026-09-24T17:04:42.774117,ok
2024-06-25,17342.0,0.0,370.78,2024-06-26,grid_india_psp_report,files/grdw/uploads/daily-reports/psp-reports/2024-2025/25.06.24_NLDC_PSP.xls,https://webcdn.grid-india.in/files/grdw/uploads/daily-reports/psp-reports/2024-2025/25.06.24_NLDC_PSP.xls,2026-09-24T17:04:44.673280,ok
2024-06-26,16989.0,0.0,361.6,2024-06-27,grid_india_psp_report,files/grdw/uploads/daily-reports/psp-reports/2024-2025/26.06.24_NLDC_PSP.xls,https://webcdn.grid-india.in/files/grdw/uploads/daily-reports/psp-reports/2024-2025/26.06.24_NLDC_PSP.xls,2026-09-24T17:04:46.621614,ok
2024-06-27,17163.0,0.0,366.0,2024-06-28,grid_india_psp_report,files/grdw/uploads/daily-reports/psp-reports/2024-2025/27.06.24_NLDC_PSP.xls,https://webcdn.grid-india.in/files/grdw/uploads/daily-reports/psp-reports/2024-2025/27.06.24_NLDC_PSP.xls,2026-09-24T17:04:48.550712,ok
2024-06-28,17602.0,0.0,375.38,2024-06-29,grid_india_psp_report,files/grdw/uploads/daily-reports/psp-reports/2024-2025/28.06.24_NLDC_PSP.xls,https://webcdn.grid-india.in/files/grdw/uploads/daily-reports/psp-reports/2024-2025/28.06.24_NLDC_PSP.xls,2026-09-24T17:04:50.408598,ok
2024-06-29,18044.0,0.0,384.59,2024-06-30,grid_india_psp_report,files/grdw/uploads/daily-reports/psp-reports/2024-2025/29.06.24_NLDC_PSP.xls,https://webcdn.grid-india.in/files/grdw/uploads/daily-reports/psp-reports/2024-2025/29.06.24_NLDC_PSP.xls,2026-09-24T17:04:52.148803,ok
2024-06-30,16186.0,0.0,352.92,2024-07-01,grid_india_psp_report,files/grdw/uploads/daily-reports/psp-reports/2024-2025/30.06.24_NLDC_PSP.xls,https://webcdn.grid-india.in/files/grdw/uploads/daily-reports/psp-reports/2024-2025/30.06.24_NLDC_PSP.xls,2026-09-24T17:04:54.030437,ok
2024-07-01,16901.0,0.0,357.9,2024-07-02,grid_india_psp_report,files/grdw/uploads/daily-reports/psp-reports/2024-2025/01.07.24_NLDC_PSP.xls,https://webcdn.grid-india.in/files/grdw/uploads/daily-reports/psp-reports/2024-2025/01.07.24_NLDC_PSP.xls,2026-09-24T17:04:55.939858,ok
2024-07-02,17642.0,0.0,377.67,2024-07-03,grid_india_psp_report,files/grdw/uploads/daily-reports/psp-reports/2024-2025/02.07.24_NLDC_PSP.xls,https://webcdn.grid-india.in/files/grdw/uploads/daily-reports/psp-reports/2024-2025/02.07.24_NLDC_PSP.xls,2026-09-24T17:04:57.782511,ok
2024-07-03,17659.0,0.0,383.68,2024-07-04,grid_india_psp_report,files/grdw/uploads/daily-reports/psp-reports/2024-2025/03.07.24_NLDC_PSP.xls,https://webcdn.grid-india.in/files/grdw/uploads/daily-reports/psp-reports/2024-2025/03.07.24_NLDC_PSP.xls,2026-09-24T17:04:59.710387,ok
2024-07-04,17530.0,0.0,380.87,2024-07-05,grid_india_psp_report,files/grdw/uploads/daily-reports/psp-reports/2024-2025/04.07.24_NLDC_PSP.xls,https://webcdn.grid-india.in/files/grdw/uploads/daily-reports/psp-reports/2024-2025/04.07.24_NLDC_PSP.xls,2026-09-24T17:05:01.672648,ok
2024-07-05,17237.0,0.0,382.06,2024-07-06,grid_india_psp_report,files/grdw/uploads/daily-reports/psp-reports/2024-2025/05.07.24_NLDC_PSP.xls,https://webcdn.grid-india.in/files/grdw/uploads/daily-reports/psp-reports/2024-2025/05.07.24_NLDC_PSP.xls,2026-09-24T17:05:03.614210,ok
2024-07-06,16571.0,0.0,357.53,2024-07-07,grid_india_psp_report,files/grdw/uploads/daily-reports/psp-reports/2024-2025/06.07.24_NLDC_PSP.xls,https://webcdn.grid-india.in/files/grdw/uploads/daily-reports/psp-reports/2024-2025/06.07.24_NLDC_PSP.xls,2026-09-24T17:05:05.867821,ok
2024-07-07,14988.0,0.0,335.2,2024-07-08,grid_india_psp_report,files/grdw/uploads/daily-reports/psp-reports/2024-2025/07.07.24_NLDC_PSP.xls,https://webcdn.grid-india.in/files/grdw/uploads/daily-reports/psp-reports/2024-2025/07.07.24_NLDC_PSP.xls,2026-09-24T17:05:07.596006,ok
2024-07-08,16827.0,0.0,357.44,2024-07-09,grid_india_psp_report,files/grdw/uploads/daily-reports/psp-reports/2024-2025/08.07.24_NLDC_PSP.xls,https://webcdn.grid-india.in/files/grdw/uploads/daily-reports/psp-reports/2024-2025/08.07.24_NLDC_PSP.xls,2026-09-24T17:05:09.251105,ok
2024-07-09,17216.0,0.0,372.53,2024-07-10,grid_india_psp_report,files/grdw/uploads/daily-reports/psp-reports/2024-2025/09.07.24_NLDC_PSP.xls,https://webcdn.grid-india.in/files/grdw/uploads/daily-reports/psp-reports/2024-2025/09.07.24_NLDC_PSP.xls,2026-09-24T17:05:11.400428,ok
2024-07-10,17388.0,0.0,378.63,2024-07-11,grid_india_psp_report,files/grdw/uploads/daily-reports/psp-reports/2024-2025/10.07.24_NLDC_PSP.xls,https://webcdn.grid-india.in/files/grdw/uploads/daily-reports/psp-reports/2024-2025/10.07.24_NLDC_PSP.xls,2026-09-24T17:05:13.246611,ok
2024-07-11,17594.0,0.0,375.86,2024-07-12,grid_india_psp_report,files/grdw/uploads/daily-reports/psp-reports/2024-2025/11.07.24_NLDC_PSP.xls,https://webcdn.grid-india.in/files/grdw/uploads/daily-reports/psp-reports/2024-2025/11.07.24_NLDC_PSP.xls,2026-09-24T17:05:15.005334,ok
2024-07-12,17273.0,0.0,368.73,2024-07-13,grid_india_psp_report,files/grdw/uploads/daily-reports/psp-reports/2024-2025/12.07.24_NLDC_PSP.xls,https://webcdn.grid-india.in/files/grdw/uploads/daily-reports/psp-reports/2024-2025/12.07.24_NLDC_PSP.xls,2026-09-24T17:05:16.830475,ok
2024-07-13,16462.0,0.0,347.59,2024-07-14,grid_india_psp_report,files/grdw/uploads/daily-reports/psp-reports/2024-2025/13.07.24_NLDC_PSP.xls,https://webcdn.grid-india.in/files/grdw/uploads/daily-reports/psp-reports/2024-2025/13.07.24_NLDC_PSP.xls,2026-09-24T17:05:18.877791,ok
2024-07-14,14292.0,0.0,316.67,2024-07-15,grid_india_psp_report,files/grdw/uploads/daily-reports/psp-reports/2024-2025/14.07.24_NLDC_PSP.xls,https://webcdn.grid-india.in/files/grdw/uploads/daily-reports/psp-reports/2024-2025/14.07.24_NLDC_PSP.xls,2026-09-24T17:05:20.930045,ok
2024-07-15,15446.0,0.0,327.63,2024-07-16,grid_india_psp_report,files/grdw/uploads/daily-reports/psp-reports/2024-2025/15.07.24_NLDC_PSP.xls,https://webcdn.grid-india.in/files/grdw/uploads/daily-reports/psp-reports/2024-2025/15.07.24_NLDC_PSP.xls,2026-09-24T17:05:22.563936,ok
2024-07-16,15621.0,0.0,319.01,2024-07-17,grid_india_psp_report,files/grdw/uploads/daily-reports/psp-reports/2024-2025/16.07.24_NLDC_PSP.xls,https://webcdn.grid-india.in/files/grdw/uploads/daily-reports/psp-reports/2024-2025/16.07.24_NLDC_PSP.xls,2026-09-24T17:05:24.222690,ok
2024-07-17,15967.0,0.0,337.92,2024-07-18,grid_india_psp_report,files/grdw/uploads/daily-reports/psp-reports/2024-2025/17.07.24_NLDC_PSP.xls,https://webcdn.grid-india.in/files/grdw/uploads/daily-reports/psp-reports/2024-2025/17.07.24_NLDC_PSP.xls,2026-09-24T17:05:25.942725,ok
2024-07-18,15301.0,0.0,326.67,2024-07-19,grid_india_psp_report,files/grdw/uploads/daily-reports/psp-reports/2024-2025/18.07.24_NLDC_PSP.xls,https://webcdn.grid-india.in/files/grdw/uploads/daily-reports/psp-reports/2024-2025/18.07.24_NLDC_PSP.xls,2026-09-24T17:05:27.886544,ok
2024-07-19,15625.0,0.0,328.61,2024-07-20,grid_india_psp_report,files/grdw/uploads/daily-reports/psp-reports/2024-2025/19.07.24_NLDC_PSP.xls,https://webcdn.grid-india.in/files/grdw/uploads/daily-reports/psp-reports/2024-2025/19.07.24_NLDC_PSP.xls,2026-09-24T17:05:29.630382,ok
2024-07-20,16126.0,0.0,329.27,2024-07-21,grid_india_psp_report,files/grdw/uploads/daily-reports/psp-reports/2024-2025/20.07.24_NLDC_PSP.xls,https://webcdn.grid-india.in/files/grdw/uploads/daily-reports/psp-reports/2024-2025/20.07.24_NLDC_PSP.xls,2026-09-24T17:05:31.329507,ok
2024-07-21,14441.0,0.0,324.72,2024-07-22,grid_india_psp_report,files/grdw/uploads/daily-reports/psp-reports/2024-2025/21.07.24_NLDC_PSP.xls,https://webcdn.grid-india.in/files/grdw/uploads/daily-reports/psp-reports/2024-2025/21.07.24_NLDC_PSP.xls,2026-09-24T17:05:33.518939,ok
2024-07-22,16804.0,0.0,356.51,2024-07-23,grid_india_psp_report,files/grdw/uploads/daily-reports/psp-reports/2024-2025/22.07.24_NLDC_PSP.xls,https://webcdn.grid-india.in/files/grdw/uploads/daily-reports/psp-reports/2024-2025/22.07.24_NLDC_PSP.xls,2026-09-24T17:05:35.029239,ok
2024-07-23,17340.0,0.0,373.65,2024-07-24,grid_india_psp_report,files/grdw/uploads/daily-reports/psp-reports/2024-2025/23.07.24_NLDC_PSP.xls,https://webcdn.grid-india.in/files/grdw/uploads/daily-reports/psp-reports/2024-2025/23.07.24_NLDC_PSP.xls,2026-09-24T17:05:36.977209,ok
2024-07-24,17381.0,0.0,379.68,2024-07-25,grid_india_psp_report,files/grdw/uploads/daily-reports/psp-reports/2024-2025/24.07.24_NLDC_PSP.xls,https://webcdn.grid-india.in/files/grdw/uploads/daily-reports/psp-reports/2024-2025/24.07.24_NLDC_PSP.xls,2026-09-24T17:05:38.947722,ok
2024-07-25,16811.0,0.0,376.57,2024-07-26,grid_india_psp_report,files/grdw/uploads/daily-reports/psp-reports/2024-2025/25.07.24_NLDC_PSP.xls,https://webcdn.grid-india.in/files/grdw/uploads/daily-reports/psp-reports/2024-2025/25.07.24_NLDC_PSP.xls,2026-09-24T17:05:40.872820,ok
2024-07-26,17377.0,0.0,376.95,2024-07-27,grid_india_psp_report,files/grdw/uploads/daily-reports/psp-reports/2024-2025/26.07.24_NLDC_PSP.xls,https://webcdn.grid-india.in/files/grdw/uploads/daily-reports/psp-reports/2024-2025/26.07.24_NLDC_PSP.xls,2026-09-24T17:05:42.819326,ok
2024-07-27,16987.0,0.0,375.77,2024-07-28,grid_india_psp_report,files/grdw/uploads/daily-reports/psp-reports/2024-2025/27.07.24_NLDC_PSP.xls,https://webcdn.grid-india.in/files/grdw/uploads/daily-reports/psp-reports/2024-2025/27.07.24_NLDC_PSP.xls,2026-09-24T17:05:44.646958,ok
2024-07-28,15608.0,0.0,348.44,2024-07-29,grid_india_psp_report,files/grdw/uploads/daily-reports/psp-reports/2024-2025/28.07.24_NLDC_PSP.xls,https://webcdn.grid-india.in/files/grdw/uploads/daily-reports/psp-reports/2024-2025/28.07.24_NLDC_PSP.xls,2026-09-24T17:05:46.340492,ok
2024-07-29,17897.0,0.0,379.26,2024-07-30,grid_india_psp_report,files/grdw/uploads/daily-reports/psp-reports/2024-2025/29.07.24_NLDC_PSP.xls,https://webcdn.grid-india.in/files/grdw/uploads/daily-reports/psp-reports/2024-2025/29.07.24_NLDC_PSP.xls,2026-09-24T17:05:48.085006,ok
2024-07-30,17835.0,0.0,385.82,2024-07-31,grid_india_psp_report,files/grdw/uploads/daily-reports/psp-reports/2024-2025/30.07.24_NLDC_PSP.xls,https://webcdn.grid-india.in/files/grdw/uploads/daily-reports/psp-reports/2024-2025/30.07.24_NLDC_PSP.xls,2026-09-24T17:05:49.903779,ok
2024-07-31,18542.0,0.0,395.67,2024-08-01,grid_india_psp_report,files/grdw/uploads/daily-reports/psp-reports/2024-2025/31.07.24_NLDC_PSP.xls,https://webcdn.grid-india.in/files/grdw/uploads/daily-reports/psp-reports/2024-2025/31.07.24_NLDC_PSP.xls,2026-09-24T17:05:51.443136,ok
2024-08-01,17821.0,0.0,385.87,2024-08-02,grid_india_psp_report,files/grdw/uploads/daily-reports/psp-reports/2024-2025/01.08.24_NLDC_PSP.xls,https://webcdn.grid-india.in/files/grdw/uploads/daily-reports/psp-reports/2024-2025/01.08.24_NLDC_PSP.xls,2026-09-24T17:05:53.383772,ok
2024-08-02,18047.0,0.0,387.97,2024-08-03,grid_india_psp_report,files/grdw/uploads/daily-reports/psp-reports/2024-2025/02.08.24_NLDC_PSP.xls,https://webcdn.grid-india.in/files/grdw/uploads/daily-reports/psp-reports/2024-2025/02.08.24_NLDC_PSP.xls,2026-09-24T17:05:55.018605,ok
2024-08-03,17044.0,0.0,374.8,2024-08-04,grid_india_psp_report,files/grdw/uploads/daily-reports/psp-reports/2024-2025/03.08.24_NLDC_PSP.xls,https://webcdn.grid-india.in/files/grdw/uploads/daily-reports/psp-reports/2024-2025/03.08.24_NLDC_PSP.xls,2026-09-24T17:05:56.943487,ok
2024-08-04,15684.0,0.0,347.17,2024-08-05,grid_india_psp_report,files/grdw/uploads/daily-reports/psp-reports/2024-2025/04.08.24_NLDC_PSP.xls,https://webcdn.grid-india.in/files/grdw/uploads/daily-reports/psp-reports/2024-2025/04.08.24_NLDC_PSP.xls,2026-09-24T17:05:58.507363,ok
2024-08-05,16591.0,0.0,349.6,2024-08-06,grid_india_psp_report,files/grdw/uploads/daily-reports/psp-reports/2024-2025/05.08.24_NLDC_PSP.pdf,https://webcdn.grid-india.in/files/grdw/uploads/daily-reports/psp-reports/2024-2025/05.08.24_NLDC_PSP.pdf,2026-09-24T17:06:11.232829,ok
2024-08-06,16422.0,0.0,351.3,2024-08-07,grid_india_psp_report,files/grdw/uploads/daily-reports/psp-reports/2024-2025/06.08.24_NLDC_PSP.xls,https://webcdn.grid-india.in/files/grdw/uploads/daily-reports/psp-reports/2024-2025/06.08.24_NLDC_PSP.xls,2026-09-24T17:06:11.553988,ok
2024-08-07,16502.0,0.0,335.47,2024-08-08,grid_india_psp_report,files/grdw/uploads/daily-reports/psp-reports/2024-2025/07.08.24_NLDC_PSP.xls,https://webcdn.grid-india.in/files/grdw/uploads/daily-reports/psp-reports/2024-2025/07.08.24_NLDC_PSP.xls,2026-09-24T17:06:11.878884,ok
2024-08-08,16176.0,0.0,342.23,2024-08-09,grid_india_psp_report,files/grdw/uploads/daily-reports/psp-reports/2024-2025/08.08.24_NLDC_PSP.xls,https://webcdn.grid-india.in/files/grdw/uploads/daily-reports/psp-reports/2024-2025/08.08.24_NLDC_PSP.xls,2026-09-24T17:06:13.748049,ok
2024-08-09,16237.0,0.0,352.2,2024-08-10,grid_india_psp_report,files/grdw/uploads/daily-reports/psp-reports/2024-2025/09.08.24_NLDC_PSP.xls,https://webcdn.grid-india.in/files/grdw/uploads/daily-reports/psp-reports/2024-2025/09.08.24_NLDC_PSP.xls,2026-09-24T17:06:15.198708,ok
2024-08-10,16016.0,0.0,343.14,2024-08-11,grid_india_psp_report,files/grdw/uploads/daily-reports/psp-reports/2024-2025/10.08.24_NLDC_PSP.xls,https://webcdn.grid-india.in/files/grdw/uploads/daily-reports/psp-reports/2024-2025/10.08.24_NLDC_PSP.xls,2026-09-24T17:06:16.712127,ok
2024-08-11,14077.0,0.0,312.83,2024-08-12,grid_india_psp_report,files/grdw/uploads/daily-reports/psp-reports/2024-2025/11.08.24_NLDC_PSP.xls,https://webcdn.grid-india.in/files/grdw/uploads/daily-reports/psp-reports/2024-2025/11.08.24_NLDC_PSP.xls,2026-09-24T17:06:18.369251,ok
2024-08-12,16337.0,0.0,332.06,2024-08-13,grid_india_psp_report,files/grdw/uploads/daily-reports/psp-reports/2024-2025/12.08.24_NLDC_PSP.xls,https://webcdn.grid-india.in/files/grdw/uploads/daily-reports/psp-reports/2024-2025/12.08.24_NLDC_PSP.xls,2026-09-24T17:06:20.212987,ok
2024-08-13,16350.0,0.0,349.29,2024-08-14,grid_india_psp_report,files/grdw/uploads/daily-reports/psp-reports/2024-2025/13.08.24_NLDC_PSP.xls,https://webcdn.grid-india.in/files/grdw/uploads/daily-reports/psp-reports/2024-2025/13.08.24_NLDC_PSP.xls,2026-09-24T17:06:22.170226,ok
2024-08-14,16546.0,0.0,354.94,2024-08-15,grid_india_psp_report,files/grdw/uploads/daily-reports/psp-reports/2024-2025/14.08.24_NLDC_PSP.xls,https://webcdn.grid-india.in/files/grdw/uploads/daily-reports/psp-reports/2024-2025/14.08.24_NLDC_PSP.xls,2026-09-24T17:06:24.108635,ok
2024-08-15,14605.0,0.0,313.37,2024-08-16,grid_india_psp_report,files/grdw/uploads/daily-reports/psp-reports/2024-2025/15.08.24_NLDC_PSP.xls,https://webcdn.grid-india.in/files/grdw/uploads/daily-reports/psp-reports/2024-2025/15.08.24_NLDC_PSP.xls,2026-09-24T17:06:26.055383,ok
2024-08-16,16358.0,0.0,345.75,2024-08-17,grid_india_psp_report,files/grdw/uploads/daily-reports/psp-reports/2024-2025/16.08.24_NLDC_PSP.xls,https://webcdn.grid-india.in/files/grdw/uploads/daily-reports/psp-reports/2024-2025/16.08.24_NLDC_PSP.xls,2026-09-24T17:06:27.444411,ok
2024-08-17,16011.0,0.0,348.51,2024-08-18,grid_india_psp_report,files/grdw/uploads/daily-reports/psp-reports/2024-2025/17.08.24_NLDC_PSP.xls,https://webcdn.grid-india.in/files/grdw/uploads/daily-reports/psp-reports/2024-2025/17.08.24_NLDC_PSP.xls,2026-09-24T17:06:28.823058,ok
2024-08-18,15088.0,0.0,329.17,2024-08-19,grid_india_psp_report,files/grdw/uploads/daily-reports/psp-reports/2024-2025/18.08.24_NLDC_PSP.xls,https://webcdn.grid-india.in/files/grdw/uploads/daily-reports/psp-reports/2024-2025/18.08.24_NLDC_PSP.xls,2026-09-24T17:06:30.245041,ok
2024-08-19,16200.0,0.0,350.7,2024-08-20,grid_india_psp_report,files/grdw/uploads/daily-reports/psp-reports/2024-2025/19.08.24_NLDC_PSP.pdf,https://webcdn.grid-india.in/files/grdw/uploads/daily-reports/psp-reports/2024-2025/19.08.24_NLDC_PSP.pdf,2026-09-24T17:06:40.442389,ok
2024-08-20,17112.0,0.0,353.54,2024-08-21,grid_india_psp_report,files/grdw/uploads/daily-reports/psp-reports/2024-2025/20.08.24_NLDC_PSP.xls,https://webcdn.grid-india.in/files/grdw/uploads/daily-reports/psp-reports/2024-2025/20.08.24_NLDC_PSP.xls,2026-09-24T17:06:40.761099,ok
2024-08-21,16480.0,0.0,350.17,2024-08-22,grid_india_psp_report,files/grdw/uploads/daily-reports/psp-reports/2024-2025/21.08.24_NLDC_PSP.xls,https://webcdn.grid-india.in/files/grdw/uploads/daily-reports/psp-reports/2024-2025/21.08.24_NLDC_PSP.xls,2026-09-24T17:06:41.084855,ok
2024-08-22,16995.0,0.0,357.28,2024-08-23,grid_india_psp_report,files/grdw/uploads/daily-reports/psp-reports/2024-2025/22.08.24_NLDC_PSP.xls,https://webcdn.grid-india.in/files/grdw/uploads/daily-reports/psp-reports/2024-2025/22.08.24_NLDC_PSP.xls,2026-09-24T17:06:42.472974,ok
2024-08-23,17191.0,0.0,369.7,2024-08-24,grid_india_psp_report,files/grdw/uploads/daily-reports/psp-reports/2024-2025/23.08.24_NLDC_PSP.xls,https://webcdn.grid-india.in/files/grdw/uploads/daily-reports/psp-reports/2024-2025/23.08.24_NLDC_PSP.xls,2026-09-24T17:06:44.059559,ok
2024-08-24,17546.0,0.0,378.11,2024-08-25,grid_india_psp_report,files/grdw/uploads/daily-reports/psp-reports/2024-2025/24.08.24_NLDC_PSP.xls,https://webcdn.grid-india.in/files/grdw/uploads/daily-reports/psp-reports/2024-2025/24.08.24_NLDC_PSP.xls,2026-09-24T17:06:45.386913,ok
2024-08-25,15595.0,0.0,346.56,2024-08-26,grid_india_psp_report,files/grdw/uploads/daily-reports/psp-reports/2024-2025/25.08.24_NLDC_PSP.xls,https://webcdn.grid-india.in/files/grdw/uploads/daily-reports/psp-reports/2024-2025/25.08.24_NLDC_PSP.xls,2026-09-24T17:06:46.707728,ok
2024-08-26,17627.0,0.0,375.52,2024-08-27,grid_india_psp_report,files/grdw/uploads/daily-reports/psp-reports/2024-2025/26.08.24_NLDC_PSP.xls,https://webcdn.grid-india.in/files/grdw/uploads/daily-reports/psp-reports/2024-2025/26.08.24_NLDC_PSP.xls,2026-09-24T17:06:47.967764,ok
2024-08-27,17687.0,0.0,386.48,2024-08-28,grid_india_psp_report,files/grdw/uploads/daily-reports/psp-reports/2024-2025/27.08.24_NLDC_PSP.xls,https://webcdn.grid-india.in/files/grdw/uploads/daily-reports/psp-reports/2024-2025/27.08.24_NLDC_PSP.xls,2026-09-24T17:06:49.460623,ok
2024-08-28,17212.0,0.0,382.5,2024-08-29,grid_india_psp_report,files/grdw/uploads/daily-reports/psp-reports/2024-2025/28.08.24_NLDC_PSP.xls,https://webcdn.grid-india.in/files/grdw/uploads/daily-reports/psp-reports/2024-2025/28.08.24_NLDC_PSP.xls,2026-09-24T17:06:50.913387,ok
2024-08-29,16896.0,0.0,361.31,2024-08-30,grid_india_psp_report,files/grdw/uploads/daily-reports/psp-reports/2024-2025/29.08.24_NLDC_PSP.xls,https://webcdn.grid-india.in/files/grdw/uploads/daily-reports/psp-reports/2024-2025/29.08.24_NLDC_PSP.xls,2026-09-24T17:06:52.263870,ok
2024-08-30,16260.0,0.0,348.31,2024-08-31,grid_india_psp_report,files/grdw/uploads/daily-reports/psp-reports/2024-2025/30.08.24_NLDC_PSP.xls,https://webcdn.grid-india.in/files/grdw/uploads/daily-reports/psp-reports/2024-2025/30.08.24_NLDC_PSP.xls,2026-09-24T17:06:53.632242,ok
2024-08-31,15835.0,0.0,338.37,2024-09-01,grid_india_psp_report,files/grdw/uploads/daily-reports/psp-reports/2024-2025/31.08.24_NLDC_PSP.xls,https://webcdn.grid-india.in/files/grdw/uploads/daily-reports/psp-reports/2024-2025/31.08.24_NLDC_PSP.xls,2026-09-24T17:06:54.984274,ok
2024-09-01,14171.0,0.0,306.81,2024-09-02,grid_india_psp_report,files/grdw/uploads/daily-reports/psp-reports/2024-2025/01.09.24_NLDC_PSP.xls,https://webcdn.grid-india.in/files/grdw/uploads/daily-reports/psp-reports/2024-2025/01.09.24_NLDC_PSP.xls,2026-09-24T17:06:57.325852,ok
2024-09-02,16499.0,0.0,342.38,2024-09-03,grid_india_psp_report,files/grdw/uploads/daily-reports/psp-reports/2024-2025/02.09.24_NLDC_PSP.xls,https://webcdn.grid-india.in/files/grdw/uploads/daily-reports/psp-reports/2024-2025/02.09.24_NLDC_PSP.xls,2026-09-24T17:06:58.759805,ok
2024-09-03,16732.0,0.0,358.73,2024-09-04,grid_india_psp_report,files/grdw/uploads/daily-reports/psp-reports/2024-2025/03.09.24_NLDC_PSP.xls,https://webcdn.grid-india.in/files/grdw/uploads/daily-reports/psp-reports/2024-2025/03.09.24_NLDC_PSP.xls,2026-09-24T17:07:00.115097,ok
2024-09-04,17201.0,0.0,367.47,2024-09-05,grid_india_psp_report,files/grdw/uploads/daily-reports/psp-reports/2024-2025/04.09.24_NLDC_PSP.xls,https://webcdn.grid-india.in/files/grdw/uploads/daily-reports/psp-reports/2024-2025/04.09.24_NLDC_PSP.xls,2026-09-24T17:07:01.435160,ok
2024-09-05,17522.0,0.0,366.53,2024-09-06,grid_india_psp_report,files/grdw/uploads/daily-reports/psp-reports/2024-2025/05.09.24_NLDC_PSP.xls,https://webcdn.grid-india.in/files/grdw/uploads/daily-reports/psp-reports/2024-2025/05.09.24_NLDC_PSP.xls,2026-09-24T17:07:02.821032,ok
2024-09-06,17400.0,0.0,382.72,2024-09-07,grid_india_psp_report,files/grdw/uploads/daily-reports/psp-reports/2024-2025/06.09.24_NLDC_PSP.xls,https://webcdn.grid-india.in/files/grdw/uploads/daily-reports/psp-reports/2024-2025/06.09.24_NLDC_PSP.xls,2026-09-24T17:07:04.192788,ok
2024-09-07,16651.0,0.0,359.66,2024-09-08,grid_india_psp_report,files/grdw/uploads/daily-reports/psp-reports/2024-2025/07.09.24_NLDC_PSP.xls,https://webcdn.grid-india.in/files/grdw/uploads/daily-reports/psp-reports/2024-2025/07.09.24_NLDC_PSP.xls,2026-09-24T17:07:05.546094,ok
2024-09-08,14218.0,0.0,319.92,2024-09-09,grid_india_psp_report,files/grdw/uploads/daily-reports/psp-reports/2024-2025/08.09.24_NLDC_PSP.xls,https://webcdn.grid-india.in/files/grdw/uploads/daily-reports/psp-reports/2024-2025/08.09.24_NLDC_PSP.xls,2026-09-24T17:07:06.937604,ok
2024-09-09,17120.0,0.0,355.77,2024-09-10,grid_india_psp_report,files/grdw/uploads/daily-reports/psp-reports/2024-2025/09.09.24_NLDC_PSP.xls,https://webcdn.grid-india.in/files/grdw/uploads/daily-reports/psp-reports/2024-2025/09.09.24_NLDC_PSP.xls,2026-09-24T17:07:08.382302,ok
2024-09-10,17648.0,0.0,371.09,2024-09-11,grid_india_psp_report,files/grdw/uploads/daily-reports/psp-reports/2024-2025/10.09.24_NLDC_PSP.xls,https://webcdn.grid-india.in/files/grdw/uploads/daily-reports/psp-reports/2024-2025/10.09.24_NLDC_PSP.xls,2026-09-24T17:07:09.598156,ok
2024-09-11,17926.0,0.0,387.1,2024-09-12,grid_india_psp_report,files/grdw/uploads/daily-reports/psp-reports/2024-2025/11.09.24_NLDC_PSP.xls,https://webcdn.grid-india.in/files/grdw/uploads/daily-reports/psp-reports/2024-2025/11.09.24_NLDC_PSP.xls,2026-09-24T17:07:11.005134,ok
2024-09-12,18101.0,0.0,387.89,2024-09-13,grid_india_psp_report,files/grdw/uploads/daily-reports/psp-reports/2024-2025/12.09.24_NLDC_PSP.xls,https://webcdn.grid-india.in/files/grdw/uploads/daily-reports/psp-reports/2024-2025/12.09.24_NLDC_PSP.xls,2026-09-24T17:07:12.381501,ok
2024-09-13,18191.0,0.0,388.16,2024-09-14,grid_india_psp_report,files/grdw/uploads/daily-reports/psp-reports/2024-2025/13.09.24_NLDC_PSP.xls,https://webcdn.grid-india.in/files/grdw/uploads/daily-reports/psp-reports/2024-2025/13.09.24_NLDC_PSP.xls,2026-09-24T17:07:13.798097,ok
2024-09-14,18370.0,0.0,397.01,2024-09-15,grid_india_psp_report,files/grdw/uploads/daily-reports/psp-reports/2024-2025/14.09.24_NLDC_PSP.xls,https://webcdn.grid-india.in/files/grdw/uploads/daily-reports/psp-reports/2024-2025/14.09.24_NLDC_PSP.xls,2026-09-24T17:07:14.996972,ok
2024-09-15,16620.0,0.0,362.2,2024-09-16,grid_india_psp_report,files/grdw/uploads/daily-reports/psp-reports/2024-2025/15.09.24_NLDC_PSP.xls,https://webcdn.grid-india.in/files/grdw/uploads/daily-reports/psp-reports/2024-2025/15.09.24_NLDC_PSP.xls,2026-09-24T17:07:16.579623,ok
2024-09-16,18711.0,0.0,389.47,2024-09-17,grid_india_psp_report,files/grdw/uploads/daily-reports/psp-reports/2024-2025/16.09.24_NLDC_PSP.xls,https://webcdn.grid-india.in/files/grdw/uploads/daily-reports/psp-reports/2024-2025/16.09.24_NLDC_PSP.xls,2026-09-24T17:07:17.969028,ok
2024-09-17,19393.0,0.0,405.28,2024-09-18,grid_india_psp_report,files/grdw/uploads/daily-reports/psp-reports/2024-2025/17.09.24_NLDC_PSP.xls,https://webcdn.grid-india.in/files/grdw/uploads/daily-reports/psp-reports/2024-2025/17.09.24_NLDC_PSP.xls,2026-09-24T17:07:19.255818,ok
2024-09-18,18576.0,0.0,406.08,2024-09-19,grid_india_psp_report,files/grdw/uploads/daily-reports/psp-reports/2024-2025/18.09.24_NLDC_PSP.xls,https://webcdn.grid-india.in/files/grdw/uploads/daily-reports/psp-reports/2024-2025/18.09.24_NLDC_PSP.xls,2026-09-24T17:07:20.776504,ok
2024-09-19,18514.0,0.0,403.12,2024-09-20,grid_india_psp_report,files/grdw/uploads/daily-reports/psp-reports/2024-2025/19.09.24_NLDC_PSP.xls,https://webcdn.grid-india.in/files/grdw/uploads/daily-reports/psp-reports/2024-2025/19.09.24_NLDC_PSP.xls,2026-09-24T17:07:22.238433,ok
2024-09-20,18515.0,0.0,408.01,2024-09-21,grid_india_psp_report,files/grdw/uploads/daily-reports/psp-reports/2024-2025/20.09.24_NLDC_PSP.xls,https://webcdn.grid-india.in/files/grdw/uploads/daily-reports/psp-reports/2024-2025/20.09.24_NLDC_PSP.xls,2026-09-24T17:07:23.484637,ok
2024-09-21,17417.0,0.0,381.77,2024-09-22,grid_india_psp_report,files/grdw/uploads/daily-reports/psp-reports/2024-2025/21.09.24_NLDC_PSP.xls,https://webcdn.grid-india.in/files/grdw/uploads/daily-reports/psp-reports/2024-2025/21.09.24_NLDC_PSP.xls,2026-09-24T17:07:24.774620,ok
2024-09-22,15816.0,0.0,354.62,2024-09-23,grid_india_psp_report,files/grdw/uploads/daily-reports/psp-reports/2024-2025/22.09.24_NLDC_PSP.xls,https://webcdn.grid-india.in/files/grdw/uploads/daily-reports/psp-reports/2024-2025/22.09.24_NLDC_PSP.xls,2026-09-24T17:07:26.160514,ok
2024-09-23,18095.0,0.0,381.39,2024-09-24,grid_india_psp_report,files/grdw/uploads/daily-reports/psp-reports/2024-2025/23.09.24_NLDC_PSP.xls,https://webcdn.grid-india.in/files/grdw/uploads/daily-reports/psp-reports/2024-2025/23.09.24_NLDC_PSP.xls,2026-09-24T17:07:27.476809,ok
2024-09-24,17640.0,0.0,380.83,2024-09-25,grid_india_psp_report,files/grdw/uploads/daily-reports/psp-reports/2024-2025/24.09.24_NLDC_PSP.xls,https://webcdn.grid-india.in/files/grdw/uploads/daily-reports/psp-reports/2024-2025/24.09.24_NLDC_PSP.xls,2026-09-24T17:07:28.926531,ok
2024-09-25,17886.0,0.0,383.99,2024-09-26,grid_india_psp_report,files/grdw/uploads/daily-reports/psp-reports/2024-2025/25.09.24_NLDC_PSP.xls,https://webcdn.grid-india.in/files/grdw/uploads/daily-reports/psp-reports/2024-2025/25.09.24_NLDC_PSP.xls,2026-09-24T17:07:30.325420,ok
2024-09-26,18067.0,0.0,388.88,2024-09-27,grid_india_psp_report,files/grdw/uploads/daily-reports/psp-reports/2024-2025/26.09.24_NLDC_PSP.xls,https://webcdn.grid-india.in/files/grdw/uploads/daily-reports/psp-reports/2024-2025/26.09.24_NLDC_PSP.xls,2026-09-24T17:07:31.893393,ok
2024-09-27,18156.0,0.0,389.78,2024-09-28,grid_india_psp_report,files/grdw/uploads/daily-reports/psp-reports/2024-2025/27.09.24_NLDC_PSP.xls,https://webcdn.grid-india.in/files/grdw/uploads/daily-reports/psp-reports/2024-2025/27.09.24_NLDC_PSP.xls,2026-09-24T17:07:33.176126,ok
2024-09-28,18078.0,0.0,390.85,2024-09-29,grid_india_psp_report,files/grdw/uploads/daily-reports/psp-reports/2024-2025/28.09.24_NLDC_PSP.xls,https://webcdn.grid-india.in/files/grdw/uploads/daily-reports/psp-reports/2024-2025/28.09.24_NLDC_PSP.xls,2026-09-24T17:07:34.551769,ok
2024-09-29,15623.0,0.0,352.22,2024-09-30,grid_india_psp_report,files/grdw/uploads/daily-reports/psp-reports/2024-2025/29.09.24_NLDC_PSP.xls,https://webcdn.grid-india.in/files/grdw/uploads/daily-reports/psp-reports/2024-2025/29.09.24_NLDC_PSP.xls,2026-09-24T17:07:35.816352,ok
2024-09-30,17713.0,0.0,373.68,2024-10-01,grid_india_psp_report,files/grdw/uploads/daily-reports/psp-reports/2024-2025/30.09.24_NLDC_PSP.xls,https://webcdn.grid-india.in/files/grdw/uploads/daily-reports/psp-reports/2024-2025/30.09.24_NLDC_PSP.xls,2026-09-24T17:07:37.134757,ok
2024-10-01,18113.0,0.0,382.35,2024-10-02,grid_india_psp_report,files/grdw/uploads/daily-reports/psp-reports/2024-2025/01.10.24_NLDC_PSP.xls,https://webcdn.grid-india.in/files/grdw/uploads/daily-reports/psp-reports/2024-2025/01.10.24_NLDC_PSP.xls,2026-09-24T17:07:38.483607,ok
2024-10-02,15722.0,0.0,346.11,2024-10-03,grid_india_psp_report,files/grdw/uploads/daily-reports/psp-reports/2024-2025/02.10.24_NLDC_PSP.xls,https://webcdn.grid-india.in/files/grdw/uploads/daily-reports/psp-reports/2024-2025/02.10.24_NLDC_PSP.xls,2026-09-24T17:07:39.879247,ok
2024-10-03,17951.0,0.0,373.63,2024-10-04,grid_india_psp_report,files/grdw/uploads/daily-reports/psp-reports/2024-2025/03.10.24_NLDC_PSP.xls,https://webcdn.grid-india.in/files/grdw/uploads/daily-reports/psp-reports/2024-2025/03.10.24_NLDC_PSP.xls,2026-09-24T17:07:41.125817,ok
2024-10-04,17850.0,0.0,380.89,2024-10-05,grid_india_psp_report,files/grdw/uploads/daily-reports/psp-reports/2024-2025/04.10.24_NLDC_PSP.xls,https://webcdn.grid-india.in/files/grdw/uploads/daily-reports/psp-reports/2024-2025/04.10.24_NLDC_PSP.xls,2026-09-24T17:07:42.324217,ok
2024-10-05,16455.0,0.0,356.27,2024-10-06,grid_india_psp_report,files/grdw/uploads/daily-reports/psp-reports/2024-2025/05.10.24_NLDC_PSP.xls,https://webcdn.grid-india.in/files/grdw/uploads/daily-reports/psp-reports/2024-2025/05.10.24_NLDC_PSP.xls,2026-09-24T17:07:43.569328,ok
2024-10-06,14718.0,0.0,324.53,2024-10-07,grid_india_psp_report,files/grdw/uploads/daily-reports/psp-reports/2024-2025/06.10.24_NLDC_PSP.xls,https://webcdn.grid-india.in/files/grdw/uploads/daily-reports/psp-reports/2024-2025/06.10.24_NLDC_PSP.xls,2026-09-24T17:07:45.144141,ok
2024-10-07,16675.0,0.0,348.85,2024-10-08,grid_india_psp_report,files/grdw/uploads/daily-reports/psp-reports/2024-2025/07.10.24_NLDC_PSP.xls,https://webcdn.grid-india.in/files/grdw/uploads/daily-reports/psp-reports/2024-2025/07.10.24_NLDC_PSP.xls,2026-09-24T17:07:46.495119,ok
2024-10-08,16612.0,0.0,351.54,2024-10-09,grid_india_psp_report,files/grdw/uploads/daily-reports/psp-reports/2024-2025/08.10.24_NLDC_PSP.xls,https://webcdn.grid-india.in/files/grdw/uploads/daily-reports/psp-reports/2024-2025/08.10.24_NLDC_PSP.xls,2026-09-24T17:07:47.908021,ok
2024-10-09,16550.0,0.0,352.72,2024-10-10,grid_india_psp_report,files/grdw/uploads/daily-reports/psp-reports/2024-2025/09.10.24_NLDC_PSP.xls,https://webcdn.grid-india.in/files/grdw/uploads/daily-reports/psp-reports/2024-2025/09.10.24_NLDC_PSP.xls,2026-09-24T17:07:49.225811,ok
2024-10-10,15960.0,0.0,340.36,2024-10-11,grid_india_psp_report,files/grdw/uploads/daily-reports/psp-reports/2024-2025/10.10.24_NLDC_PSP.xls,https://webcdn.grid-india.in/files/grdw/uploads/daily-reports/psp-reports/2024-2025/10.10.24_NLDC_PSP.xls,2026-09-24T17:07:50.576844,ok
2024-10-11,13723.0,0.0,300.35,2024-10-12,grid_india_psp_report,files/grdw/uploads/daily-reports/psp-reports/2024-2025/11.10.24_NLDC_PSP.xls,https://webcdn.grid-india.in/files/grdw/uploads/daily-reports/psp-reports/2024-2025/11.10.24_NLDC_PSP.xls,2026-09-24T17:07:51.893794,ok
2024-10-12,14372.0,0.0,299.32,2024-10-13,grid_india_psp_report,files/grdw/uploads/daily-reports/psp-reports/2024-2025/12.10.24_NLDC_PSP.xls,https://webcdn.grid-india.in/files/grdw/uploads/daily-reports/psp-reports/2024-2025/12.10.24_NLDC_PSP.xls,2026-09-24T17:07:53.155589,ok
2024-10-13,13392.0,0.0,286.9,2024-10-14,grid_india_psp_report,files/grdw/uploads/daily-reports/psp-reports/2024-2025/13.10.24_NLDC_PSP.xls,https://webcdn.grid-india.in/files/grdw/uploads/daily-reports/psp-reports/2024-2025/13.10.24_NLDC_PSP.xls,2026-09-24T17:07:54.382678,ok
2024-10-14,15302.0,0.0,307.3,2024-10-15,grid_india_psp_report,files/grdw/uploads/daily-reports/psp-reports/2024-2025/14.10.24_NLDC_PSP.xls,https://webcdn.grid-india.in/files/grdw/uploads/daily-reports/psp-reports/2024-2025/14.10.24_NLDC_PSP.xls,2026-09-24T17:07:56.006712,ok
2024-10-15,14203.0,0.0,295.75,2024-10-16,grid_india_psp_report,files/grdw/uploads/daily-reports/psp-reports/2024-2025/15.10.24_NLDC_PSP.xls,https://webcdn.grid-india.in/files/grdw/uploads/daily-reports/psp-reports/2024-2025/15.10.24_NLDC_PSP.xls,2026-09-24T17:07:57.203775,ok
2024-10-16,14923.0,0.0,295.91,2024-10-17,grid_india_psp_report,files/grdw/uploads/daily-reports/psp-reports/2024-2025/16.10.24_NLDC_PSP.xls,https://webcdn.grid-india.in/files/grdw/uploads/daily-reports/psp-reports/2024-2025/16.10.24_NLDC_PSP.xls,2026-09-24T17:07:58.405719,ok
2024-10-17,15768.0,0.0,316.91,2024-10-18,grid_india_psp_report,files/grdw/uploads/daily-reports/psp-reports/2024-2025/17.10.24_NLDC_PSP.xls,https://webcdn.grid-india.in/files/grdw/uploads/daily-reports/psp-reports/2024-2025/17.10.24_NLDC_PSP.xls,2026-09-24T17:08:00.744739,ok
2024-10-18,16107.0,0.0,329.76,2024-10-19,grid_india_psp_report,files/grdw/uploads/daily-reports/psp-reports/2024-2025/18.10.24_NLDC_PSP.xls,https://webcdn.grid-india.in/files/grdw/uploads/daily-reports/psp-reports/2024-2025/18.10.24_NLDC_PSP.xls,2026-09-24T17:08:02.213566,ok
2024-10-19,15814.0,0.0,322.23,2024-10-20,grid_india_psp_report,files/grdw/uploads/daily-reports/psp-reports/2024-2025/19.10.24_NLDC_PSP.xls,https://webcdn.grid-india.in/files/grdw/uploads/daily-reports/psp-reports/2024-2025/19.10.24_NLDC_PSP.xls,2026-09-24T17:08:03.419644,ok
2024-10-20,14190.0,0.0,302.88,2024-10-21,grid_india_psp_report,files/grdw/uploads/daily-reports/psp-reports/2024-2025/20.10.24_NLDC_PSP.xls,https://webcdn.grid-india.in/files/grdw/uploads/daily-reports/psp-reports/2024-2025/20.10.24_NLDC_PSP.xls,2026-09-24T17:08:04.861220,ok
2024-10-21,16149.0,0.0,326.25,2024-10-22,grid_india_psp_report,files/grdw/uploads/daily-reports/psp-reports/2024-2025/21.10.24_NLDC_PSP.xls,https://webcdn.grid-india.in/files/grdw/uploads/daily-reports/psp-reports/2024-2025/21.10.24_NLDC_PSP.xls,2026-09-24T17:08:06.220081,ok
2024-10-22,16198.0,0.0,337.75,2024-10-23,grid_india_psp_report,files/grdw/uploads/daily-reports/psp-reports/2024-2025/22.10.24_NLDC_PSP.xls,https://webcdn.grid-india.in/files/grdw/uploads/daily-reports/psp-reports/2024-2025/22.10.24_NLDC_PSP.xls,2026-09-24T17:08:07.555809,ok
2024-10-23,16677.0,0.0,341.98,2024-10-24,grid_india_psp_report,files/grdw/uploads/daily-reports/psp-reports/2024-2025/23.10.24_NLDC_PSP.xls,https://webcdn.grid-india.in/files/grdw/uploads/daily-reports/psp-reports/2024-2025/23.10.24_NLDC_PSP.xls,2026-09-24T17:08:08.890780,ok
2024-10-24,16238.0,0.0,340.42,2024-10-25,grid_india_psp_report,files/grdw/uploads/daily-reports/psp-reports/2024-2025/24.10.24_NLDC_PSP.xls,https://webcdn.grid-india.in/files/grdw/uploads/daily-reports/psp-reports/2024-2025/24.10.24_NLDC_PSP.xls,2026-09-24T17:08:10.279002,ok
2024-10-25,15819.0,0.0,334.0,2024-10-26,grid_india_psp_report,files/grdw/uploads/daily-reports/psp-reports/2024-2025/25.10.24_NLDC_PSP.xls,https://webcdn.grid-india.in/files/grdw/uploads/daily-reports/psp-reports/2024-2025/25.10.24_NLDC_PSP.xls,2026-09-24T17:08:11.512874,ok
2024-10-26,15982.0,0.0,335.16,2024-10-27,grid_india_psp_report,files/grdw/uploads/daily-reports/psp-reports/2024-2025/26.10.24_NLDC_PSP.xls,https://webcdn.grid-india.in/files/grdw/uploads/daily-reports/psp-reports/2024-2025/26.10.24_NLDC_PSP.xls,2026-09-24T17:08:12.755195,ok
2024-10-27,14773.0,0.0,322.34,2024-10-28,grid_india_psp_report,files/grdw/uploads/daily-reports/psp-reports/2024-2025/27.10.24_NLDC_PSP.xls,https://webcdn.grid-india.in/files/grdw/uploads/daily-reports/psp-reports/2024-2025/27.10.24_NLDC_PSP.xls,2026-09-24T17:08:14.121565,ok
2024-10-28,16669.0,0.0,346.5,2024-10-29,grid_india_psp_report,files/grdw/uploads/daily-reports/psp-reports/2024-2025/28.10.24_NLDC_PSP.xls,https://webcdn.grid-india.in/files/grdw/uploads/daily-reports/psp-reports/2024-2025/28.10.24_NLDC_PSP.xls,2026-09-24T17:08:16.154677,ok
2024-10-29,16565.0,0.0,354.81,2024-10-30,grid_india_psp_report,files/grdw/uploads/daily-reports/psp-reports/2024-2025/29.10.24_NLDC_PSP.xls,https://webcdn.grid-india.in/files/grdw/uploads/daily-reports/psp-reports/2024-2025/29.10.24_NLDC_PSP.xls,2026-09-24T17:08:18.060415,ok
2024-10-30,15723.0,0.0,330.03,2024-10-31,grid_india_psp_report,files/grdw/uploads/daily-reports/psp-reports/2024-2025/30.10.24_NLDC_PSP.xls,https://webcdn.grid-india.in/files/grdw/uploads/daily-reports/psp-reports/2024-2025/30.10.24_NLDC_PSP.xls,2026-09-24T17:08:19.098225,ok
2024-10-31,12318.0,0.0,257.13,2024-11-01,grid_india_psp_report,files/grdw/uploads/daily-reports/psp-reports/2024-2025/31.10.24_NLDC_PSP.xls,https://webcdn.grid-india.in/files/grdw/uploads/daily-reports/psp-reports/2024-2025/31.10.24_NLDC_PSP.xls,2026-09-24T17:08:20.340156,ok
2024-11-01,12441.0,0.0,258.1,2024-11-02,grid_india_psp_report,files/grdw/uploads/daily-reports/psp-reports/2024-2025/01.11.24_NLDC_PSP.xls,https://webcdn.grid-india.in/files/grdw/uploads/daily-reports/psp-reports/2024-2025/01.11.24_NLDC_PSP.xls,2026-09-24T17:08:21.971788,ok
2024-11-02,13510.0,0.0,279.13,2024-11-03,grid_india_psp_report,files/grdw/uploads/daily-reports/psp-reports/2024-2025/02.11.24_NLDC_PSP.xls,https://webcdn.grid-india.in/files/grdw/uploads/daily-reports/psp-reports/2024-2025/02.11.24_NLDC_PSP.xls,2026-09-24T17:08:23.153489,ok
2024-11-03,13076.0,0.0,275.57,2024-11-04,grid_india_psp_report,files/grdw/uploads/daily-reports/psp-reports/2024-2025/03.11.24_NLDC_PSP.xls,https://webcdn.grid-india.in/files/grdw/uploads/daily-reports/psp-reports/2024-2025/03.11.24_NLDC_PSP.xls,2026-09-24T17:08:24.356843,ok
2024-11-04,15527.0,0.0,311.1,2024-11-05,grid_india_psp_report,files/grdw/uploads/daily-reports/psp-reports/2024-2025/04.11.24_NLDC_PSP.xls,https://webcdn.grid-india.in/files/grdw/uploads/daily-reports/psp-reports/2024-2025/04.11.24_NLDC_PSP.xls,2026-09-24T17:08:25.771781,ok
2024-11-05,15996.0,0.0,329.61,2024-11-06,grid_india_psp_report,files/grdw/uploads/daily-reports/psp-reports/2024-2025/05.11.24_NLDC_PSP.xls,https://webcdn.grid-india.in/files/grdw/uploads/daily-reports/psp-reports/2024-2025/05.11.24_NLDC_PSP.xls,2026-09-24T17:08:27.049799,ok
2024-11-06,16314.0,0.0,336.48,2024-11-07,grid_india_psp_report,files/grdw/uploads/daily-reports/psp-reports/2024-2025/06.11.24_NLDC_PSP.xls,https://webcdn.grid-india.in/files/grdw/uploads/daily-reports/psp-reports/2024-2025/06.11.24_NLDC_PSP.xls,2026-09-24T17:08:28.478973,ok
2024-11-07,15826.0,0.0,335.73,2024-11-08,grid_india_psp_report,files/grdw/uploads/daily-reports/psp-reports/2024-2025/07.11.24_NLDC_PSP.xls,https://webcdn.grid-india.in/files/grdw/uploads/daily-reports/psp-reports/2024-2025/07.11.24_NLDC_PSP.xls,2026-09-24T17:08:29.845022,ok
2024-11-08,16243.0,0.0,333.95,2024-11-09,grid_india_psp_report,files/grdw/uploads/daily-reports/psp-reports/2024-2025/08.11.24_NLDC_PSP.xls,https://webcdn.grid-india.in/files/grdw/uploads/daily-reports/psp-reports/2024-2025/08.11.24_NLDC_PSP.xls,2026-09-24T17:08:31.313940,ok
2024-11-09,16278.0,0.0,335.58,2024-11-10,grid_india_psp_report,files/grdw/uploads/daily-reports/psp-reports/2024-2025/09.11.24_NLDC_PSP.xls,https://webcdn.grid-india.in/files/grdw/uploads/daily-reports/psp-reports/2024-2025/09.11.24_NLDC_PSP.xls,2026-09-24T17:08:32.754800,ok
2024-11-10,14193.0,0.0,313.91,2024-11-11,grid_india_psp_report,files/grdw/uploads/daily-reports/psp-reports/2024-2025/10.11.24_NLDC_PSP.xls,https://webcdn.grid-india.in/files/grdw/uploads/daily-reports/psp-reports/2024-2025/10.11.24_NLDC_PSP.xls,2026-09-24T17:08:34.041470,ok
2024-11-11,16872.0,0.0,345.06,2024-11-12,grid_india_psp_report,files/grdw/uploads/daily-reports/psp-reports/2024-2025/11.11.24_NLDC_PSP.xls,https://webcdn.grid-india.in/files/grdw/uploads/daily-reports/psp-reports/2024-2025/11.11.24_NLDC_PSP.xls,2026-09-24T17:08:35.446761,ok
2024-11-12,16685.0,0.0,351.77,2024-11-13,grid_india_psp_report,files/grdw/uploads/daily-reports/psp-reports/2024-2025/12.11.24_NLDC_PSP.xls,https://webcdn.grid-india.in/files/grdw/uploads/daily-reports/psp-reports/2024-2025/12.11.24_NLDC_PSP.xls,2026-09-24T17:08:38.063640,ok
2024-11-13,16485.0,0.0,336.13,2024-11-14,grid_india_psp_report,files/grdw/uploads/daily-reports/psp-reports/2024-2025/13.11.24_NLDC_PSP.xls,https://webcdn.grid-india.in/files/grdw/uploads/daily-reports/psp-reports/2024-2025/13.11.24_NLDC_PSP.xls,2026-09-24T17:08:39.413877,ok
2024-11-14,15770.0,0.0,331.25,2024-11-15,grid_india_psp_report,files/grdw/uploads/daily-reports/psp-reports/2024-2025/14.11.24_NLDC_PSP.xls,https://webcdn.grid-india.in/files/grdw/uploads/daily-reports/psp-reports/2024-2025/14.11.24_NLDC_PSP.xls,2026-09-24T17:08:40.679165,ok
2024-11-15,15379.0,0.0,321.17,2024-11-16,grid_india_psp_report,files/grdw/uploads/daily-reports/psp-reports/2024-2025/15.11.24_NLDC_PSP.xls,https://webcdn.grid-india.in/files/grdw/uploads/daily-reports/psp-reports/2024-2025/15.11.24_NLDC_PSP.xls,2026-09-24T17:08:41.948152,ok
2024-11-16,14856.0,0.0,304.45,2024-11-17,grid_india_psp_report,files/grdw/uploads/daily-reports/psp-reports/2024-2025/16.11.24_NLDC_PSP.xls,https://webcdn.grid-india.in/files/grdw/uploads/daily-reports/psp-reports/2024-2025/16.11.24_NLDC_PSP.xls,2026-09-24T17:08:43.407604,ok
2024-11-17,12825.0,0.0,274.87,2024-11-18,grid_india_psp_report,files/grdw/uploads/daily-reports/psp-reports/2024-2025/17.11.24_NLDC_PSP.xls,https://webcdn.grid-india.in/files/grdw/uploads/daily-reports/psp-reports/2024-2025/17.11.24_NLDC_PSP.xls,2026-09-24T17:08:44.724537,ok
2024-11-18,15317.0,0.0,302.52,2024-11-19,grid_india_psp_report,files/grdw/uploads/daily-reports/psp-reports/2024-2025/18.11.24_NLDC_PSP.xls,https://webcdn.grid-india.in/files/grdw/uploads/daily-reports/psp-reports/2024-2025/18.11.24_NLDC_PSP.xls,2026-09-24T17:08:46.077537,ok
2024-11-19,15890.0,0.0,315.09,2024-11-20,grid_india_psp_report,files/grdw/uploads/daily-reports/psp-reports/2024-2025/19.11.24_NLDC_PSP.xls,https://webcdn.grid-india.in/files/grdw/uploads/daily-reports/psp-reports/2024-2025/19.11.24_NLDC_PSP.xls,2026-09-24T17:08:47.452328,ok
2024-11-20,15607.0,0.0,315.03,2024-11-21,grid_india_psp_report,files/grdw/uploads/daily-reports/psp-reports/2024-2025/20.11.24_NLDC_PSP.xls,https://webcdn.grid-india.in/files/grdw/uploads/daily-reports/psp-reports/2024-2025/20.11.24_NLDC_PSP.xls,2026-09-24T17:08:49.617780,ok
2024-11-21,15937.0,0.0,313.65,2024-11-22,grid_india_psp_report,files/grdw/uploads/daily-reports/psp-reports/2024-2025/21.11.24_NLDC_PSP.xls,https://webcdn.grid-india.in/files/grdw/uploads/daily-reports/psp-reports/2024-2025/21.11.24_NLDC_PSP.xls,2026-09-24T17:08:51.756895,ok
2024-11-22,16084.0,0.0,323.73,2024-11-23,grid_india_psp_report,files/grdw/uploads/daily-reports/psp-reports/2024-2025/22.11.24_NLDC_PSP.xls,https://webcdn.grid-india.in/files/grdw/uploads/daily-reports/psp-reports/2024-2025/22.11.24_NLDC_PSP.xls,2026-09-24T17:08:53.411659,ok
2024-11-23,15755.0,0.0,330.9,2024-11-24,grid_india_psp_report,files/grdw/uploads/daily-reports/psp-reports/2024-2025/23.11.24_NLDC_PSP.xls,https://webcdn.grid-india.in/files/grdw/uploads/daily-reports/psp-reports/2024-2025/23.11.24_NLDC_PSP.xls,2026-09-24T17:08:55.151891,ok
2024-11-24,14151.0,0.0,301.11,2024-11-25,grid_india_psp_report,files/grdw/uploads/daily-reports/psp-reports/2024-2025/24.11.24_NLDC_PSP.xls,https://webcdn.grid-india.in/files/grdw/uploads/daily-reports/psp-reports/2024-2025/24.11.24_NLDC_PSP.xls,2026-09-24T17:08:57.305342,ok
2024-11-25,15959.0,0.0,323.22,2024-11-26,grid_india_psp_report,files/grdw/uploads/daily-reports/psp-reports/2024-2025/25.11.24_NLDC_PSP.xls,https://webcdn.grid-india.in/files/grdw/uploads/daily-reports/psp-reports/2024-2025/25.11.24_NLDC_PSP.xls,2026-09-24T17:08:59.227362,ok
2024-11-26,15707.0,0.0,315.35,2024-11-27,grid_india_psp_report,files/grdw/uploads/daily-reports/psp-reports/2024-2025/26.11.24_NLDC_PSP.xls,https://webcdn.grid-india.in/files/grdw/uploads/daily-reports/psp-reports/2024-2025/26.11.24_NLDC_PSP.xls,2026-09-24T17:09:00.604779,ok
2024-11-27,14949.0,0.0,297.84,2024-11-28,grid_india_psp_report,files/grdw/uploads/daily-reports/psp-reports/2024-2025/27.11.24_NLDC_PSP.xls,https://webcdn.grid-india.in/files/grdw/uploads/daily-reports/psp-reports/2024-2025/27.11.24_NLDC_PSP.xls,2026-09-24T17:09:02.013890,ok
2024-11-28,15138.0,0.0,306.85,2024-11-29,grid_india_psp_report,files/grdw/uploads/daily-reports/psp-reports/2024-2025/28.11.24_NLDC_PSP.xls,https://webcdn.grid-india.in/files/grdw/uploads/daily-reports/psp-reports/2024-2025/28.11.24_NLDC_PSP.xls,2026-09-24T17:09:03.631674,ok
2024-11-29,15137.0,0.0,309.96,2024-11-30,grid_india_psp_report,files/grdw/uploads/daily-reports/psp-reports/2024-2025/29.11.24_NLDC_PSP.xls,https://webcdn.grid-india.in/files/grdw/uploads/daily-reports/psp-reports/2024-2025/29.11.24_NLDC_PSP.xls,2026-09-24T17:09:04.984666,ok
2024-11-30,13794.0,0.0,269.07,2024-12-01,grid_india_psp_report,files/grdw/uploads/daily-reports/psp-reports/2024-2025/30.11.24_NLDC_PSP.xls,https://webcdn.grid-india.in/files/grdw/uploads/daily-reports/psp-reports/2024-2025/30.11.24_NLDC_PSP.xls,2026-09-24T17:09:06.422203,ok
2024-12-01,11379.0,0.0,229.24,2024-12-02,grid_india_psp_report,files/grdw/uploads/daily-reports/psp-reports/2024-2025/01.12.24_NLDC_PSP.xls,https://webcdn.grid-india.in/files/grdw/uploads/daily-reports/psp-reports/2024-2025/01.12.24_NLDC_PSP.xls,2026-09-24T17:09:07.859972,ok
2024-12-02,14662.0,0.0,272.81,2024-12-03,grid_india_psp_report,files/grdw/uploads/daily-reports/psp-reports/2024-2025/02.12.24_NLDC_PSP.xls,https://webcdn.grid-india.in/files/grdw/uploads/daily-reports/psp-reports/2024-2025/02.12.24_NLDC_PSP.xls,2026-09-24T17:09:09.277543,ok
2024-12-03,15739.0,0.0,303.14,2024-12-04,grid_india_psp_report,files/grdw/uploads/daily-reports/psp-reports/2024-2025/03.12.24_NLDC_PSP.xls,https://webcdn.grid-india.in/files/grdw/uploads/daily-reports/psp-reports/2024-2025/03.12.24_NLDC_PSP.xls,2026-09-24T17:09:10.626853,ok
2024-12-04,15608.0,0.0,314.55,2024-12-05,grid_india_psp_report,files/grdw/uploads/daily-reports/psp-reports/2024-2025/04.12.24_NLDC_PSP.xls,https://webcdn.grid-india.in/files/grdw/uploads/daily-reports/psp-reports/2024-2025/04.12.24_NLDC_PSP.xls,2026-09-24T17:09:12.008367,ok
2024-12-05,15846.0,0.0,317.7,2024-12-06,grid_india_psp_report,files/grdw/uploads/daily-reports/psp-reports/2024-2025/05.12.24_NLDC_PSP.xls,https://webcdn.grid-india.in/files/grdw/uploads/daily-reports/psp-reports/2024-2025/05.12.24_NLDC_PSP.xls,2026-09-24T17:09:13.327859,ok
2024-12-06,16251.0,0.0,333.47,2024-12-07,grid_india_psp_report,files/grdw/uploads/daily-reports/psp-reports/2024-2025/06.12.24_NLDC_PSP.xls,https://webcdn.grid-india.in/files/grdw/uploads/daily-reports/psp-reports/2024-2025/06.12.24_NLDC_PSP.xls,2026-09-24T17:09:14.859034,ok
2024-12-07,16024.0,0.0,322.78,2024-12-08,grid_india_psp_report,files/grdw/uploads/daily-reports/psp-reports/2024-2025/07.12.24_NLDC_PSP.xls,https://webcdn.grid-india.in/files/grdw/uploads/daily-reports/psp-reports/2024-2025/07.12.24_NLDC_PSP.xls,2026-09-24T17:09:16.207800,ok
2024-12-08,14107.0,0.0,301.51,2024-12-09,grid_india_psp_report,files/grdw/uploads/daily-reports/psp-reports/2024-2025/08.12.24_NLDC_PSP.xls,https://webcdn.grid-india.in/files/grdw/uploads/daily-reports/psp-reports/2024-2025/08.12.24_NLDC_PSP.xls,2026-09-24T17:09:17.709970,ok
2024-12-09,16208.0,0.0,327.39,2024-12-10,grid_india_psp_report,files/grdw/uploads/daily-reports/psp-reports/2024-2025/09.12.24_NLDC_PSP.xls,https://webcdn.grid-india.in/files/grdw/uploads/daily-reports/psp-reports/2024-2025/09.12.24_NLDC_PSP.xls,2026-09-24T17:09:18.942498,ok
2024-12-10,16307.0,0.0,339.1,2024-12-11,grid_india_psp_report,files/grdw/uploads/daily-reports/psp-reports/2024-2025/10.12.24_NLDC_PSP.xls,https://webcdn.grid-india.in/files/grdw/uploads/daily-reports/psp-reports/2024-2025/10.12.24_NLDC_PSP.xls,2026-09-24T17:11:34.785597,ok
2024-12-11,15848.0,0.0,324.97,2024-12-12,grid_india_psp_report,files/grdw/uploads/daily-reports/psp-reports/2024-2025/11.12.24_NLDC_PSP.xls,https://webcdn.grid-india.in/files/grdw/uploads/daily-reports/psp-reports/2024-2025/11.12.24_NLDC_PSP.xls,2026-09-24T17:11:35.925939,ok
2024-12-12,14419.0,0.0,295.67,2024-12-13,grid_india_psp_report,files/grdw/uploads/daily-reports/psp-reports/2024-2025/12.12.24_NLDC_PSP.xls,https://webcdn.grid-india.in/files/grdw/uploads/daily-reports/psp-reports/2024-2025/12.12.24_NLDC_PSP.xls,2026-09-24T17:11:37.445539,ok
2024-12-13,14504.0,0.0,286.17,2024-12-14,grid_india_psp_report,files/grdw/uploads/daily-reports/psp-reports/2024-2025/13.12.24_NLDC_PSP.xls,https://webcdn.grid-india.in/files/grdw/uploads/daily-reports/psp-reports/2024-2025/13.12.24_NLDC_PSP.xls,2026-09-24T17:11:38.645332,ok
2024-12-14,14384.0,0.0,280.06,2024-12-15,grid_india_psp_report,files/grdw/uploads/daily-reports/psp-reports/2024-2025/14.12.24_NLDC_PSP.xls,https://webcdn.grid-india.in/files/grdw/uploads/daily-reports/psp-reports/2024-2025/14.12.24_NLDC_PSP.xls,2026-09-24T17:11:39.874681,ok
2024-12-15,11688.0,0.0,242.94,2024-12-16,grid_india_psp_report,files/grdw/uploads/daily-reports/psp-reports/2024-2025/15.12.24_NLDC_PSP.xls,https://webcdn.grid-india.in/files/grdw/uploads/daily-reports/psp-reports/2024-2025/15.12.24_NLDC_PSP.xls,2026-09-24T17:11:41.195145,ok
2024-12-16,14695.0,0.0,275.84,2024-12-17,grid_india_psp_report,files/grdw/uploads/daily-reports/psp-reports/2024-2025/16.12.24_NLDC_PSP.xls,https://webcdn.grid-india.in/files/grdw/uploads/daily-reports/psp-reports/2024-2025/16.12.24_NLDC_PSP.xls,2026-09-24T17:11:42.846542,ok
2024-12-17,15002.0,0.0,293.18,2024-12-18,grid_india_psp_report,files/grdw/uploads/daily-reports/psp-reports/2024-2025/17.12.24_NLDC_PSP.xls,https://webcdn.grid-india.in/files/grdw/uploads/daily-reports/psp-reports/2024-2025/17.12.24_NLDC_PSP.xls,2026-09-24T17:11:44.499450,ok
2024-12-18,15334.0,0.0,306.47,2024-12-19,grid_india_psp_report,files/grdw/uploads/daily-reports/psp-reports/2024-2025/18.12.24_NLDC_PSP.xls,https://webcdn.grid-india.in/files/grdw/uploads/daily-reports/psp-reports/2024-2025/18.12.24_NLDC_PSP.xls,2026-09-24T17:11:45.787777,ok
2024-12-19,15801.0,0.0,311.87,2024-12-20,grid_india_psp_report,files/grdw/uploads/daily-reports/psp-reports/2024-2025/19.12.24_NLDC_PSP.xls,https://webcdn.grid-india.in/files/grdw/uploads/daily-reports/psp-reports/2024-2025/19.12.24_NLDC_PSP.xls,2026-09-24T17:11:47.196847,ok
2024-12-20,15785.0,0.0,325.67,2024-12-21,grid_india_psp_report,files/grdw/uploads/daily-reports/psp-reports/2024-2025/20.12.24_NLDC_PSP.xls,https://webcdn.grid-india.in/files/grdw/uploads/daily-reports/psp-reports/2024-2025/20.12.24_NLDC_PSP.xls,2026-09-24T17:11:48.757296,ok
2024-12-21,15547.0,0.0,307.57,2024-12-22,grid_india_psp_report,files/grdw/uploads/daily-reports/psp-reports/2024-2025/21.12.24_NLDC_PSP.xls,https://webcdn.grid-india.in/files/grdw/uploads/daily-reports/psp-reports/2024-2025/21.12.24_NLDC_PSP.xls,2026-09-24T17:11:50.048241,ok
2024-12-22,13322.0,0.0,290.78,2024-12-23,grid_india_psp_report,files/grdw/uploads/daily-reports/psp-reports/2024-2025/22.12.24_NLDC_PSP.xls,https://webcdn.grid-india.in/files/grdw/uploads/daily-reports/psp-reports/2024-2025/22.12.24_NLDC_PSP.xls,2026-09-24T17:11:51.580505,ok
2024-12-23,16056.0,0.0,315.68,2024-12-24,grid_india_psp_report,files/grdw/uploads/daily-reports/psp-reports/2024-2025/23.12.24_NLDC_PSP.xls,https://webcdn.grid-india.in/files/grdw/uploads/daily-reports/psp-reports/2024-2025/23.12.24_NLDC_PSP.xls,2026-09-24T17:11:53.048324,ok
2024-12-24,15900.0,0.0,328.65,2024-12-25,grid_india_psp_report,files/grdw/uploads/daily-reports/psp-reports/2024-2025/24.12.24_NLDC_PSP.xls,https://webcdn.grid-india.in/files/grdw/uploads/daily-reports/psp-reports/2024-2025/24.12.24_NLDC_PSP.xls,2026-09-24T17:11:55.009254,ok
2024-12-25,15353.0,0.0,321.28,2024-12-26,grid_india_psp_report,files/grdw/uploads/daily-reports/psp-reports/2024-2025/25.12.24_NLDC_PSP.xls,https://webcdn.grid-india.in/files/grdw/uploads/daily-reports/psp-reports/2024-2025/25.12.24_NLDC_PSP.xls,2026-09-24T17:11:57.539545,ok
2024-12-26,15768.0,0.0,315.54,2024-12-27,grid_india_psp_report,files/grdw/uploads/daily-reports/psp-reports/2024-2025/26.12.24_NLDC_PSP.xls,https://webcdn.grid-india.in/files/grdw/uploads/daily-reports/psp-reports/2024-2025/26.12.24_NLDC_PSP.xls,2026-09-24T17:11:59.181208,ok
2024-12-27,15453.0,0.0,317.99,2024-12-28,grid_india_psp_report,files/grdw/uploads/daily-reports/psp-reports/2024-2025/27.12.24_NLDC_PSP.xls,https://webcdn.grid-india.in/files/grdw/uploads/daily-reports/psp-reports/2024-2025/27.12.24_NLDC_PSP.xls,2026-09-24T17:12:00.548201,ok
2024-12-28,15329.0,0.0,314.12,2024-12-29,grid_india_psp_report,files/grdw/uploads/daily-reports/psp-reports/2024-2025/28.12.24_NLDC_PSP.xls,https://webcdn.grid-india.in/files/grdw/uploads/daily-reports/psp-reports/2024-2025/28.12.24_NLDC_PSP.xls,2026-09-24T17:12:01.838792,ok
2024-12-29,13417.0,0.0,285.12,2024-12-30,grid_india_psp_report,files/grdw/uploads/daily-reports/psp-reports/2024-2025/29.12.24_NLDC_PSP.xls,https://webcdn.grid-india.in/files/grdw/uploads/daily-reports/psp-reports/2024-2025/29.12.24_NLDC_PSP.xls,2026-09-24T17:12:03.251274,ok
2025-01-01,14019.0,0.0,294.66,2025-01-02,grid_india_psp_report,files/grdw/uploads/daily-reports/psp-reports/2024-2025/01.01.25_NLDC_PSP.xls,https://webcdn.grid-india.in/files/grdw/uploads/daily-reports/psp-reports/2024-2025/01.01.25_NLDC_PSP.xls,2026-09-24T17:12:24.426313,ok
2025-01-02,15658.0,0.0,316.1,2025-01-03,grid_india_psp_report,files/grdw/uploads/daily-reports/psp-reports/2024-2025/02.01.25_NLDC_PSP.xls,https://webcdn.grid-india.in/files/grdw/uploads/daily-reports/psp-reports/2024-2025/02.01.25_NLDC_PSP.xls,2026-09-24T17:12:25.158488,ok
2025-01-03,15954.0,0.0,328.74,2025-01-04,grid_india_psp_report,files/grdw/uploads/daily-reports/psp-reports/2024-2025/03.01.25_NLDC_PSP.xls,https://webcdn.grid-india.in/files/grdw/uploads/daily-reports/psp-reports/2024-2025/03.01.25_NLDC_PSP.xls,2026-09-24T17:12:26.564295,ok
2025-01-04,15906.0,0.0,316.62,2025-01-05,grid_india_psp_report,files/grdw/uploads/daily-reports/psp-reports/2024-2025/04.01.25_NLDC_PSP.xls,https://webcdn.grid-india.in/files/grdw/uploads/daily-reports/psp-reports/2024-2025/04.01.25_NLDC_PSP.xls,2026-09-24T17:12:28.860501,ok
2025-01-05,14496.0,0.0,303.77,2025-01-06,grid_india_psp_report,files/grdw/uploads/daily-reports/psp-reports/2024-2025/05.01.25_NLDC_PSP.xls,https://webcdn.grid-india.in/files/grdw/uploads/daily-reports/psp-reports/2024-2025/05.01.25_NLDC_PSP.xls,2026-09-24T17:12:30.205285,ok
2025-01-06,16417.0,0.0,329.34,2025-01-07,grid_india_psp_report,files/grdw/uploads/daily-reports/psp-reports/2024-2025/06.01.25_NLDC_PSP.xls,https://webcdn.grid-india.in/files/grdw/uploads/daily-reports/psp-reports/2024-2025/06.01.25_NLDC_PSP.xls,2026-09-24T17:12:31.269618,ok
2025-01-07,16607.0,0.0,342.38,2025-01-08,grid_india_psp_report,files/grdw/uploads/daily-reports/psp-reports/2024-2025/07.01.25_NLDC_PSP.xls,https://webcdn.grid-india.in/files/grdw/uploads/daily-reports/psp-reports/2024-2025/07.01.25_NLDC_PSP.xls,2026-09-24T17:12:32.637650,ok
2025-01-08,16633.0,0.0,344.2,2025-01-09,grid_india_psp_report,files/grdw/uploads/daily-reports/psp-reports/2024-2025/08.01.25_NLDC_PSP.xls,https://webcdn.grid-india.in/files/grdw/uploads/daily-reports/psp-reports/2024-2025/08.01.25_NLDC_PSP.xls,2026-09-24T17:12:34.308349,ok
2025-01-09,16587.0,0.0,342.91,2025-01-10,grid_india_psp_report,files/grdw/uploads/daily-reports/psp-reports/2024-2025/09.01.25_NLDC_PSP.xls,https://webcdn.grid-india.in/files/grdw/uploads/daily-reports/psp-reports/2024-2025/09.01.25_NLDC_PSP.xls,2026-09-24T17:12:35.767292,ok
2025-01-10,16654.0,0.0,340.67,2025-01-11,grid_india_psp_report,files/grdw/uploads/daily-reports/psp-reports/2024-2025/10.01.25_NLDC_PSP.xls,https://webcdn.grid-india.in/files/grdw/uploads/daily-reports/psp-reports/2024-2025/10.01.25_NLDC_PSP.xls,2026-09-24T17:12:37.208359,ok
2025-01-11,16437.0,0.0,335.07,2025-01-12,grid_india_psp_report,files/grdw/uploads/daily-reports/psp-reports/2024-2025/11.01.25_NLDC_PSP.xls,https://webcdn.grid-india.in/files/grdw/uploads/daily-reports/psp-reports/2024-2025/11.01.25_NLDC_PSP.xls,2026-09-24T17:12:38.616229,ok
2025-01-12,14888.0,0.0,305.64,2025-01-13,grid_india_psp_report,files/grdw/uploads/daily-reports/psp-reports/2024-2025/12.01.25_NLDC_PSP.xls,https://webcdn.grid-india.in/files/grdw/uploads/daily-reports/psp-reports/2024-2025/12.01.25_NLDC_PSP.xls,2026-09-24T17:12:40.149754,ok
2025-01-13,15498.0,0.0,305.51,2025-01-14,grid_india_psp_report,files/grdw/uploads/daily-reports/psp-reports/2024-2025/13.01.25_NLDC_PSP.xls,https://webcdn.grid-india.in/files/grdw/uploads/daily-reports/psp-reports/2024-2025/13.01.25_NLDC_PSP.xls,2026-09-24T17:12:41.924177,ok
2025-01-14,12629.0,0.0,252.18,2025-01-15,grid_india_psp_report,files/grdw/uploads/daily-reports/psp-reports/2024-2025/14.01.25_NLDC_PSP.xls,https://webcdn.grid-india.in/files/grdw/uploads/daily-reports/psp-reports/2024-2025/14.01.25_NLDC_PSP.xls,2026-09-24T17:12:43.358166,ok
2025-01-15,12012.0,0.0,239.87,2025-01-16,grid_india_psp_report,files/grdw/uploads/daily-reports/psp-reports/2024-2025/15.01.25_NLDC_PSP.xls,https://webcdn.grid-india.in/files/grdw/uploads/daily-reports/psp-reports/2024-2025/15.01.25_NLDC_PSP.xls,2026-09-24T17:12:44.849074,ok
2025-01-16,13080.0,0.0,261.35,2025-01-17,grid_india_psp_report,files/grdw/uploads/daily-reports/psp-reports/2024-2025/16.01.25_NLDC_PSP.xls,https://webcdn.grid-india.in/files/grdw/uploads/daily-reports/psp-reports/2024-2025/16.01.25_NLDC_PSP.xls,2026-09-24T17:12:46.627483,ok
2025-01-17,15098.0,0.0,298.5,2025-01-18,grid_india_psp_report,files/grdw/uploads/daily-reports/psp-reports/2024-2025/17.01.25_NLDC_PSP.xls,https://webcdn.grid-india.in/files/grdw/uploads/daily-reports/psp-reports/2024-2025/17.01.25_NLDC_PSP.xls,2026-09-24T17:12:48.628079,ok
2025-01-18,15080.0,0.0,302.9,2025-01-19,grid_india_psp_report,files/grdw/uploads/daily-reports/psp-reports/2024-2025/18.01.25_NLDC_PSP.xls,https://webcdn.grid-india.in/files/grdw/uploads/daily-reports/psp-reports/2024-2025/18.01.25_NLDC_PSP.xls,2026-09-24T17:12:49.818515,ok
2025-01-19,12990.0,0.0,273.19,2025-01-20,grid_india_psp_report,files/grdw/uploads/daily-reports/psp-reports/2024-2025/19.01.25_NLDC_PSP.xls,https://webcdn.grid-india.in/files/grdw/uploads/daily-reports/psp-reports/2024-2025/19.01.25_NLDC_PSP.xls,2026-09-24T17:12:51.037036,ok
2025-01-20,14919.0,0.0,292.13,2025-01-21,grid_india_psp_report,files/grdw/uploads/daily-reports/psp-reports/2024-2025/20.01.25_NLDC_PSP.xls,https://webcdn.grid-india.in/files/grdw/uploads/daily-reports/psp-reports/2024-2025/20.01.25_NLDC_PSP.xls,2026-09-24T17:12:52.586694,ok
2025-01-21,15600.0,0.0,302.98,2025-01-22,grid_india_psp_report,files/grdw/uploads/daily-reports/psp-reports/2024-2025/21.01.25_NLDC_PSP.xls,https://webcdn.grid-india.in/files/grdw/uploads/daily-reports/psp-reports/2024-2025/21.01.25_NLDC_PSP.xls,2026-09-24T17:12:54.066002,ok
2025-01-22,16037.0,0.0,313.29,2025-01-23,grid_india_psp_report,files/grdw/uploads/daily-reports/psp-reports/2024-2025/22.01.25_NLDC_PSP.xls,https://webcdn.grid-india.in/files/grdw/uploads/daily-reports/psp-reports/2024-2025/22.01.25_NLDC_PSP.xls,2026-09-24T17:12:55.476810,ok
2025-01-23,16154.0,0.0,325.81,2025-01-24,grid_india_psp_report,files/grdw/uploads/daily-reports/psp-reports/2024-2025/23.01.25_NLDC_PSP.xls,https://webcdn.grid-india.in/files/grdw/uploads/daily-reports/psp-reports/2024-2025/23.01.25_NLDC_PSP.xls,2026-09-24T17:12:56.826737,ok
2025-01-24,16414.0,0.0,330.56,2025-01-25,grid_india_psp_report,files/grdw/uploads/daily-reports/psp-reports/2024-2025/24.01.25_NLDC_PSP.xls,https://webcdn.grid-india.in/files/grdw/uploads/daily-reports/psp-reports/2024-2025/24.01.25_NLDC_PSP.xls,2026-09-24T17:12:58.205714,ok
2025-01-25,16033.0,0.0,328.65,2025-01-26,grid_india_psp_report,files/grdw/uploads/daily-reports/psp-reports/2024-2025/25.01.25_NLDC_PSP.xls,https://webcdn.grid-india.in/files/grdw/uploads/daily-reports/psp-reports/2024-2025/25.01.25_NLDC_PSP.xls,2026-09-24T17:12:59.676289,ok
2025-01-26,13489.0,0.0,286.47,2025-01-27,grid_india_psp_report,files/grdw/uploads/daily-reports/psp-reports/2024-2025/26.01.25_NLDC_PSP.xls,https://webcdn.grid-india.in/files/grdw/uploads/daily-reports/psp-reports/2024-2025/26.01.25_NLDC_PSP.xls,2026-09-24T17:13:00.999638,ok
2025-01-27,16416.0,0.0,319.93,2025-01-28,grid_india_psp_report,files/grdw/uploads/daily-reports/psp-reports/2024-2025/27.01.25_NLDC_PSP.xls,https://webcdn.grid-india.in/files/grdw/uploads/daily-reports/psp-reports/2024-2025/27.01.25_NLDC_PSP.xls,2026-09-24T17:13:02.324140,ok
2025-01-28,16664.0,0.0,336.5,2025-01-29,grid_india_psp_report,files/grdw/uploads/daily-reports/psp-reports/2024-2025/28.01.25_NLDC_PSP.xls,https://webcdn.grid-india.in/files/grdw/uploads/daily-reports/psp-reports/2024-2025/28.01.25_NLDC_PSP.xls,2026-09-24T17:13:03.876822,ok
2025-01-29,16673.0,0.0,342.94,2025-01-30,grid_india_psp_report,files/grdw/uploads/daily-reports/psp-reports/2024-2025/29.01.25_NLDC_PSP.xls,https://webcdn.grid-india.in/files/grdw/uploads/daily-reports/psp-reports/2024-2025/29.01.25_NLDC_PSP.xls,2026-09-24T17:13:05.137844,ok
2025-01-30,17089.0,0.0,347.25,2025-01-31,grid_india_psp_report,files/grdw/uploads/daily-reports/psp-reports/2024-2025/30.01.25_NLDC_PSP.xls,https://webcdn.grid-india.in/files/grdw/uploads/daily-reports/psp-reports/2024-2025/30.01.25_NLDC_PSP.xls,2026-09-24T17:13:06.454766,ok
2025-01-31,17279.0,0.0,356.93,2025-02-01,grid_india_psp_report,files/grdw/uploads/daily-reports/psp-reports/2024-2025/31.01.25_NLDC_PSP.xls,https://webcdn.grid-india.in/files/grdw/uploads/daily-reports/psp-reports/2024-2025/31.01.25_NLDC_PSP.xls,2026-09-24T17:13:07.926725,ok
2025-02-01,16568.0,0.0,348.88,2025-02-02,grid_india_psp_report,files/grdw/uploads/daily-reports/psp-reports/2024-2025/01.02.25_NLDC_PSP.xls,https://webcdn.grid-india.in/files/grdw/uploads/daily-reports/psp-reports/2024-2025/01.02.25_NLDC_PSP.xls,2026-09-24T17:13:09.457560,ok
2025-02-02,14818.0,0.0,321.29,2025-02-03,grid_india_psp_report,files/grdw/uploads/daily-reports/psp-reports/2024-2025/02.02.25_NLDC_PSP.xls,https://webcdn.grid-india.in/files/grdw/uploads/daily-reports/psp-reports/2024-2025/02.02.25_NLDC_PSP.xls,2026-09-24T17:13:10.869420,ok
2025-02-03,16955.0,0.0,344.57,2025-02-04,grid_india_psp_report,files/grdw/uploads/daily-reports/psp-reports/2024-2025/03.02.25_NLDC_PSP.xls,https://webcdn.grid-india.in/files/grdw/uploads/daily-reports/psp-reports/2024-2025/03.02.25_NLDC_PSP.xls,2026-09-24T17:13:12.243327,ok
2025-02-04,17117.0,0.0,353.41,2025-02-05,grid_india_psp_report,files/grdw/uploads/daily-reports/psp-reports/2024-2025/04.02.25_NLDC_PSP.xls,https://webcdn.grid-india.in/files/grdw/uploads/daily-reports/psp-reports/2024-2025/04.02.25_NLDC_PSP.xls,2026-09-24T17:13:14.035805,ok
2025-02-05,17258.0,0.0,358.91,2025-02-06,grid_india_psp_report,files/grdw/uploads/daily-reports/psp-reports/2024-2025/05.02.25_NLDC_PSP.xls,https://webcdn.grid-india.in/files/grdw/uploads/daily-reports/psp-reports/2024-2025/05.02.25_NLDC_PSP.xls,2026-09-24T17:13:15.518736,ok
2025-02-06,17239.0,0.0,360.28,2025-02-07,grid_india_psp_report,files/grdw/uploads/daily-reports/psp-reports/2024-2025/06.02.25_NLDC_PSP.xls,https://webcdn.grid-india.in/files/grdw/uploads/daily-reports/psp-reports/2024-2025/06.02.25_NLDC_PSP.xls,2026-09-24T17:13:16.718139,ok
2025-02-07,17471.0,0.0,365.36,2025-02-08,grid_india_psp_report,files/grdw/uploads/daily-reports/psp-reports/2024-2025/07.02.25_NLDC_PSP.xls,https://webcdn.grid-india.in/files/grdw/uploads/daily-reports/psp-reports/2024-2025/07.02.25_NLDC_PSP.xls,2026-09-24T17:13:17.979753,ok
2025-02-08,17174.0,0.0,359.2,2025-02-09,grid_india_psp_report,files/grdw/uploads/daily-reports/psp-reports/2024-2025/08.02.25_NLDC_PSP.xls,https://webcdn.grid-india.in/files/grdw/uploads/daily-reports/psp-reports/2024-2025/08.02.25_NLDC_PSP.xls,2026-09-24T17:13:19.408944,ok
2025-02-09,14994.0,0.0,322.03,2025-02-10,grid_india_psp_report,files/grdw/uploads/daily-reports/psp-reports/2024-2025/09.02.25_NLDC_PSP.xls,https://webcdn.grid-india.in/files/grdw/uploads/daily-reports/psp-reports/2024-2025/09.02.25_NLDC_PSP.xls,2026-09-24T17:13:21.008127,ok
2025-02-10,17344.0,0.0,347.15,2025-02-11,grid_india_psp_report,files/grdw/uploads/daily-reports/psp-reports/2024-2025/10.02.25_NLDC_PSP.xls,https://webcdn.grid-india.in/files/grdw/uploads/daily-reports/psp-reports/2024-2025/10.02.25_NLDC_PSP.xls,2026-09-24T17:13:22.590746,ok
2025-02-11,17796.0,0.0,363.94,2025-02-12,grid_india_psp_report,files/grdw/uploads/daily-reports/psp-reports/2024-2025/11.02.25_NLDC_PSP.xls,https://webcdn.grid-india.in/files/grdw/uploads/daily-reports/psp-reports/2024-2025/11.02.25_NLDC_PSP.xls,2026-09-24T17:13:24.074989,ok
2025-02-12,17778.0,0.0,368.6,2025-02-13,grid_india_psp_report,files/grdw/uploads/daily-reports/psp-reports/2024-2025/12.02.25_NLDC_PSP.xls,https://webcdn.grid-india.in/files/grdw/uploads/daily-reports/psp-reports/2024-2025/12.02.25_NLDC_PSP.xls,2026-09-24T17:13:25.328257,ok
2025-02-13,17787.0,0.0,369.04,2025-02-14,grid_india_psp_report,files/grdw/uploads/daily-reports/psp-reports/2024-2025/13.02.25_NLDC_PSP.xls,https://webcdn.grid-india.in/files/grdw/uploads/daily-reports/psp-reports/2024-2025/13.02.25_NLDC_PSP.xls,2026-09-24T17:13:26.806393,ok
2025-02-14,17714.0,0.0,368.89,2025-02-15,grid_india_psp_report,files/grdw/uploads/daily-reports/psp-reports/2024-2025/14.02.25_NLDC_PSP.xls,https://webcdn.grid-india.in/files/grdw/uploads/daily-reports/psp-reports/2024-2025/14.02.25_NLDC_PSP.xls,2026-09-24T17:13:28.175477,ok
2025-02-15,17572.0,0.0,367.87,2025-02-16,grid_india_psp_report,files/grdw/uploads/daily-reports/psp-reports/2024-2025/15.02.25_NLDC_PSP.xls,https://webcdn.grid-india.in/files/grdw/uploads/daily-reports/psp-reports/2024-2025/15.02.25_NLDC_PSP.xls,2026-09-24T17:13:29.647785,ok
2025-02-16,15519.0,0.0,334.52,2025-02-17,grid_india_psp_report,files/grdw/uploads/daily-reports/psp-reports/2024-2025/16.02.25_NLDC_PSP.xls,https://webcdn.grid-india.in/files/grdw/uploads/daily-reports/psp-reports/2024-2025/16.02.25_NLDC_PSP.xls,2026-09-24T17:13:31.147204,ok
2025-02-17,18257.0,0.0,366.17,2025-02-18,grid_india_psp_report,files/grdw/uploads/daily-reports/psp-reports/2024-2025/17.02.25_NLDC_PSP.xls,https://webcdn.grid-india.in/files/grdw/uploads/daily-reports/psp-reports/2024-2025/17.02.25_NLDC_PSP.xls,2026-09-24T17:13:32.974884,ok
2025-02-18,17987.0,0.0,373.77,2025-02-19,grid_india_psp_report,files/grdw/uploads/daily-reports/psp-reports/2024-2025/18.02.25_NLDC_PSP.xls,https://webcdn.grid-india.in/files/grdw/uploads/daily-reports/psp-reports/2024-2025/18.02.25_NLDC_PSP.xls,2026-09-24T17:13:34.297994,ok
2025-02-19,18273.0,0.0,377.52,2025-02-20,grid_india_psp_report,files/grdw/uploads/daily-reports/psp-reports/2024-2025/19.02.25_NLDC_PSP.xls,https://webcdn.grid-india.in/files/grdw/uploads/daily-reports/psp-reports/2024-2025/19.02.25_NLDC_PSP.xls,2026-09-24T17:13:35.915060,ok
2025-02-20,18584.0,0.0,382.22,2025-02-21,grid_india_psp_report,files/grdw/uploads/daily-reports/psp-reports/2024-2025/20.02.25_NLDC_PSP.xls,https://webcdn.grid-india.in/files/grdw/uploads/daily-reports/psp-reports/2024-2025/20.02.25_NLDC_PSP.xls,2026-09-24T17:13:37.356732,ok
2025-02-21,18496.0,0.0,385.63,2025-02-22,grid_india_psp_report,files/grdw/uploads/daily-reports/psp-reports/2024-2025/21.02.25_NLDC_PSP.xls,https://webcdn.grid-india.in/files/grdw/uploads/daily-reports/psp-reports/2024-2025/21.02.25_NLDC_PSP.xls,2026-09-24T17:13:39.330964,ok
2025-02-22,18490.0,0.0,377.81,2025-02-23,grid_india_psp_report,files/grdw/uploads/daily-reports/psp-reports/2024-2025/22.02.25_NLDC_PSP.xls,https://webcdn.grid-india.in/files/grdw/uploads/daily-reports/psp-reports/2024-2025/22.02.25_NLDC_PSP.xls,2026-09-24T17:13:40.782939,ok
2025-02-23,16115.0,0.0,350.97,2025-02-24,grid_india_psp_report,files/grdw/uploads/daily-reports/psp-reports/2024-2025/23.02.25_NLDC_PSP.xls,https://webcdn.grid-india.in/files/grdw/uploads/daily-reports/psp-reports/2024-2025/23.02.25_NLDC_PSP.xls,2026-09-24T17:13:42.367986,ok
2025-02-24,18318.0,0.0,373.72,2025-02-25,grid_india_psp_report,files/grdw/uploads/daily-reports/psp-reports/2024-2025/24.02.25_NLDC_PSP.xls,https://webcdn.grid-india.in/files/grdw/uploads/daily-reports/psp-reports/2024-2025/24.02.25_NLDC_PSP.xls,2026-09-24T17:13:43.715513,ok
2025-02-25,18461.0,0.0,386.96,2025-02-26,grid_india_psp_report,files/grdw/uploads/daily-reports/psp-reports/2024-2025/25.02.25_NLDC_PSP.xls,https://webcdn.grid-india.in/files/grdw/uploads/daily-reports/psp-reports/2024-2025/25.02.25_NLDC_PSP.xls,2026-09-24T17:13:45.187196,ok
2025-02-26,18537.0,0.0,382.8,2025-02-27,grid_india_psp_report,files/grdw/uploads/daily-reports/psp-reports/2024-2025/26.02.25_NLDC_PSP.xls,https://webcdn.grid-india.in/files/grdw/uploads/daily-reports/psp-reports/2024-2025/26.02.25_NLDC_PSP.xls,2026-09-24T17:13:46.566762,ok
2025-02-27,17828.0,0.0,377.13,2025-02-28,grid_india_psp_report,files/grdw/uploads/daily-reports/psp-reports/2024-2025/27.02.25_NLDC_PSP.xls,https://webcdn.grid-india.in/files/grdw/uploads/daily-reports/psp-reports/2024-2025/27.02.25_NLDC_PSP.xls,2026-09-24T17:13:47.979388,ok
2025-02-28,18186.0,0.0,382.71,2025-03-01,grid_india_psp_report,files/grdw/uploads/daily-reports/psp-reports/2024-2025/28.02.25_NLDC_PSP.xls,https://webcdn.grid-india.in/files/grdw/uploads/daily-reports/psp-reports/2024-2025/28.02.25_NLDC_PSP.xls,2026-09-24T17:13:49.475989,ok
2025-03-01,17536.0,0.0,367.24,2025-03-02,grid_india_psp_report,files/grdw/uploads/daily-reports/psp-reports/2024-2025/01.03.25_NLDC_PSP.xls,https://webcdn.grid-india.in/files/grdw/uploads/daily-reports/psp-reports/2024-2025/01.03.25_NLDC_PSP.xls,2026-09-24T17:13:50.641613,ok
2025-03-02,15350.0,0.0,337.29,2025-03-03,grid_india_psp_report,files/grdw/uploads/daily-reports/psp-reports/2024-2025/02.03.25_NLDC_PSP.xls,https://webcdn.grid-india.in/files/grdw/uploads/daily-reports/psp-reports/2024-2025/02.03.25_NLDC_PSP.xls,2026-09-24T17:13:51.848155,ok
2025-03-03,17934.0,0.0,370.53,2025-03-04,grid_india_psp_report,files/grdw/uploads/daily-reports/psp-reports/2024-2025/03.03.25_NLDC_PSP.xls,https://webcdn.grid-india.in/files/grdw/uploads/daily-reports/psp-reports/2024-2025/03.03.25_NLDC_PSP.xls,2026-09-24T17:13:53.262646,ok
2025-03-04,18006.0,0.0,384.9,2025-03-05,grid_india_psp_report,files/grdw/uploads/daily-reports/psp-reports/2024-2025/04.03.25_NLDC_PSP.xls,https://webcdn.grid-india.in/files/grdw/uploads/daily-reports/psp-reports/2024-2025/04.03.25_NLDC_PSP.xls,2026-09-24T17:13:54.668762,ok
2025-03-05,18341.0,0.0,388.55,2025-03-06,grid_india_psp_report,files/grdw/uploads/daily-reports/psp-reports/2024-2025/05.03.25_NLDC_PSP.xls,https://webcdn.grid-india.in/files/grdw/uploads/daily-reports/psp-reports/2024-2025/05.03.25_NLDC_PSP.xls,2026-09-24T17:13:55.890801,ok
2025-03-06,18702.0,0.0,391.98,2025-03-07,grid_india_psp_report,files/grdw/uploads/daily-reports/psp-reports/2024-2025/06.03.25_NLDC_PSP.xls,https://webcdn.grid-india.in/files/grdw/uploads/daily-reports/psp-reports/2024-2025/06.03.25_NLDC_PSP.xls,2026-09-24T17:13:57.230061,ok
2025-03-07,19126.0,0.0,399.24,2025-03-08,grid_india_psp_report,files/grdw/uploads/daily-reports/psp-reports/2024-2025/07.03.25_NLDC_PSP.xls,https://webcdn.grid-india.in/files/grdw/uploads/daily-reports/psp-reports/2024-2025/07.03.25_NLDC_PSP.xls,2026-09-24T17:13:58.868851,ok
2025-03-08,18954.0,0.0,394.22,2025-03-09,grid_india_psp_report,files/grdw/uploads/daily-reports/psp-reports/2024-2025/08.03.25_NLDC_PSP.xls,https://webcdn.grid-india.in/files/grdw/uploads/daily-reports/psp-reports/2024-2025/08.03.25_NLDC_PSP.xls,2026-09-24T17:14:00.227772,ok
2025-03-09,16279.0,0.0,352.95,2025-03-10,grid_india_psp_report,files/grdw/uploads/daily-reports/psp-reports/2024-2025/09.03.25_NLDC_PSP.xls,https://webcdn.grid-india.in/files/grdw/uploads/daily-reports/psp-reports/2024-2025/09.03.25_NLDC_PSP.xls,2026-09-24T17:14:01.682104,ok
2025-03-10,18283.0,0.0,373.6,2025-03-11,grid_india_psp_report,files/grdw/uploads/daily-reports/psp-reports/2024-2025/10.03.25_NLDC_PSP.xls,https://webcdn.grid-india.in/files/grdw/uploads/daily-reports/psp-reports/2024-2025/10.03.25_NLDC_PSP.xls,2026-09-24T17:14:03.194321,ok
2025-03-11,18077.0,0.0,363.47,2025-03-12,grid_india_psp_report,files/grdw/uploads/daily-reports/psp-reports/2024-2025/11.03.25_NLDC_PSP.xls,https://webcdn.grid-india.in/files/grdw/uploads/daily-reports/psp-reports/2024-2025/11.03.25_NLDC_PSP.xls,2026-09-24T17:14:04.414359,ok
2025-03-12,15942.0,0.0,333.06,2025-03-13,grid_india_psp_report,files/grdw/uploads/daily-reports/psp-reports/2024-2025/12.03.25_NLDC_PSP.xls,https://webcdn.grid-india.in/files/grdw/uploads/daily-reports/psp-reports/2024-2025/12.03.25_NLDC_PSP.xls,2026-09-24T17:14:06.672867,ok
2025-03-13,16691.0,0.0,339.1,2025-03-14,grid_india_psp_report,files/grdw/uploads/daily-reports/psp-reports/2024-2025/13.03.25_NLDC_PSP.xls,https://webcdn.grid-india.in/files/grdw/uploads/daily-reports/psp-reports/2024-2025/13.03.25_NLDC_PSP.xls,2026-09-24T17:14:08.019770,ok
2025-03-14,15980.0,0.0,344.24,2025-03-15,grid_india_psp_report,files/grdw/uploads/daily-reports/psp-reports/2024-2025/14.03.25_NLDC_PSP.xls,https://webcdn.grid-india.in/files/grdw/uploads/daily-reports/psp-reports/2024-2025/14.03.25_NLDC_PSP.xls,2026-09-24T17:14:09.576027,ok
2025-03-15,16453.0,0.0,346.92,2025-03-16,grid_india_psp_report,files/grdw/uploads/daily-reports/psp-reports/2024-2025/15.03.25_NLDC_PSP.xls,https://webcdn.grid-india.in/files/grdw/uploads/daily-reports/psp-reports/2024-2025/15.03.25_NLDC_PSP.xls,2026-09-24T17:14:11.106906,ok
2025-03-16,15307.0,0.0,338.82,2025-03-17,grid_india_psp_report,files/grdw/uploads/daily-reports/psp-reports/2024-2025/16.03.25_NLDC_PSP.xls,https://webcdn.grid-india.in/files/grdw/uploads/daily-reports/psp-reports/2024-2025/16.03.25_NLDC_PSP.xls,2026-09-24T17:14:15.428319,ok
2025-03-17,18121.0,0.0,381.23,2025-03-18,grid_india_psp_report,files/grdw/uploads/daily-reports/psp-reports/2024-2025/17.03.25_NLDC_PSP.xls,https://webcdn.grid-india.in/files/grdw/uploads/daily-reports/psp-reports/2024-2025/17.03.25_NLDC_PSP.xls,2026-09-24T17:14:17.251589,ok
2025-03-18,19226.0,0.0,399.46,2025-03-19,grid_india_psp_report,files/grdw/uploads/daily-reports/psp-reports/2024-2025/18.03.25_NLDC_PSP.xls,https://webcdn.grid-india.in/files/grdw/uploads/daily-reports/psp-reports/2024-2025/18.03.25_NLDC_PSP.xls,2026-09-24T17:14:18.998188,ok
2025-03-19,19072.0,0.0,404.18,2025-03-20,grid_india_psp_report,files/grdw/uploads/daily-reports/psp-reports/2024-2025/19.03.25_NLDC_PSP.xls,https://webcdn.grid-india.in/files/grdw/uploads/daily-reports/psp-reports/2024-2025/19.03.25_NLDC_PSP.xls,2026-09-24T17:14:20.403152,ok
2025-03-20,19500.0,0.0,406.47,2025-03-21,grid_india_psp_report,files/grdw/uploads/daily-reports/psp-reports/2024-2025/20.03.25_NLDC_PSP.xls,https://webcdn.grid-india.in/files/grdw/uploads/daily-reports/psp-reports/2024-2025/20.03.25_NLDC_PSP.xls,2026-09-24T17:14:21.548155,ok
2025-03-21,19322.0,0.0,410.14,2025-03-22,grid_india_psp_report,files/grdw/uploads/daily-reports/psp-reports/2024-2025/21.03.25_NLDC_PSP.xls,https://webcdn.grid-india.in/files/grdw/uploads/daily-reports/psp-reports/2024-2025/21.03.25_NLDC_PSP.xls,2026-09-24T17:14:22.931922,ok
2025-03-22,19080.0,0.0,406.16,2025-03-23,grid_india_psp_report,files/grdw/uploads/daily-reports/psp-reports/2024-2025/22.03.25_NLDC_PSP.xls,https://webcdn.grid-india.in/files/grdw/uploads/daily-reports/psp-reports/2024-2025/22.03.25_NLDC_PSP.xls,2026-09-24T17:14:24.554616,ok
2025-03-23,16481.0,0.0,371.15,2025-03-24,grid_india_psp_report,files/grdw/uploads/daily-reports/psp-reports/2024-2025/23.03.25_NLDC_PSP.xls,https://webcdn.grid-india.in/files/grdw/uploads/daily-reports/psp-reports/2024-2025/23.03.25_NLDC_PSP.xls,2026-09-24T17:14:25.687529,ok
2025-03-24,19251.0,0.0,399.11,2025-03-25,grid_india_psp_report,files/grdw/uploads/daily-reports/psp-reports/2024-2025/24.03.25_NLDC_PSP.xls,https://webcdn.grid-india.in/files/grdw/uploads/daily-reports/psp-reports/2024-2025/24.03.25_NLDC_PSP.xls,2026-09-24T17:14:27.216317,ok
2025-03-25,19143.0,0.0,411.98,2025-03-26,grid_india_psp_report,files/grdw/uploads/daily-reports/psp-reports/2024-2025/25.03.25_NLDC_PSP.xls,https://webcdn.grid-india.in/files/grdw/uploads/daily-reports/psp-reports/2024-2025/25.03.25_NLDC_PSP.xls,2026-09-24T17:14:29.022898,ok
2025-03-26,19328.0,0.0,412.61,2025-03-27,grid_india_psp_report,files/grdw/uploads/daily-reports/psp-reports/2024-2025/26.03.25_NLDC_PSP.xls,https://webcdn.grid-india.in/files/grdw/uploads/daily-reports/psp-reports/2024-2025/26.03.25_NLDC_PSP.xls,2026-09-24T17:14:30.697771,ok
2025-03-27,19372.0,0.0,418.22,2025-03-28,grid_india_psp_report,files/grdw/uploads/daily-reports/psp-reports/2024-2025/27.03.25_NLDC_PSP.xls,https://webcdn.grid-india.in/files/grdw/uploads/daily-reports/psp-reports/2024-2025/27.03.25_NLDC_PSP.xls,2026-09-24T17:14:32.325056,ok
2025-03-28,19939.0,0.0,425.06,2025-03-29,grid_india_psp_report,files/grdw/uploads/daily-reports/psp-reports/2024-2025/28.03.25_NLDC_PSP.xls,https://webcdn.grid-india.in/files/grdw/uploads/daily-reports/psp-reports/2024-2025/28.03.25_NLDC_PSP.xls,2026-09-24T17:14:33.846128,ok
2025-03-29,19065.0,0.0,414.79,2025-03-30,grid_india_psp_report,files/grdw/uploads/daily-reports/psp-reports/2024-2025/29.03.25_NLDC_PSP.xls,https://webcdn.grid-india.in/files/grdw/uploads/daily-reports/psp-reports/2024-2025/29.03.25_NLDC_PSP.xls,2026-09-24T17:14:35.111584,ok
2025-03-30,17040.0,0.0,381.98,2025-03-31,grid_india_psp_report,files/grdw/uploads/daily-reports/psp-reports/2024-2025/30.03.25_NLDC_PSP.xls,https://webcdn.grid-india.in/files/grdw/uploads/daily-reports/psp-reports/2024-2025/30.03.25_NLDC_PSP.xls,2026-09-24T17:14:38.167233,ok
2025-03-31,18916.0,0.0,395.1,2025-04-01,grid_india_psp_report,files/grdw/uploads/daily-reports/psp-reports/2024-2025/31.03.25_NLDC_PSP.xls,https://webcdn.grid-india.in/files/grdw/uploads/daily-reports/psp-reports/2024-2025/31.03.25_NLDC_PSP.xls,2026-09-24T17:14:41.052912,ok
2025-04-01,19001.0,0.0,405.01,2025-04-02,grid_india_psp_report,files/grdw/uploads/daily-reports/psp-reports/2025-2026/01.04.25_NLDC_PSP.xls,https://webcdn.grid-india.in/files/grdw/uploads/daily-reports/psp-reports/2025-2026/01.04.25_NLDC_PSP.xls,2026-09-24T17:14:45.155200,ok
2025-04-02,19160.0,0.0,410.16,2025-04-03,grid_india_psp_report,files/grdw/uploads/daily-reports/psp-reports/2025-2026/02.04.25_NLDC_PSP.xls,https://webcdn.grid-india.in/files/grdw/uploads/daily-reports/psp-reports/2025-2026/02.04.25_NLDC_PSP.xls,2026-09-24T17:14:46.624970,ok
2025-04-03,17043.0,0.0,381.95,2025-04-04,grid_india_psp_report,files/grdw/uploads/daily-reports/psp-reports/2025-2026/03.04.25_NLDC_PSP.xls,https://webcdn.grid-india.in/files/grdw/uploads/daily-reports/psp-reports/2025-2026/03.04.25_NLDC_PSP.xls,2026-09-24T17:14:47.985809,ok
2025-04-04,17332.0,0.0,372.38,2025-04-05,grid_india_psp_report,files/grdw/uploads/daily-reports/psp-reports/2025-2026/04.04.25_NLDC_PSP.xls,https://webcdn.grid-india.in/files/grdw/uploads/daily-reports/psp-reports/2025-2026/04.04.25_NLDC_PSP.xls,2026-09-24T17:14:49.381748,ok
2025-04-05,16947.0,0.0,366.36,2025-04-06,grid_india_psp_report,files/grdw/uploads/daily-reports/psp-reports/2025-2026/05.04.25_NLDC_PSP.xls,https://webcdn.grid-india.in/files/grdw/uploads/daily-reports/psp-reports/2025-2026/05.04.25_NLDC_PSP.xls,2026-09-24T17:14:50.712348,ok
2025-04-06,15230.0,0.0,342.36,2025-04-07,grid_india_psp_report,files/grdw/uploads/daily-reports/psp-reports/2025-2026/06.04.25_NLDC_PSP.xls,https://webcdn.grid-india.in/files/grdw/uploads/daily-reports/psp-reports/2025-2026/06.04.25_NLDC_PSP.xls,2026-09-24T17:14:52.175477,ok
2025-04-07,17791.0,0.0,364.08,2025-04-08,grid_india_psp_report,files/grdw/uploads/daily-reports/psp-reports/2025-2026/07.04.25_NLDC_PSP.xls,https://webcdn.grid-india.in/files/grdw/uploads/daily-reports/psp-reports/2025-2026/07.04.25_NLDC_PSP.xls,2026-09-24T17:14:53.706078,ok
2025-04-08,18235.0,0.0,394.63,2025-04-09,grid_india_psp_report,files/grdw/uploads/daily-reports/psp-reports/2025-2026/08.04.25_NLDC_PSP.xls,https://webcdn.grid-india.in/files/grdw/uploads/daily-reports/psp-reports/2025-2026/08.04.25_NLDC_PSP.xls,2026-09-24T17:14:55.474690,ok
2025-04-09,18570.0,0.0,399.11,2025-04-10,grid_india_psp_report,files/grdw/uploads/daily-reports/psp-reports/2025-2026/09.04.25_NLDC_PSP.xls,https://webcdn.grid-india.in/files/grdw/uploads/daily-reports/psp-reports/2025-2026/09.04.25_NLDC_PSP.xls,2026-09-24T17:14:57.078026,ok
2025-04-10,18799.0,0.0,402.22,2025-04-11,grid_india_psp_report,files/grdw/uploads/daily-reports/psp-reports/2025-2026/10.04.25_NLDC_PSP.xls,https://webcdn.grid-india.in/files/grdw/uploads/daily-reports/psp-reports/2025-2026/10.04.25_NLDC_PSP.xls,2026-09-24T17:14:58.300900,ok
2025-04-11,17936.0,0.0,387.44,2025-04-12,grid_india_psp_report,files/grdw/uploads/daily-reports/psp-reports/2025-2026/11.04.25_NLDC_PSP.xls,https://webcdn.grid-india.in/files/grdw/uploads/daily-reports/psp-reports/2025-2026/11.04.25_NLDC_PSP.xls,2026-09-24T17:14:59.847061,ok
2025-04-12,17631.0,0.0,371.06,2025-04-13,grid_india_psp_report,files/grdw/uploads/daily-reports/psp-reports/2025-2026/12.04.25_NLDC_PSP.xls,https://webcdn.grid-india.in/files/grdw/uploads/daily-reports/psp-reports/2025-2026/12.04.25_NLDC_PSP.xls,2026-09-24T17:15:01.326025,ok
2025-04-13,16487.0,0.0,360.64,2025-04-14,grid_india_psp_report,files/grdw/uploads/daily-reports/psp-reports/2025-2026/13.04.25_NLDC_PSP.xls,https://webcdn.grid-india.in/files/grdw/uploads/daily-reports/psp-reports/2025-2026/13.04.25_NLDC_PSP.xls,2026-09-24T17:15:02.769808,ok
2025-04-14,16823.0,0.0,361.52,2025-04-15,grid_india_psp_report,files/grdw/uploads/daily-reports/psp-reports/2025-2026/14.04.25_NLDC_PSP.xls,https://webcdn.grid-india.in/files/grdw/uploads/daily-reports/psp-reports/2025-2026/14.04.25_NLDC_PSP.xls,2026-09-24T17:15:04.239174,ok
2025-04-15,18582.0,0.0,380.63,2025-04-16,grid_india_psp_report,files/grdw/uploads/daily-reports/psp-reports/2025-2026/15.04.25_NLDC_PSP.xls,https://webcdn.grid-india.in/files/grdw/uploads/daily-reports/psp-reports/2025-2026/15.04.25_NLDC_PSP.xls,2026-09-24T17:15:07.200155,ok
2025-04-16,17685.0,0.0,385.56,2025-04-17,grid_india_psp_report,files/grdw/uploads/daily-reports/psp-reports/2025-2026/16.04.25_NLDC_PSP.xls,https://webcdn.grid-india.in/files/grdw/uploads/daily-reports/psp-reports/2025-2026/16.04.25_NLDC_PSP.xls,2026-09-24T17:15:08.570122,ok
2025-04-17,18470.0,0.0,394.91,2025-04-18,grid_india_psp_report,files/grdw/uploads/daily-reports/psp-reports/2025-2026/17.04.25_NLDC_PSP.xls,https://webcdn.grid-india.in/files/grdw/uploads/daily-reports/psp-reports/2025-2026/17.04.25_NLDC_PSP.xls,2026-09-24T17:15:10.084239,ok
2025-04-18,18415.0,0.0,400.49,2025-04-19,grid_india_psp_report,files/grdw/uploads/daily-reports/psp-reports/2025-2026/18.04.25_NLDC_PSP.xls,https://webcdn.grid-india.in/files/grdw/uploads/daily-reports/psp-reports/2025-2026/18.04.25_NLDC_PSP.xls,2026-09-24T17:15:11.487563,ok
2025-04-19,18449.0,0.0,401.36,2025-04-20,grid_india_psp_report,files/grdw/uploads/daily-reports/psp-reports/2025-2026/19.04.25_NLDC_PSP.xls,https://webcdn.grid-india.in/files/grdw/uploads/daily-reports/psp-reports/2025-2026/19.04.25_NLDC_PSP.xls,2026-09-24T17:15:12.905900,ok
2025-04-20,16895.0,0.0,378.91,2025-04-21,grid_india_psp_report,files/grdw/uploads/daily-reports/psp-reports/2025-2026/20.04.25_NLDC_PSP.xls,https://webcdn.grid-india.in/files/grdw/uploads/daily-reports/psp-reports/2025-2026/20.04.25_NLDC_PSP.xls,2026-09-24T17:15:14.705649,ok
2025-04-21,19274.0,0.0,408.63,2025-04-22,grid_india_psp_report,files/grdw/uploads/daily-reports/psp-reports/2025-2026/21.04.25_NLDC_PSP.xls,https://webcdn.grid-india.in/files/grdw/uploads/daily-reports/psp-reports/2025-2026/21.04.25_NLDC_PSP.xls,2026-09-24T17:15:16.297563,ok
2025-04-22,19661.0,0.0,423.05,2025-04-23,grid_india_psp_report,files/grdw/uploads/daily-reports/psp-reports/2025-2026/22.04.25_NLDC_PSP.xls,https://webcdn.grid-india.in/files/grdw/uploads/daily-reports/psp-reports/2025-2026/22.04.25_NLDC_PSP.xls,2026-09-24T17:15:18.042323,ok
2025-04-23,19544.0,0.0,424.53,2025-04-24,grid_india_psp_report,files/grdw/uploads/daily-reports/psp-reports/2025-2026/23.04.25_NLDC_PSP.xls,https://webcdn.grid-india.in/files/grdw/uploads/daily-reports/psp-reports/2025-2026/23.04.25_NLDC_PSP.xls,2026-09-24T17:15:19.783405,ok
2025-04-24,20148.0,0.0,433.53,2025-04-25,grid_india_psp_report,files/grdw/2025/05/24.04.25_NLDC_PSP_796.xls,https://webcdn.grid-india.in/files/grdw/2025/05/24.04.25_NLDC_PSP_796.xls,2026-09-24T17:15:21.957032,ok
2025-04-25,19948.0,0.0,438.08,2025-04-26,grid_india_psp_report,files/grdw/2025/05/25.04.25_NLDC_PSP_790.xls,https://webcdn.grid-india.in/files/grdw/2025/05/25.04.25_NLDC_PSP_790.xls,2026-09-24T17:15:24.089435,ok
2025-04-26,19773.0,0.0,434.67,2025-04-27,grid_india_psp_report,files/grdw/2025/05/26.04.25_NLDC_PSP_429.xls,https://webcdn.grid-india.in/files/grdw/2025/05/26.04.25_NLDC_PSP_429.xls,2026-09-24T17:15:25.656733,ok
2025-04-27,17951.0,0.0,396.51,2025-04-28,grid_india_psp_report,files/grdw/2025/05/27.04.25_NLDC_PSP_839.xls,https://webcdn.grid-india.in/files/grdw/2025/05/27.04.25_NLDC_PSP_839.xls,2026-09-24T17:15:26.945839,ok
2025-04-28,19245.0,0.0,416.46,2025-04-29,grid_india_psp_report,files/grdw/2025/05/28.04.25_NLDC_PSP_887.xls,https://webcdn.grid-india.in/files/grdw/2025/05/28.04.25_NLDC_PSP_887.xls,2026-09-24T17:15:28.443449,ok
2025-04-29,19660.0,0.0,427.47,2025-04-30,grid_india_psp_report,files/grdw/2025/05/29.04.25_NLDC_PSP_695.xls,https://webcdn.grid-india.in/files/grdw/2025/05/29.04.25_NLDC_PSP_695.xls,2026-09-24T17:15:30.215119,ok
2025-04-30,19952.0,0.0,428.05,2025-05-01,grid_india_psp_report,files/grdw/2025/05/30.04.25_NLDC_PSP_139.xls,https://webcdn.grid-india.in/files/grdw/2025/05/30.04.25_NLDC_PSP_139.xls,2026-09-24T17:15:31.756989,ok
2025-05-01,17148.0,0.0,385.97,2025-05-02,grid_india_psp_report,files/grdw/2025/05/01.05.25_NLDC_PSP_653.xls,https://webcdn.grid-india.in/files/grdw/2025/05/01.05.25_NLDC_PSP_653.xls,2026-09-24T17:15:33.123570,ok
2025-05-02,18631.0,0.0,402.2,2025-05-03,grid_india_psp_report,files/grdw/2025/05/02.05.25_NLDC_PSP_787.xls,https://webcdn.grid-india.in/files/grdw/2025/05/02.05.25_NLDC_PSP_787.xls,2026-09-24T17:15:34.567067,ok
2025-05-03,19143.0,0.0,411.68,2025-05-04,grid_india_psp_report,files/grdw/2025/05/03.05.25_NLDC_PSP_929.xls,https://webcdn.grid-india.in/files/grdw/2025/05/03.05.25_NLDC_PSP_929.xls,2026-09-24T17:15:35.918723,ok
2025-05-04,17660.0,0.0,369.1,2025-05-05,grid_india_psp_report,files/grdw/2025/05/04.05.25_NLDC_PSP_727.xls,https://webcdn.grid-india.in/files/grdw/2025/05/04.05.25_NLDC_PSP_727.xls,2026-09-24T17:15:37.293976,ok
2025-05-05,17986.0,0.0,371.34,2025-05-06,grid_india_psp_report,files/grdw/2025/05/05.05.25_NLDC_PSP_683.xls,https://webcdn.grid-india.in/files/grdw/2025/05/05.05.25_NLDC_PSP_683.xls,2026-09-24T17:15:38.825457,ok
2025-05-06,18151.0,0.0,387.13,2025-05-07,grid_india_psp_report,files/grdw/2025/05/06.05.25_NLDC_PSP_636.xls,https://webcdn.grid-india.in/files/grdw/2025/05/06.05.25_NLDC_PSP_636.xls,2026-09-24T17:15:40.445783,ok
2025-05-07,17753.0,0.0,369.78,2025-05-08,grid_india_psp_report,files/grdw/2025/05/07.05.25_NLDC_PSP_728.xls,https://webcdn.grid-india.in/files/grdw/2025/05/07.05.25_NLDC_PSP_728.xls,2026-09-24T17:15:42.035830,ok
2025-05-08,17544.0,0.0,379.1,2025-05-09,grid_india_psp_report,files/grdw/2025/05/08.05.25_NLDC_PSP_167.xls,https://webcdn.grid-india.in/files/grdw/2025/05/08.05.25_NLDC_PSP_167.xls,2026-09-24T17:15:43.595866,ok
2025-05-09,18508.0,0.0,391.96,2025-05-10,grid_india_psp_report,files/grdw/2025/05/09.05.25_NLDC_PSP_999.xls,https://webcdn.grid-india.in/files/grdw/2025/05/09.05.25_NLDC_PSP_999.xls,2026-09-24T17:15:45.005586,ok
2025-05-10,18494.0,0.0,398.81,2025-05-11,grid_india_psp_report,files/grdw/2025/05/10.05.25_NLDC_PSP_287.xls,https://webcdn.grid-india.in/files/grdw/2025/05/10.05.25_NLDC_PSP_287.xls,2026-09-24T17:15:46.423035,ok
2025-05-11,16731.0,0.0,364.68,2025-05-12,grid_india_psp_report,files/grdw/2025/05/11.05.25_NLDC_PSP_249.xls,https://webcdn.grid-india.in/files/grdw/2025/05/11.05.25_NLDC_PSP_249.xls,2026-09-24T17:15:48.155631,ok
2025-05-12,18723.0,0.0,391.16,2025-05-13,grid_india_psp_report,files/grdw/2025/05/12.05.25_NLDC_PSP_710.xls,https://webcdn.grid-india.in/files/grdw/2025/05/12.05.25_NLDC_PSP_710.xls,2026-09-24T17:15:49.531910,ok
2025-05-13,19039.0,0.0,409.09,2025-05-14,grid_india_psp_report,files/grdw/2025/05/13.05.25_NLDC_PSP_804.xls,https://webcdn.grid-india.in/files/grdw/2025/05/13.05.25_NLDC_PSP_804.xls,2026-09-24T17:15:50.856769,ok
2025-05-14,19416.0,0.0,411.83,2025-05-15,grid_india_psp_report,files/grdw/2025/05/14.05.25_NLDC_PSP_764.xls,https://webcdn.grid-india.in/files/grdw/2025/05/14.05.25_NLDC_PSP_764.xls,2026-09-24T17:15:52.086673,ok
2025-05-15,18811.0,0.0,402.81,2025-05-16,grid_india_psp_report,files/grdw/2025/05/15.05.25_NLDC_PSP_723.xls,https://webcdn.grid-india.in/files/grdw/2025/05/15.05.25_NLDC_PSP_723.xls,2026-09-24T17:15:53.564705,ok
2025-05-16,18868.0,0.0,402.18,2025-05-17,grid_india_psp_report,files/grdw/2025/05/16.05.25_NLDC_PSP_332.xls,https://webcdn.grid-india.in/files/grdw/2025/05/16.05.25_NLDC_PSP_332.xls,2026-09-24T17:15:54.903547,ok
2025-05-17,16201.0,0.0,357.63,2025-05-18,grid_india_psp_report,files/grdw/2025/05/17.05.25_NLDC_PSP_558.xls,https://webcdn.grid-india.in/files/grdw/2025/05/17.05.25_NLDC_PSP_558.xls,2026-09-24T17:15:56.375214,ok
2025-05-18,14306.0,0.0,311.78,2025-05-19,grid_india_psp_report,files/grdw/2025/05/18.05.25_NLDC_PSP_H&E%20v2_874.xls,https://webcdn.grid-india.in/files/grdw/2025/05/18.05.25_NLDC_PSP_H&E%20v2_874.xls,2026-09-24T17:15:57.900965,ok
2025-05-19,16054.0,0.0,328.01,2025-05-20,grid_india_psp_report,files/grdw/2025/05/19.05.25_NLDC_PSP_H&E%20v2_156.xls,https://webcdn.grid-india.in/files/grdw/2025/05/19.05.25_NLDC_PSP_H&E%20v2_156.xls,2026-09-24T17:15:59.226214,ok
2025-05-20,15667.0,0.0,328.93,2025-05-21,grid_india_psp_report,files/grdw/2025/05/20.05.25_NLDC_PSP_267.xls,https://webcdn.grid-india.in/files/grdw/2025/05/20.05.25_NLDC_PSP_267.xls,2026-09-24T17:16:01.132287,ok
2025-05-21,16521.0,0.0,336.2,2025-05-22,grid_india_psp_report,files/grdw/2025/05/21.05.25_NLDC_PSP_885.xls,https://webcdn.grid-india.in/files/grdw/2025/05/21.05.25_NLDC_PSP_885.xls,2026-09-24T17:16:02.996422,ok
2025-05-22,16949.0,0.0,359.83,2025-05-23,grid_india_psp_report,files/grdw/2025/05/22.05.25_NLDC_PSP_244.xls,https://webcdn.grid-india.in/files/grdw/2025/05/22.05.25_NLDC_PSP_244.xls,2026-09-24T17:16:04.861298,ok
2025-05-23,17021.0,0.0,362.95,2025-05-24,grid_india_psp_report,files/grdw/2025/05/23.05.25_NLDC_PSP_H&E%20v1_183.xls,https://webcdn.grid-india.in/files/grdw/2025/05/23.05.25_NLDC_PSP_H&E%20v1_183.xls,2026-09-24T17:16:06.191650,ok
2025-05-24,15877.0,0.0,340.2,2025-05-25,grid_india_psp_report,files/grdw/2025/05/24.05.25_NLDC_PSP_H&E%20v2_390.xls,https://webcdn.grid-india.in/files/grdw/2025/05/24.05.25_NLDC_PSP_H&E%20v2_390.xls,2026-09-24T17:16:08.264844,ok
2025-05-25,13905.0,0.0,303.15,2025-05-26,grid_india_psp_report,files/grdw/2025/05/25.05.25_NLDC_PSP_H&E%20v3_353.xls,https://webcdn.grid-india.in/files/grdw/2025/05/25.05.25_NLDC_PSP_H&E%20v3_353.xls,2026-09-24T17:16:10.470749,ok
2025-05-26,15382.0,0.0,318.12,2025-05-27,grid_india_psp_report,files/grdw/2025/05/26.05.25_NLDC_PSP_289.xls,https://webcdn.grid-india.in/files/grdw/2025/05/26.05.25_NLDC_PSP_289.xls,2026-09-24T17:16:12.414470,ok
2025-05-27,16290.0,0.0,334.91,2025-05-28,grid_india_psp_report,files/grdw/2025/05/27.05.25_NLDC_PSP_279.xls,https://webcdn.grid-india.in/files/grdw/2025/05/27.05.25_NLDC_PSP_279.xls,2026-09-24T17:16:14.359502,ok
2025-05-28,16047.0,0.0,333.57,2025-05-29,grid_india_psp_report,files/grdw/2025/05/28.05.25_NLDC_PSP_771.xls,https://webcdn.grid-india.in/files/grdw/2025/05/28.05.25_NLDC_PSP_771.xls,2026-09-24T17:16:16.371460,ok
2025-05-29,16620.0,0.0,354.77,2025-05-30,grid_india_psp_report,files/grdw/2025/05/29.05.25_NLDC_PSP_576.xls,https://webcdn.grid-india.in/files/grdw/2025/05/29.05.25_NLDC_PSP_576.xls,2026-09-24T17:16:18.364770,ok
2025-05-30,16504.0,0.0,354.4,2025-05-31,grid_india_psp_report,files/grdw/2025/05/30.05.25_NLDC_PSP_816.xls,https://webcdn.grid-india.in/files/grdw/2025/05/30.05.25_NLDC_PSP_816.xls,2026-09-24T17:16:19.565527,ok
2025-05-31,17145.0,0.0,358.44,2025-06-01,grid_india_psp_report,files/grdw/2025/06/31.05.25_NLDC_PSP_524.xls,https://webcdn.grid-india.in/files/grdw/2025/06/31.05.25_NLDC_PSP_524.xls,2026-09-24T17:16:20.920121,ok
2025-06-01,15464.0,0.0,332.85,2025-06-02,grid_india_psp_report,files/grdw/2025/06/01.06.25_NLDC_PSP_838.xls,https://webcdn.grid-india.in/files/grdw/2025/06/01.06.25_NLDC_PSP_838.xls,2026-09-24T17:16:22.266705,ok
2025-06-02,18536.0,0.0,379.36,2025-06-03,grid_india_psp_report,files/grdw/2025/06/02.06.25_NLDC_PSP_425.xls,https://webcdn.grid-india.in/files/grdw/2025/06/02.06.25_NLDC_PSP_425.xls,2026-09-24T17:16:23.555396,ok
2025-06-03,18665.0,0.0,403.47,2025-06-04,grid_india_psp_report,files/grdw/2025/06/03.06.25_NLDC_PSP_248.xls,https://webcdn.grid-india.in/files/grdw/2025/06/03.06.25_NLDC_PSP_248.xls,2026-09-24T17:16:25.457062,ok
2025-06-04,18759.0,0.0,403.87,2025-06-05,grid_india_psp_report,files/grdw/2025/06/04.06.25_NLDC_PSP_HE_314.XLS,https://webcdn.grid-india.in/files/grdw/2025/06/04.06.25_NLDC_PSP_HE_314.XLS,2026-09-24T17:16:26.738603,ok
2025-06-05,19120.0,0.0,411.32,2025-06-06,grid_india_psp_report,files/grdw/2025/06/05.06.25_NLDC_PSP_249.xls,https://webcdn.grid-india.in/files/grdw/2025/06/05.06.25_NLDC_PSP_249.xls,2026-09-24T17:16:28.131374,ok
2025-06-06,19976.0,0.0,422.13,2025-06-07,grid_india_psp_report,files/grdw/2025/06/06.06.25_NLDC_PSP_896.xls,https://webcdn.grid-india.in/files/grdw/2025/06/06.06.25_NLDC_PSP_896.xls,2026-09-24T17:16:29.683113,ok
2025-06-07,18704.0,0.0,404.92,2025-06-08,grid_india_psp_report,files/grdw/2025/06/07.06.25_NLDC_PSP_512.xls,https://webcdn.grid-india.in/files/grdw/2025/06/07.06.25_NLDC_PSP_512.xls,2026-09-24T17:16:30.995343,ok
2025-06-08,17136.0,0.0,352.48,2025-06-09,grid_india_psp_report,files/grdw/2025/06/08.06.25_NLDC_PSP_396.xls,https://webcdn.grid-india.in/files/grdw/2025/06/08.06.25_NLDC_PSP_396.xls,2026-09-24T17:16:32.523709,ok
2025-06-09,17867.0,0.0,373.74,2025-06-10,grid_india_psp_report,files/grdw/2025/06/09.06.25_NLDC_PSP_465.xls,https://webcdn.grid-india.in/files/grdw/2025/06/09.06.25_NLDC_PSP_465.xls,2026-09-24T17:16:34.560168,ok
2025-06-10,17620.0,0.0,379.53,2025-06-11,grid_india_psp_report,files/grdw/2025/06/10.06.25_NLDC_PSP_922.xls,https://webcdn.grid-india.in/files/grdw/2025/06/10.06.25_NLDC_PSP_922.xls,2026-09-24T17:16:35.914960,ok
2025-06-11,17534.0,0.0,373.73,2025-06-12,grid_india_psp_report,files/grdw/2025/06/11.06.25_NLDC_PSP_H&E_962.xls,https://webcdn.grid-india.in/files/grdw/2025/06/11.06.25_NLDC_PSP_H&E_962.xls,2026-09-24T17:16:37.356028,ok
2025-06-12,17440.0,0.0,369.74,2025-06-13,grid_india_psp_report,files/grdw/2025/06/12.06.25_NLDC_PSP_H&E%20v4_579.xls,https://webcdn.grid-india.in/files/grdw/2025/06/12.06.25_NLDC_PSP_H&E%20v4_579.xls,2026-09-24T17:16:38.957694,ok
2025-06-13,17317.0,0.0,377.92,2025-06-14,grid_india_psp_report,files/grdw/2025/06/13.06.25_NLDC_PSP_309.xls,https://webcdn.grid-india.in/files/grdw/2025/06/13.06.25_NLDC_PSP_309.xls,2026-09-24T17:16:40.697247,ok
2025-06-14,17160.0,0.0,369.53,2025-06-15,grid_india_psp_report,files/grdw/2025/06/14.06.25_NLDC_PSP_412.xls,https://webcdn.grid-india.in/files/grdw/2025/06/14.06.25_NLDC_PSP_412.xls,2026-09-24T17:16:42.157091,ok
2025-06-15,15035.0,0.0,331.09,2025-06-16,grid_india_psp_report,files/grdw/2025/06/15.06.25_NLDC_PSP_497.xls,https://webcdn.grid-india.in/files/grdw/2025/06/15.06.25_NLDC_PSP_497.xls,2026-09-24T17:16:43.537969,ok
2025-06-16,17247.0,0.0,361.59,2025-06-17,grid_india_psp_report,files/grdw/2025/06/16.06.25_NLDC_PSP_237.xls,https://webcdn.grid-india.in/files/grdw/2025/06/16.06.25_NLDC_PSP_237.xls,2026-09-24T17:16:44.873151,ok
2025-06-17,18171.0,0.0,381.03,2025-06-18,grid_india_psp_report,files/grdw/2025/06/17.06.25_NLDC_PSP_998.xls,https://webcdn.grid-india.in/files/grdw/2025/06/17.06.25_NLDC_PSP_998.xls,2026-09-24T17:16:46.784037,ok
2025-06-18,18669.0,0.0,395.48,2025-06-19,grid_india_psp_report,files/grdw/2025/06/18.06.25_NLDC_PSP_116.xls,https://webcdn.grid-india.in/files/grdw/2025/06/18.06.25_NLDC_PSP_116.xls,2026-09-24T17:16:48.461733,ok
2025-06-19,18881.0,0.0,405.68,2025-06-20,grid_india_psp_report,files/grdw/2025/06/19.06.25_NLDC_PSP_H&E%20v4_525.xls,https://webcdn.grid-india.in/files/grdw/2025/06/19.06.25_NLDC_PSP_H&E%20v4_525.xls,2026-09-24T17:16:50.070605,ok
2025-06-20,19129.0,0.0,413.59,2025-06-21,grid_india_psp_report,files/grdw/2025/06/20.06.25_NLDC_PSP_512.xls,https://webcdn.grid-india.in/files/grdw/2025/06/20.06.25_NLDC_PSP_512.xls,2026-09-24T17:16:51.543668,ok
2025-06-21,18736.0,0.0,390.87,2025-06-22,grid_india_psp_report,files/grdw/2025/06/21.06.25_NLDC_PSP_178.xls,https://webcdn.grid-india.in/files/grdw/2025/06/21.06.25_NLDC_PSP_178.xls,2026-09-24T17:16:52.848833,ok
2025-06-22,17128.0,0.0,368.68,2025-06-23,grid_india_psp_report,files/grdw/2025/06/22.06.25_NLDC_PSP_996.xls,https://webcdn.grid-india.in/files/grdw/2025/06/22.06.25_NLDC_PSP_996.xls,2026-09-24T17:16:54.272914,ok
2025-06-23,17786.0,0.0,370.45,2025-06-24,grid_india_psp_report,files/grdw/2025/06/23.06.25_NLDC_PSP_571.xls,https://webcdn.grid-india.in/files/grdw/2025/06/23.06.25_NLDC_PSP_571.xls,2026-09-24T17:16:55.635018,ok
2025-06-24,18280.0,0.0,383.75,2025-06-25,grid_india_psp_report,files/grdw/2025/06/24.06.25_NLDC_PSP_168.xls,https://webcdn.grid-india.in/files/grdw/2025/06/24.06.25_NLDC_PSP_168.xls,2026-09-24T17:16:56.915056,ok
2025-06-25,17884.0,0.0,393.89,2025-06-26,grid_india_psp_report,files/grdw/2025/06/25.06.25_NLDC_PSP_171.xls,https://webcdn.grid-india.in/files/grdw/2025/06/25.06.25_NLDC_PSP_171.xls,2026-09-24T17:16:58.383040,ok
2025-06-26,18378.0,0.0,397.37,2025-06-27,grid_india_psp_report,files/grdw/2025/06/26.06.25_NLDC_PSP_296.xls,https://webcdn.grid-india.in/files/grdw/2025/06/26.06.25_NLDC_PSP_296.xls,2026-09-24T17:16:59.854597,ok
2025-06-27,18749.0,0.0,404.48,2025-06-28,grid_india_psp_report,files/grdw/2025/06/27.06.25_NLDC_PSP_725.xls,https://webcdn.grid-india.in/files/grdw/2025/06/27.06.25_NLDC_PSP_725.xls,2026-09-24T17:17:01.231447,ok
2025-06-28,18900.0,0.0,400.51,2025-06-29,grid_india_psp_report,files/grdw/2025/06/28.06.25_NLDC_PSP_H&E%20v10_806.xls,https://webcdn.grid-india.in/files/grdw/2025/06/28.06.25_NLDC_PSP_H&E%20v10_806.xls,2026-09-24T17:17:03.206460,ok
2025-06-29,16891.0,0.0,360.64,2025-06-30,grid_india_psp_report,files/grdw/2025/06/29.06.25_NLDC_PSP_524.xls,https://webcdn.grid-india.in/files/grdw/2025/06/29.06.25_NLDC_PSP_524.xls,2026-09-24T17:17:04.386871,ok
2025-06-30,19220.0,0.0,400.44,2025-07-01,grid_india_psp_report,files/grdw/2025/07/30.06.25_NLDC_PSP_148.xls,https://webcdn.grid-india.in/files/grdw/2025/07/30.06.25_NLDC_PSP_148.xls,2026-09-24T17:17:05.809713,ok
2025-07-01,18998.0,0.0,414.05,2025-07-02,grid_india_psp_report,files/grdw/2025/07/01.07.25_NLDC_PSP_173.xls,https://webcdn.grid-india.in/files/grdw/2025/07/01.07.25_NLDC_PSP_173.xls,2026-09-24T17:17:07.112686,ok
2025-07-02,18782.0,0.0,406.44,2025-07-03,grid_india_psp_report,files/grdw/2025/07/02.07.25_NLDC_PSP_963.xls,https://webcdn.grid-india.in/files/grdw/2025/07/02.07.25_NLDC_PSP_963.xls,2026-09-24T17:17:08.423422,ok
2025-07-03,18298.0,0.0,404.46,2025-07-04,grid_india_psp_report,files/grdw/2025/07/03.07.25_NLDC_PSP_881.xls,https://webcdn.grid-india.in/files/grdw/2025/07/03.07.25_NLDC_PSP_881.xls,2026-09-24T17:17:10.767660,ok
2025-07-04,18792.0,0.0,410.92,2025-07-05,grid_india_psp_report,files/grdw/2025/07/04.07.25_NLDC_PSP_773.xls,https://webcdn.grid-india.in/files/grdw/2025/07/04.07.25_NLDC_PSP_773.xls,2026-09-24T17:17:12.668308,ok
2025-07-05,18647.0,0.0,410.96,2025-07-06,grid_india_psp_report,files/grdw/2025/07/05.07.25_NLDC_PSP_747.xls,https://webcdn.grid-india.in/files/grdw/2025/07/05.07.25_NLDC_PSP_747.xls,2026-09-24T17:17:14.463558,ok
2025-07-06,16969.0,0.0,379.71,2025-07-07,grid_india_psp_report,files/grdw/2025/07/06.07.25_NLDC_PSP_982.xls,https://webcdn.grid-india.in/files/grdw/2025/07/06.07.25_NLDC_PSP_982.xls,2026-09-24T17:17:16.977096,ok
2025-07-07,19335.0,0.0,414.18,2025-07-08,grid_india_psp_report,files/grdw/2025/07/07.07.25_NLDC_PSP_446.xls,https://webcdn.grid-india.in/files/grdw/2025/07/07.07.25_NLDC_PSP_446.xls,2026-09-24T17:17:18.810720,ok
2025-07-08,18904.0,0.0,419.72,2025-07-09,grid_india_psp_report,files/grdw/2025/07/08.07.25_NLDC_PSP_504.xls,https://webcdn.grid-india.in/files/grdw/2025/07/08.07.25_NLDC_PSP_504.xls,2026-09-24T17:17:20.527925,ok
2025-07-09,20152.0,0.0,433.84,2025-07-10,grid_india_psp_report,files/grdw/2025/07/09.07.25_NLDC_PSP_767.xls,https://webcdn.grid-india.in/files/grdw/2025/07/09.07.25_NLDC_PSP_767.xls,2026-09-24T17:17:21.557065,ok
2025-07-10,19199.0,0.0,429.07,2025-07-11,grid_india_psp_report,files/grdw/2025/07/10.07.25_NLDC_PSP_167.xls,https://webcdn.grid-india.in/files/grdw/2025/07/10.07.25_NLDC_PSP_167.xls,2026-09-24T17:17:22.937206,ok
2025-07-11,19503.0,0.0,430.9,2025-07-12,grid_india_psp_report,files/grdw/2025/07/11.07.25_NLDC_PSP_623.xls,https://webcdn.grid-india.in/files/grdw/2025/07/11.07.25_NLDC_PSP_623.xls,2026-09-24T17:17:24.453296,ok
2025-07-12,19431.0,0.0,421.08,2025-07-13,grid_india_psp_report,files/grdw/2025/07/12.07.25_NLDC_PSP_566.xls,https://webcdn.grid-india.in/files/grdw/2025/07/12.07.25_NLDC_PSP_566.xls,2026-09-24T17:17:26.573818,ok
2025-07-13,17249.0,0.0,378.91,2025-07-14,grid_india_psp_report,files/grdw/2025/07/13.07.25_NLDC_PSP_H&E%20v4_566.xls,https://webcdn.grid-india.in/files/grdw/2025/07/13.07.25_NLDC_PSP_H&E%20v4_566.xls,2026-09-24T17:17:28.207507,ok
2025-07-14,19099.0,0.0,403.47,2025-07-15,grid_india_psp_report,files/grdw/2025/07/14.07.25_NLDC_PSP_660.xls,https://webcdn.grid-india.in/files/grdw/2025/07/14.07.25_NLDC_PSP_660.xls,2026-09-24T17:17:30.050331,ok
2025-07-15,18853.0,0.0,415.52,2025-07-16,grid_india_psp_report,files/grdw/2025/07/15.07.25_NLDC_PSP_195.xls,https://webcdn.grid-india.in/files/grdw/2025/07/15.07.25_NLDC_PSP_195.xls,2026-09-24T17:17:31.173802,ok
2025-07-16,19042.0,0.0,424.1,2025-07-17,grid_india_psp_report,files/grdw/2025/07/16.07.25_NLDC_PSP_340.xls,https://webcdn.grid-india.in/files/grdw/2025/07/16.07.25_NLDC_PSP_340.xls,2026-09-24T17:17:33.025266,ok
2025-07-17,18491.0,0.0,407.38,2025-07-18,grid_india_psp_report,files/grdw/2025/07/17.07.25_NLDC_PSP_966.xls,https://webcdn.grid-india.in/files/grdw/2025/07/17.07.25_NLDC_PSP_966.xls,2026-09-24T17:17:34.302597,ok
2025-07-18,17481.0,0.0,402.23,2025-07-19,grid_india_psp_report,files/grdw/2025/07/18.07.25_NLDC_PSP_100.xls,https://webcdn.grid-india.in/files/grdw/2025/07/18.07.25_NLDC_PSP_100.xls,2026-09-24T17:17:35.343911,ok
2025-07-19,17045.0,0.0,374.28,2025-07-20,grid_india_psp_report,files/grdw/2025/07/19.07.25_NLDC_PSP_274.xls,https://webcdn.grid-india.in/files/grdw/2025/07/19.07.25_NLDC_PSP_274.xls,2026-09-24T17:17:36.766300,ok
2025-07-20,14876.0,0.0,352.98,2025-07-21,grid_india_psp_report,files/grdw/2025/07/20.07.25_NLDC_PSP_146.xls,https://webcdn.grid-india.in/files/grdw/2025/07/20.07.25_NLDC_PSP_146.xls,2026-09-24T17:17:38.173194,ok
2025-07-21,16697.0,0.0,364.46,2025-07-22,grid_india_psp_report,files/grdw/2025/07/21.07.25_NLDC_PSP_812.xls,https://webcdn.grid-india.in/files/grdw/2025/07/21.07.25_NLDC_PSP_812.xls,2026-09-24T17:17:39.641209,ok
2025-07-22,17004.0,0.0,370.31,2025-07-23,grid_india_psp_report,files/grdw/2025/07/22.07.25_NLDC_PSP_822.xls,https://webcdn.grid-india.in/files/grdw/2025/07/22.07.25_NLDC_PSP_822.xls,2026-09-24T17:17:41.387013,ok
2025-07-23,17622.0,0.0,376.83,2025-07-24,grid_india_psp_report,files/grdw/2025/07/23.07.25_NLDC_PSP_543.xls,https://webcdn.grid-india.in/files/grdw/2025/07/23.07.25_NLDC_PSP_543.xls,2026-09-24T17:17:42.733412,ok
2025-07-24,17367.0,0.0,378.55,2025-07-25,grid_india_psp_report,files/grdw/2025/07/24.07.25_NLDC_PSP_583.xls,https://webcdn.grid-india.in/files/grdw/2025/07/24.07.25_NLDC_PSP_583.xls,2026-09-24T17:17:44.578178,ok
2025-07-25,17255.0,0.0,379.51,2025-07-26,grid_india_psp_report,files/grdw/2025/07/25.07.25_NLDC_PSP_725.xls,https://webcdn.grid-india.in/files/grdw/2025/07/25.07.25_NLDC_PSP_725.xls,2026-09-24T17:17:46.517213,ok
2025-07-26,17594.0,0.0,381.41,2025-07-27,grid_india_psp_report,files/grdw/2025/07/26.07.25_NLDC_PSP_913.xls,https://webcdn.grid-india.in/files/grdw/2025/07/26.07.25_NLDC_PSP_913.xls,2026-09-24T17:17:48.032674,ok
2025-07-27,15668.0,0.0,349.75,2025-07-28,grid_india_psp_report,files/grdw/2025/07/27.07.25_NLDC_PSP_258.xls,https://webcdn.grid-india.in/files/grdw/2025/07/27.07.25_NLDC_PSP_258.xls,2026-09-24T17:17:49.261863,ok
2025-07-28,18415.0,0.0,392.54,2025-07-29,grid_india_psp_report,files/grdw/2025/07/28.07.25_NLDC_PSP_296.xls,https://webcdn.grid-india.in/files/grdw/2025/07/28.07.25_NLDC_PSP_296.xls,2026-09-24T17:17:50.635663,ok
2025-07-29,18882.0,0.0,407.04,2025-07-30,grid_india_psp_report,files/grdw/2025/10/29.07.25_NLDC_PSP_H&E_372.xls,https://webcdn.grid-india.in/files/grdw/2025/10/29.07.25_NLDC_PSP_H&E_372.xls,2026-09-24T17:17:52.269877,ok
2025-07-30,19639.0,0.0,425.0,2025-07-31,grid_india_psp_report,files/grdw/2025/07/30.07.25_NLDC_PSP_863.xls,https://webcdn.grid-india.in/files/grdw/2025/07/30.07.25_NLDC_PSP_863.xls,2026-09-24T17:17:53.671175,ok
2025-07-31,19334.0,0.0,421.92,2025-08-01,grid_india_psp_report,files/grdw/2025/08/31.07.25_NLDC_PSP_597.xls,https://webcdn.grid-india.in/files/grdw/2025/08/31.07.25_NLDC_PSP_597.xls,2026-09-24T17:17:55.387322,ok
2025-08-01,19275.0,0.0,421.56,2025-08-02,grid_india_psp_report,files/grdw/2025/08/01.08.25_NLDC_PSP_153.xls,https://webcdn.grid-india.in/files/grdw/2025/08/01.08.25_NLDC_PSP_153.xls,2026-09-24T17:17:57.196613,ok
2025-08-02,18362.0,0.0,394.24,2025-08-03,grid_india_psp_report,files/grdw/2025/08/02.08.25_NLDC_PSP_705.xls,https://webcdn.grid-india.in/files/grdw/2025/08/02.08.25_NLDC_PSP_705.xls,2026-09-24T17:17:58.888431,ok
2025-08-03,15700.0,0.0,345.88,2025-08-04,grid_india_psp_report,files/grdw/2025/08/03.08.25_NLDC_PSP_930.xls,https://webcdn.grid-india.in/files/grdw/2025/08/03.08.25_NLDC_PSP_930.xls,2026-09-24T17:18:00.962417,ok
2025-08-04,17309.0,0.0,363.33,2025-08-05,grid_india_psp_report,files/grdw/2025/08/04.08.25_NLDC_PSP_239.xls,https://webcdn.grid-india.in/files/grdw/2025/08/04.08.25_NLDC_PSP_239.xls,2026-09-24T17:18:03.113279,ok
2025-08-05,17404.0,0.0,367.92,2025-08-06,grid_india_psp_report,files/grdw/2025/08/05.08.25_NLDC_PSP_191.xls,https://webcdn.grid-india.in/files/grdw/2025/08/05.08.25_NLDC_PSP_191.xls,2026-09-24T17:18:05.057068,ok
2025-08-06,17443.0,0.0,368.29,2025-08-07,grid_india_psp_report,files/grdw/2025/08/06.08.25_NLDC_PSP_751.xls,https://webcdn.grid-india.in/files/grdw/2025/08/06.08.25_NLDC_PSP_751.xls,2026-09-24T17:18:07.003583,ok
2025-08-07,18013.0,0.0,381.13,2025-08-08,grid_india_psp_report,files/grdw/2025/08/07.08.25_NLDC_PSP_H&E%20v1_304.xls,https://webcdn.grid-india.in/files/grdw/2025/08/07.08.25_NLDC_PSP_H&E%20v1_304.xls,2026-09-24T17:18:08.594742,ok
2025-08-08,17756.0,0.0,385.81,2025-08-09,grid_india_psp_report,files/grdw/2025/08/08.08.25_NLDC_PSP_164.xls,https://webcdn.grid-india.in/files/grdw/2025/08/08.08.25_NLDC_PSP_164.xls,2026-09-24T17:18:10.031413,ok
2025-08-09,16579.0,0.0,365.68,2025-08-10,grid_india_psp_report,files/grdw/2025/08/09.08.25_NLDC_PSP_104.xls,https://webcdn.grid-india.in/files/grdw/2025/08/09.08.25_NLDC_PSP_104.xls,2026-09-24T17:18:11.835282,ok
2025-08-10,14634.0,0.0,324.58,2025-08-11,grid_india_psp_report,files/grdw/2025/08/10.08.25_NLDC_PSP_190.xls,https://webcdn.grid-india.in/files/grdw/2025/08/10.08.25_NLDC_PSP_190.xls,2026-09-24T17:18:13.842065,ok
2025-08-11,16395.0,0.0,334.54,2025-08-12,grid_india_psp_report,files/grdw/2025/08/11.08.25_NLDC_PSP_371.xls,https://webcdn.grid-india.in/files/grdw/2025/08/11.08.25_NLDC_PSP_371.xls,2026-09-24T17:18:16.351574,ok
2025-08-12,16411.0,0.0,345.44,2025-08-13,grid_india_psp_report,files/grdw/2025/08/12.08.25_NLDC_PSP_497.xls,https://webcdn.grid-india.in/files/grdw/2025/08/12.08.25_NLDC_PSP_497.xls,2026-09-24T17:18:17.740635,ok
2025-08-13,16365.0,0.0,344.28,2025-08-14,grid_india_psp_report,files/grdw/2025/08/13.08.25_NLDC_PSP_733.xls,https://webcdn.grid-india.in/files/grdw/2025/08/13.08.25_NLDC_PSP_733.xls,2026-09-24T17:18:18.888311,ok
2025-08-14,16565.0,0.0,347.01,2025-08-15,grid_india_psp_report,files/grdw/2025/08/14.08.25_NLDC_PSP_248.xls,https://webcdn.grid-india.in/files/grdw/2025/08/14.08.25_NLDC_PSP_248.xls,2026-09-24T17:18:20.610594,ok
2025-08-15,14032.0,0.0,313.0,2025-08-16,grid_india_psp_report,files/grdw/2025/08/15.08.25_NLDC_PSP_827.xls,https://webcdn.grid-india.in/files/grdw/2025/08/15.08.25_NLDC_PSP_827.xls,2026-09-24T17:18:22.050153,ok
2025-08-16,15941.0,0.0,331.24,2025-08-17,grid_india_psp_report,files/grdw/2025/08/16.08.25_NLDC_PSP_668.xls,https://webcdn.grid-india.in/files/grdw/2025/08/16.08.25_NLDC_PSP_668.xls,2026-09-24T17:18:25.309095,ok
2025-08-17,13740.0,0.0,316.32,2025-08-18,grid_india_psp_report,files/grdw/2025/08/17.08.25_NLDC_PSP_467.xls,https://webcdn.grid-india.in/files/grdw/2025/08/17.08.25_NLDC_PSP_467.xls,2026-09-24T17:18:27.458024,ok
2025-08-18,16631.0,0.0,337.59,2025-08-19,grid_india_psp_report,files/grdw/2025/08/18.08.25_NLDC_PSP_287.xls,https://webcdn.grid-india.in/files/grdw/2025/08/18.08.25_NLDC_PSP_287.xls,2026-09-24T17:18:30.143891,ok
2025-08-19,17346.0,0.0,349.75,2025-08-20,grid_india_psp_report,files/grdw/2025/08/19.08.25_NLDC_PSP_605.xls,https://webcdn.grid-india.in/files/grdw/2025/08/19.08.25_NLDC_PSP_605.xls,2026-09-24T17:18:32.650321,ok
2025-08-20,18172.0,0.0,380.16,2025-08-21,grid_india_psp_report,files/grdw/2025/08/20.08.25_NLDC_PSP_520.xls,https://webcdn.grid-india.in/files/grdw/2025/08/20.08.25_NLDC_PSP_520.xls,2026-09-24T17:18:33.960804,ok
2025-08-21,18817.0,0.0,390.93,2025-08-22,grid_india_psp_report,files/grdw/2025/08/21.08.25_NLDC_PSP_H&E_311.xls,https://webcdn.grid-india.in/files/grdw/2025/08/21.08.25_NLDC_PSP_H&E_311.xls,2026-09-24T17:18:35.162874,ok
2025-08-22,18130.0,0.0,400.37,2025-08-23,grid_india_psp_report,files/grdw/2025/08/22.08.25_NLDC_PSP_225.xls,https://webcdn.grid-india.in/files/grdw/2025/08/22.08.25_NLDC_PSP_225.xls,2026-09-24T17:18:36.658979,ok
2025-08-23,17630.0,0.0,380.91,2025-08-24,grid_india_psp_report,files/grdw/2025/08/23.08.25_NLDC_PSP_875.xls,https://webcdn.grid-india.in/files/grdw/2025/08/23.08.25_NLDC_PSP_875.xls,2026-09-24T17:18:37.947314,ok
2025-08-24,15865.0,0.0,350.3,2025-08-25,grid_india_psp_report,files/grdw/2025/08/24.08.25_NLDC_PSP_854.xls,https://webcdn.grid-india.in/files/grdw/2025/08/24.08.25_NLDC_PSP_854.xls,2026-09-24T17:18:39.567626,ok
2025-08-25,18511.0,0.0,380.85,2025-08-26,grid_india_psp_report,files/grdw/2025/08/25.08.25_NLDC_PSP_161.xls,https://webcdn.grid-india.in/files/grdw/2025/08/25.08.25_NLDC_PSP_161.xls,2026-09-24T17:18:41.094146,ok
2025-08-26,18574.0,0.0,398.76,2025-08-27,grid_india_psp_report,files/grdw/2025/08/26.08.25_NLDC_PSP_787.xls,https://webcdn.grid-india.in/files/grdw/2025/08/26.08.25_NLDC_PSP_787.xls,2026-09-24T17:18:42.656116,ok
2025-08-27,16874.0,0.0,354.56,2025-08-28,grid_india_psp_report,files/grdw/2025/08/27.08.25_NLDC_PSP_136.xls,https://webcdn.grid-india.in/files/grdw/2025/08/27.08.25_NLDC_PSP_136.xls,2026-09-24T17:18:49.177861,ok
2025-08-28,18032.0,0.0,362.05,2025-08-29,grid_india_psp_report,files/grdw/2025/08/28.08.25_NLDC_PSP_435.xls,https://webcdn.grid-india.in/files/grdw/2025/08/28.08.25_NLDC_PSP_435.xls,2026-09-24T17:18:51.807692,ok
2025-08-29,18121.0,0.0,388.46,2025-08-30,grid_india_psp_report,files/grdw/2025/08/29.08.25_NLDC_PSP_800.xls,https://webcdn.grid-india.in/files/grdw/2025/08/29.08.25_NLDC_PSP_800.xls,2026-09-24T17:18:53.159976,ok
2025-08-30,18445.0,0.0,391.09,2025-08-31,grid_india_psp_report,files/grdw/2025/08/30.08.25_NLDC_PSP_793.xls,https://webcdn.grid-india.in/files/grdw/2025/08/30.08.25_NLDC_PSP_793.xls,2026-09-24T17:18:54.602306,ok
2025-08-31,15774.0,0.0,354.48,2025-09-01,grid_india_psp_report,files/grdw/2025/09/31.08.25_NLDC_PSP_550.xls,https://webcdn.grid-india.in/files/grdw/2025/09/31.08.25_NLDC_PSP_550.xls,2026-09-24T17:18:55.951829,ok
2025-09-01,17344.0,0.0,334.41,2025-09-02,grid_india_psp_report,files/grdw/2025/09/01.09.25_NLDC_PSP_894.xls,https://webcdn.grid-india.in/files/grdw/2025/09/01.09.25_NLDC_PSP_894.xls,2026-09-24T17:18:57.395689,ok
2025-09-02,17922.0,0.0,370.37,2025-09-03,grid_india_psp_report,files/grdw/2025/09/02.09.25_NLDC_PSP_859.xls,https://webcdn.grid-india.in/files/grdw/2025/09/02.09.25_NLDC_PSP_859.xls,2026-09-24T17:18:59.065178,ok
2025-09-03,17796.0,0.0,386.45,2025-09-04,grid_india_psp_report,files/grdw/2025/09/03.09.25_NLDC_PSP_799.xls,https://webcdn.grid-india.in/files/grdw/2025/09/03.09.25_NLDC_PSP_799.xls,2026-09-24T17:19:00.794725,ok
2025-09-04,18325.0,0.0,389.2,2025-09-05,grid_india_psp_report,files/grdw/2025/09/04.09.25_NLDC_PSP_419.xls,https://webcdn.grid-india.in/files/grdw/2025/09/04.09.25_NLDC_PSP_419.xls,2026-09-24T17:19:02.612766,ok
2025-09-05,18682.0,0.0,403.92,2025-09-06,grid_india_psp_report,files/grdw/2025/09/05.09.25_NLDC_PSP_767.xls,https://webcdn.grid-india.in/files/grdw/2025/09/05.09.25_NLDC_PSP_767.xls,2026-09-24T17:19:04.187553,ok
2025-09-06,17515.0,0.0,385.47,2025-09-07,grid_india_psp_report,files/grdw/2025/09/06.09.25_NLDC_PSP_907.xls,https://webcdn.grid-india.in/files/grdw/2025/09/06.09.25_NLDC_PSP_907.xls,2026-09-24T17:19:05.906472,ok
2025-09-07,15588.0,0.0,350.0,2025-09-08,grid_india_psp_report,files/grdw/2025/09/07.09.25_NLDC_PSP_945.xls,https://webcdn.grid-india.in/files/grdw/2025/09/07.09.25_NLDC_PSP_945.xls,2026-09-24T17:19:08.013793,ok
2025-09-08,18049.0,0.0,380.58,2025-09-09,grid_india_psp_report,files/grdw/2025/09/08.09.25_NLDC_PSP_705.xls,https://webcdn.grid-india.in/files/grdw/2025/09/08.09.25_NLDC_PSP_705.xls,2026-09-24T17:19:09.290928,ok
2025-09-09,18101.0,0.0,391.71,2025-09-10,grid_india_psp_report,files/grdw/2025/09/09.09.25_NLDC_PSP_931.XLS,https://webcdn.grid-india.in/files/grdw/2025/09/09.09.25_NLDC_PSP_931.XLS,2026-09-24T17:19:10.707050,ok
2025-09-10,17589.0,0.0,381.76,2025-09-11,grid_india_psp_report,files/grdw/2025/09/10.09.25_NLDC_PSP_424.xls,https://webcdn.grid-india.in/files/grdw/2025/09/10.09.25_NLDC_PSP_424.xls,2026-09-24T17:19:11.972308,ok
2025-09-11,17154.0,0.0,366.64,2025-09-12,grid_india_psp_report,files/grdw/2025/09/11.09.25_NLDC_PSP_382.xls,https://webcdn.grid-india.in/files/grdw/2025/09/11.09.25_NLDC_PSP_382.xls,2026-09-24T17:19:13.572438,ok
2025-09-12,17728.0,0.0,376.19,2025-09-13,grid_india_psp_report,files/grdw/2025/09/12.09.25_NLDC_PSP_581.xls,https://webcdn.grid-india.in/files/grdw/2025/09/12.09.25_NLDC_PSP_581.xls,2026-09-24T17:19:14.820813,ok
2025-09-13,17320.0,0.0,376.4,2025-09-14,grid_india_psp_report,files/grdw/2025/09/13.09.25_NLDC_PSP_208.xls,https://webcdn.grid-india.in/files/grdw/2025/09/13.09.25_NLDC_PSP_208.xls,2026-09-24T17:19:16.166080,ok
2025-09-14,15342.0,0.0,340.51,2025-09-15,grid_india_psp_report,files/grdw/2025/09/14.09.25_NLDC_PSP_956.xls,https://webcdn.grid-india.in/files/grdw/2025/09/14.09.25_NLDC_PSP_956.xls,2026-09-24T17:19:17.530096,ok
2025-09-15,18131.0,0.0,378.03,2025-09-16,grid_india_psp_report,files/grdw/2025/09/15.09.25_NLDC_PSP_276.xls,https://webcdn.grid-india.in/files/grdw/2025/09/15.09.25_NLDC_PSP_276.xls,2026-09-24T17:19:19.189713,ok
2025-09-16,18069.0,0.0,382.45,2025-09-17,grid_india_psp_report,files/grdw/2025/09/16.09.25_NLDC_PSP_715.xls,https://webcdn.grid-india.in/files/grdw/2025/09/16.09.25_NLDC_PSP_715.xls,2026-09-24T17:19:21.654606,ok
2025-09-17,16694.0,0.0,367.9,2025-09-18,grid_india_psp_report,files/grdw/2025/09/17.09.25_NLDC_PSP_884.xls,https://webcdn.grid-india.in/files/grdw/2025/09/17.09.25_NLDC_PSP_884.xls,2026-09-24T17:19:23.158452,ok
2025-09-18,16864.0,0.0,353.9,2025-09-19,grid_india_psp_report,files/grdw/2025/09/18.09.25_NLDC_PSP_147.xls,https://webcdn.grid-india.in/files/grdw/2025/09/18.09.25_NLDC_PSP_147.xls,2026-09-24T17:19:24.916810,ok
2025-09-19,16254.0,0.0,347.46,2025-09-20,grid_india_psp_report,files/grdw/2025/09/19.09.25_NLDC_PSP_931.xls,https://webcdn.grid-india.in/files/grdw/2025/09/19.09.25_NLDC_PSP_931.xls,2026-09-24T17:19:26.631304,ok
2025-09-20,16248.0,0.0,335.6,2025-09-21,grid_india_psp_report,files/grdw/2025/09/20.09.25_NLDC_PSP_615.xls,https://webcdn.grid-india.in/files/grdw/2025/09/20.09.25_NLDC_PSP_615.xls,2026-09-24T17:19:28.516313,ok
2025-09-21,14381.0,0.0,315.36,2025-09-22,grid_india_psp_report,files/grdw/2025/09/21.09.25_NLDC_PSP_635.xls,https://webcdn.grid-india.in/files/grdw/2025/09/21.09.25_NLDC_PSP_635.xls,2026-09-24T17:19:30.139890,ok
2025-09-22,17106.0,0.0,343.27,2025-09-23,grid_india_psp_report,files/grdw/2025/09/22.09.25_NLDC_PSP_495.xls,https://webcdn.grid-india.in/files/grdw/2025/09/22.09.25_NLDC_PSP_495.xls,2026-09-24T17:19:32.228220,ok
2025-09-23,17300.0,0.0,354.75,2025-09-24,grid_india_psp_report,files/grdw/2025/09/23.09.25_NLDC_PSP_479.xls,https://webcdn.grid-india.in/files/grdw/2025/09/23.09.25_NLDC_PSP_479.xls,2026-09-24T17:19:33.452491,ok
2025-09-24,17515.0,0.0,364.76,2025-09-25,grid_india_psp_report,files/grdw/2025/09/24.09.25_NLDC_PSP_509.xls,https://webcdn.grid-india.in/files/grdw/2025/09/24.09.25_NLDC_PSP_509.xls,2026-09-24T17:19:34.830719,ok
2025-09-25,17142.0,0.0,369.37,2025-09-26,grid_india_psp_report,files/grdw/2025/09/25.09.25_NLDC_PSP_326.xls,https://webcdn.grid-india.in/files/grdw/2025/09/25.09.25_NLDC_PSP_326.xls,2026-09-24T17:19:36.152925,ok
2025-09-26,17203.0,0.0,360.9,2025-09-27,grid_india_psp_report,files/grdw/2025/09/26.09.25_NLDC_PSP_868.xls,https://webcdn.grid-india.in/files/grdw/2025/09/26.09.25_NLDC_PSP_868.xls,2026-09-24T17:19:37.728485,ok
2025-09-27,16999.0,0.0,364.02,2025-09-28,grid_india_psp_report,files/grdw/2025/09/27.09.25_NLDC_PSP_961.xls,https://webcdn.grid-india.in/files/grdw/2025/09/27.09.25_NLDC_PSP_961.xls,2026-09-24T17:19:39.143779,ok
2025-09-28,15286.0,0.0,340.41,2025-09-29,grid_india_psp_report,files/grdw/2025/09/28.09.25_NLDC_PSP_645.xls,https://webcdn.grid-india.in/files/grdw/2025/09/28.09.25_NLDC_PSP_645.xls,2026-09-24T17:19:40.414048,ok
2025-09-29,17936.0,0.0,366.95,2025-09-30,grid_india_psp_report,files/grdw/2025/09/29.09.25_NLDC_PSP_295.xls,https://webcdn.grid-india.in/files/grdw/2025/09/29.09.25_NLDC_PSP_295.xls,2026-09-24T17:19:41.566522,ok
2025-09-30,17355.0,0.0,375.18,2025-10-01,grid_india_psp_report,files/grdw/2025/10/30.09.25_NLDC_PSP_675.xls,https://webcdn.grid-india.in/files/grdw/2025/10/30.09.25_NLDC_PSP_675.xls,2026-09-24T17:19:42.623168,ok
2025-10-01,14546.0,0.0,325.18,2025-10-02,grid_india_psp_report,files/grdw/2025/10/01.10.25_NLDC_PSP_903.xls,https://webcdn.grid-india.in/files/grdw/2025/10/01.10.25_NLDC_PSP_903.xls,2026-09-24T17:19:43.790326,ok
2025-10-02,15744.0,0.0,324.46,2025-10-03,grid_india_psp_report,files/grdw/2025/10/02.10.25_NLDC_PSP_573.xls,https://webcdn.grid-india.in/files/grdw/2025/10/02.10.25_NLDC_PSP_573.xls,2026-09-24T17:19:45.092425,ok
2025-10-03,17887.0,0.0,375.4,2025-10-04,grid_india_psp_report,files/grdw/2025/10/03.10.25_NLDC_PSP_103.xls,https://webcdn.grid-india.in/files/grdw/2025/10/03.10.25_NLDC_PSP_103.xls,2026-09-24T17:19:46.637191,ok
2025-10-04,16878.0,0.0,353.7,2025-10-05,grid_india_psp_report,files/grdw/2025/10/04.10.25_NLDC_PSP_736.xls,https://webcdn.grid-india.in/files/grdw/2025/10/04.10.25_NLDC_PSP_736.xls,2026-09-24T17:19:48.031536,ok
2025-10-05,14464.0,0.0,323.93,2025-10-06,grid_india_psp_report,files/grdw/2025/10/05.10.25_NLDC_PSP_770.xls,https://webcdn.grid-india.in/files/grdw/2025/10/05.10.25_NLDC_PSP_770.xls,2026-09-24T17:19:49.681146,ok
2025-10-06,17036.0,0.0,348.16,2025-10-07,grid_india_psp_report,files/grdw/2025/10/06.10.25_NLDC_PSP_382.xls,https://webcdn.grid-india.in/files/grdw/2025/10/06.10.25_NLDC_PSP_382.xls,2026-09-24T17:19:50.999935,ok
2025-10-07,17453.0,0.0,362.47,2025-10-08,grid_india_psp_report,files/grdw/2025/10/07.10.25_NLDC_PSP_974.xls,https://webcdn.grid-india.in/files/grdw/2025/10/07.10.25_NLDC_PSP_974.xls,2026-09-24T17:19:52.232257,ok
2025-10-08,17701.0,0.0,369.98,2025-10-09,grid_india_psp_report,files/grdw/2025/10/08.10.25_NLDC_PSP_974.xls,https://webcdn.grid-india.in/files/grdw/2025/10/08.10.25_NLDC_PSP_974.xls,2026-09-24T17:19:53.747522,ok
2025-10-09,17440.0,0.0,367.24,2025-10-10,grid_india_psp_report,files/grdw/2025/10/09.10.25_NLDC_PSP_758.xls,https://webcdn.grid-india.in/files/grdw/2025/10/09.10.25_NLDC_PSP_758.xls,2026-09-24T17:19:54.992977,ok
2025-10-10,17226.0,0.0,362.07,2025-10-11,grid_india_psp_report,files/grdw/2025/10/10.10.25_NLDC_PSP_792.xls,https://webcdn.grid-india.in/files/grdw/2025/10/10.10.25_NLDC_PSP_792.xls,2026-09-24T17:19:56.439436,ok
2025-10-11,16550.0,0.0,361.19,2025-10-12,grid_india_psp_report,files/grdw/2025/10/11.10.25_NLDC_PSP_623.xls,https://webcdn.grid-india.in/files/grdw/2025/10/11.10.25_NLDC_PSP_623.xls,2026-09-24T17:19:58.120259,ok
2025-10-12,14769.0,0.0,318.67,2025-10-13,grid_india_psp_report,files/grdw/2025/10/12.10.25_NLDC_PSP_451.xls,https://webcdn.grid-india.in/files/grdw/2025/10/12.10.25_NLDC_PSP_451.xls,2026-09-24T17:19:59.735460,ok
2025-10-13,16981.0,0.0,350.41,2025-10-14,grid_india_psp_report,files/grdw/2025/10/13.10.25_NLDC_PSP_159.xls,https://webcdn.grid-india.in/files/grdw/2025/10/13.10.25_NLDC_PSP_159.xls,2026-09-24T17:20:00.979269,ok
2025-10-14,16769.0,0.0,354.06,2025-10-15,grid_india_psp_report,files/grdw/2025/10/14.10.25_NLDC_PSP_336.xls,https://webcdn.grid-india.in/files/grdw/2025/10/14.10.25_NLDC_PSP_336.xls,2026-09-24T17:20:02.156498,ok
2025-10-15,16714.0,0.0,344.87,2025-10-16,grid_india_psp_report,files/grdw/2025/10/15.10.25_NLDC_PSP_667.xls,https://webcdn.grid-india.in/files/grdw/2025/10/15.10.25_NLDC_PSP_667.xls,2026-09-24T17:20:03.528310,ok
2025-10-16,16592.0,0.0,345.03,2025-10-17,grid_india_psp_report,files/grdw/2025/10/16.10.25_NLDC_PSP_867.xls,https://webcdn.grid-india.in/files/grdw/2025/10/16.10.25_NLDC_PSP_867.xls,2026-09-24T17:20:04.822685,ok
2025-10-17,16015.0,0.0,336.28,2025-10-18,grid_india_psp_report,files/grdw/2025/10/17.10.25_NLDC_PSP_242.xls,https://webcdn.grid-india.in/files/grdw/2025/10/17.10.25_NLDC_PSP_242.xls,2026-09-24T17:20:06.267008,ok
2025-10-18,15277.0,0.0,320.15,2025-10-19,grid_india_psp_report,files/grdw/2025/10/18.10.25_NLDC_PSP_233.xls,https://webcdn.grid-india.in/files/grdw/2025/10/18.10.25_NLDC_PSP_233.xls,2026-09-24T17:20:07.558698,ok
2025-10-19,12572.0,0.0,269.4,2025-10-20,grid_india_psp_report,files/grdw/2025/10/19.10.25_NLDC_PSP_747.xls,https://webcdn.grid-india.in/files/grdw/2025/10/19.10.25_NLDC_PSP_747.xls,2026-09-24T17:20:08.849933,ok
2025-10-20,10756.0,0.0,219.9,2025-10-21,grid_india_psp_report,files/grdw/2025/10/20.10.25_NLDC_PSP_631.xls,https://webcdn.grid-india.in/files/grdw/2025/10/20.10.25_NLDC_PSP_631.xls,2026-09-24T17:20:10.291672,ok
2025-10-21,11627.0,0.0,226.1,2025-10-22,grid_india_psp_report,files/grdw/2025/10/21.10.25_NLDC_PSP_670.xls,https://webcdn.grid-india.in/files/grdw/2025/10/21.10.25_NLDC_PSP_670.xls,2026-09-24T17:20:11.613308,ok
2025-10-22,14093.0,0.0,266.42,2025-10-23,grid_india_psp_report,files/grdw/2025/10/22.10.25_NLDC_PSP_539.xls,https://webcdn.grid-india.in/files/grdw/2025/10/22.10.25_NLDC_PSP_539.xls,2026-09-24T17:20:13.159820,ok
2025-10-23,15478.0,0.0,293.21,2025-10-24,grid_india_psp_report,files/grdw/2025/10/23.10.25_NLDC_PSP_862.xls,https://webcdn.grid-india.in/files/grdw/2025/10/23.10.25_NLDC_PSP_862.xls,2026-09-24T17:20:14.370476,ok
2025-10-24,15393.0,0.0,308.99,2025-10-25,grid_india_psp_report,files/grdw/2025/10/24.10.25_NLDC_PSP_107.xls,https://webcdn.grid-india.in/files/grdw/2025/10/24.10.25_NLDC_PSP_107.xls,2026-09-24T17:20:15.901926,ok
2025-10-25,15533.0,0.0,313.63,2025-10-26,grid_india_psp_report,files/grdw/2025/10/25.10.25_NLDC_PSP_244.xls,https://webcdn.grid-india.in/files/grdw/2025/10/25.10.25_NLDC_PSP_244.xls,2026-09-24T17:20:17.267244,ok
2025-10-26,13879.0,0.0,289.82,2025-10-27,grid_india_psp_report,files/grdw/2025/10/26.10.25_NLDC_PSP_773.xls,https://webcdn.grid-india.in/files/grdw/2025/10/26.10.25_NLDC_PSP_773.xls,2026-09-24T17:20:19.145982,ok
2025-10-27,15565.0,0.0,313.42,2025-10-28,grid_india_psp_report,files/grdw/2025/10/27.10.25_NLDC_PSP_410.xls,https://webcdn.grid-india.in/files/grdw/2025/10/27.10.25_NLDC_PSP_410.xls,2026-09-24T17:20:20.400757,ok
2025-10-28,16120.0,0.0,310.19,2025-10-29,grid_india_psp_report,files/grdw/2025/10/28.10.25_NLDC_PSP_725.xls,https://webcdn.grid-india.in/files/grdw/2025/10/28.10.25_NLDC_PSP_725.xls,2026-09-24T17:20:21.690759,ok
2025-10-29,16420.0,0.0,323.3,2025-10-30,grid_india_psp_report,files/grdw/2025/10/29.10.25_NLDC_PSP_937.xls,https://webcdn.grid-india.in/files/grdw/2025/10/29.10.25_NLDC_PSP_937.xls,2026-09-24T17:20:23.156955,ok
2025-10-30,16983.0,0.0,345.61,2025-10-31,grid_india_psp_report,files/grdw/2025/10/30.10.25_NLDC_PSP_492.xls,https://webcdn.grid-india.in/files/grdw/2025/10/30.10.25_NLDC_PSP_492.xls,2026-09-24T17:20:24.470949,ok
2025-10-31,17519.0,0.0,363.29,2025-11-01,grid_india_psp_report,files/grdw/2025/11/31.10.25_NLDC_PSP_389.xls,https://webcdn.grid-india.in/files/grdw/2025/11/31.10.25_NLDC_PSP_389.xls,2026-09-24T17:20:25.740617,ok
2025-11-01,17141.0,0.0,363.78,2025-11-02,grid_india_psp_report,files/grdw/2025/11/01.11.25_NLDC_PSP_338.xls,https://webcdn.grid-india.in/files/grdw/2025/11/01.11.25_NLDC_PSP_338.xls,2026-09-24T17:20:27.029007,ok
2025-11-02,15442.0,0.0,333.11,2025-11-03,grid_india_psp_report,files/grdw/2025/11/02.11.25_NLDC_PSP_722.xls,https://webcdn.grid-india.in/files/grdw/2025/11/02.11.25_NLDC_PSP_722.xls,2026-09-24T17:20:28.385076,ok
2025-11-03,17867.0,0.0,360.35,2025-11-04,grid_india_psp_report,files/grdw/2025/11/03.11.25_NLDC_PSP_609.xls,https://webcdn.grid-india.in/files/grdw/2025/11/03.11.25_NLDC_PSP_609.xls,2026-09-24T17:20:29.860548,ok
2025-11-04,18020.0,0.0,374.93,2025-11-05,grid_india_psp_report,files/grdw/2025/11/04.11.25_NLDC_PSP_714.xls,https://webcdn.grid-india.in/files/grdw/2025/11/04.11.25_NLDC_PSP_714.xls,2026-09-24T17:20:31.140622,ok
2025-11-05,17657.0,0.0,375.17,2025-11-06,grid_india_psp_report,files/grdw/2025/11/05.11.25_NLDC_PSP_337.xls,https://webcdn.grid-india.in/files/grdw/2025/11/05.11.25_NLDC_PSP_337.xls,2026-09-24T17:20:32.724726,ok
2025-11-06,17117.0,0.0,351.45,2025-11-07,grid_india_psp_report,files/grdw/2025/11/06.11.25_NLDC_PSP_498.xls,https://webcdn.grid-india.in/files/grdw/2025/11/06.11.25_NLDC_PSP_498.xls,2026-09-24T17:20:33.925526,ok
2025-11-07,17369.0,0.0,358.55,2025-11-08,grid_india_psp_report,files/grdw/2025/11/07.11.25_NLDC_PSP_938.xls,https://webcdn.grid-india.in/files/grdw/2025/11/07.11.25_NLDC_PSP_938.xls,2026-09-24T17:20:35.151053,ok
2025-11-08,17243.0,0.0,356.77,2025-11-09,grid_india_psp_report,files/grdw/2025/11/08.11.25_NLDC_PSP_694.xls,https://webcdn.grid-india.in/files/grdw/2025/11/08.11.25_NLDC_PSP_694.xls,2026-09-24T17:20:36.659005,ok
2025-11-09,14956.0,0.0,320.99,2025-11-10,grid_india_psp_report,files/grdw/2025/11/09.11.25_NLDC_PSP_684.xls,https://webcdn.grid-india.in/files/grdw/2025/11/09.11.25_NLDC_PSP_684.xls,2026-09-24T17:20:37.952422,ok
2025-11-10,17525.0,0.0,354.1,2025-11-11,grid_india_psp_report,files/grdw/2025/11/10.11.25_NLDC_PSP_336.pdf,https://webcdn.grid-india.in/files/grdw/2025/11/10.11.25_NLDC_PSP_336.pdf,2026-09-24T17:20:51.817260,ok
2025-11-11,17714.0,0.0,367.39,2025-11-12,grid_india_psp_report,files/grdw/2025/11/11.11.25_NLDC_PSP_680.xls,https://webcdn.grid-india.in/files/grdw/2025/11/11.11.25_NLDC_PSP_680.xls,2026-09-24T17:20:52.140945,ok
2025-11-12,17709.0,0.0,366.19,2025-11-13,grid_india_psp_report,files/grdw/2025/11/12.11.25_NLDC_PSP_491.xls,https://webcdn.grid-india.in/files/grdw/2025/11/12.11.25_NLDC_PSP_491.xls,2026-09-24T17:20:52.468694,ok
2025-11-13,17965.0,0.0,364.17,2025-11-14,grid_india_psp_report,files/grdw/2025/11/13.11.25_NLDC_PSP_474.xls,https://webcdn.grid-india.in/files/grdw/2025/11/13.11.25_NLDC_PSP_474.xls,2026-09-24T17:20:54.187898,ok
2025-11-14,17312.0,0.0,358.83,2025-11-15,grid_india_psp_report,files/grdw/2025/11/14.11.25_NLDC_PSP_658.xls,https://webcdn.grid-india.in/files/grdw/2025/11/14.11.25_NLDC_PSP_658.xls,2026-09-24T17:20:55.862647,ok
2025-11-15,16790.0,0.0,346.29,2025-11-16,grid_india_psp_report,files/grdw/2025/11/15.11.25_NLDC_PSP_612.xls,https://webcdn.grid-india.in/files/grdw/2025/11/15.11.25_NLDC_PSP_612.xls,2026-09-24T17:20:57.907186,ok
2025-11-16,14451.0,0.0,320.18,2025-11-17,grid_india_psp_report,files/grdw/2025/11/16.11.25_NLDC_PSP_830.xls,https://webcdn.grid-india.in/files/grdw/2025/11/16.11.25_NLDC_PSP_830.xls,2026-09-24T17:20:59.543781,ok
2025-11-17,16342.0,0.0,332.58,2025-11-18,grid_india_psp_report,files/grdw/2025/11/17.11.25_NLDC_PSP_217.xls,https://webcdn.grid-india.in/files/grdw/2025/11/17.11.25_NLDC_PSP_217.xls,2026-09-24T17:21:01.089855,ok
2025-11-18,16102.0,0.0,322.77,2025-11-19,grid_india_psp_report,files/grdw/2025/11/18.11.25_NLDC_PSP_285.xls,https://webcdn.grid-india.in/files/grdw/2025/11/18.11.25_NLDC_PSP_285.xls,2026-09-24T17:21:02.900974,ok
2025-11-19,16209.0,0.0,325.09,2025-11-20,grid_india_psp_report,files/grdw/2025/11/19.11.25_NLDC_PSP_365.xls,https://webcdn.grid-india.in/files/grdw/2025/11/19.11.25_NLDC_PSP_365.xls,2026-09-24T17:21:04.586187,ok
2025-11-20,17063.0,0.0,335.04,2025-11-21,grid_india_psp_report,files/grdw/2025/11/20.11.25_NLDC_PSP_467.xls,https://webcdn.grid-india.in/files/grdw/2025/11/20.11.25_NLDC_PSP_467.xls,2026-09-24T17:21:06.263459,ok
2025-11-21,16896.0,0.0,347.04,2025-11-22,grid_india_psp_report,files/grdw/2025/12/21.11.25_NLDC_PSP_851.xls,https://webcdn.grid-india.in/files/grdw/2025/12/21.11.25_NLDC_PSP_851.xls,2026-09-24T17:21:08.255866,ok
2025-11-22,16127.0,0.0,326.89,2025-11-23,grid_india_psp_report,files/grdw/2025/11/22.11.25_NLDC_PSP_687.xls,https://webcdn.grid-india.in/files/grdw/2025/11/22.11.25_NLDC_PSP_687.xls,2026-09-24T17:21:09.539851,ok
2025-11-23,13419.0,0.0,285.35,2025-11-24,grid_india_psp_report,files/grdw/2025/12/23.11.25_NLDC_PSP_136.xls,https://webcdn.grid-india.in/files/grdw/2025/12/23.11.25_NLDC_PSP_136.xls,2026-09-24T17:21:10.860845,ok
2025-11-24,15758.0,0.0,301.11,2025-11-25,grid_india_psp_report,files/grdw/2025/11/24.11.25_NLDC_PSP_321.xls,https://webcdn.grid-india.in/files/grdw/2025/11/24.11.25_NLDC_PSP_321.xls,2026-09-24T17:21:12.488748,ok
2025-11-25,15968.0,0.0,310.55,2025-11-26,grid_india_psp_report,files/grdw/2025/11/25.11.25_NLDC_PSP_677.xls,https://webcdn.grid-india.in/files/grdw/2025/11/25.11.25_NLDC_PSP_677.xls,2026-09-24T17:21:13.852740,ok
2025-11-26,16146.0,0.0,317.15,2025-11-27,grid_india_psp_report,files/grdw/2025/12/26.11.25_NLDC_PSP_998.xls,https://webcdn.grid-india.in/files/grdw/2025/12/26.11.25_NLDC_PSP_998.xls,2026-09-24T17:21:15.370862,ok
2025-11-27,16102.0,0.0,318.33,2025-11-28,grid_india_psp_report,files/grdw/2025/11/27.11.25_NLDC_PSP_490.xls,https://webcdn.grid-india.in/files/grdw/2025/11/27.11.25_NLDC_PSP_490.xls,2026-09-24T17:21:16.682020,ok
2025-11-28,16200.0,0.0,321.82,2025-11-29,grid_india_psp_report,files/grdw/2025/11/28.11.25_NLDC_PSP_501.xls,https://webcdn.grid-india.in/files/grdw/2025/11/28.11.25_NLDC_PSP_501.xls,2026-09-24T17:21:17.998474,ok
2025-11-29,14624.0,0.0,299.79,2025-11-30,grid_india_psp_report,files/grdw/2025/11/29.11.25_NLDC_PSP_833.xls,https://webcdn.grid-india.in/files/grdw/2025/11/29.11.25_NLDC_PSP_833.xls,2026-09-24T17:21:19.469332,ok
2025-11-30,12768.0,0.0,260.36,2025-12-01,grid_india_psp_report,files/grdw/2025/12/30.11.25_NLDC_PSP_634.xls,https://webcdn.grid-india.in/files/grdw/2025/12/30.11.25_NLDC_PSP_634.xls,2026-09-24T17:21:20.759074,ok
2025-12-01,14943.0,0.0,287.67,2025-12-02,grid_india_psp_report,files/grdw/2025/12/01.12.25_NLDC_PSP_869.xls,https://webcdn.grid-india.in/files/grdw/2025/12/01.12.25_NLDC_PSP_869.xls,2026-09-24T17:21:22.230569,ok
2025-12-02,15644.0,0.0,315.24,2025-12-03,grid_india_psp_report,files/grdw/2025/12/02.12.25_NLDC_PSP_125.xls,https://webcdn.grid-india.in/files/grdw/2025/12/02.12.25_NLDC_PSP_125.xls,2026-09-24T17:21:23.609995,ok
2025-12-03,15784.0,0.0,311.99,2025-12-04,grid_india_psp_report,files/grdw/2025/12/03.12.25_NLDC_PSP_612.xls,https://webcdn.grid-india.in/files/grdw/2025/12/03.12.25_NLDC_PSP_612.xls,2026-09-24T17:21:25.129276,ok
2025-12-04,16112.0,0.0,312.37,2025-12-05,grid_india_psp_report,files/grdw/2025/12/04.12.25_NLDC_PSP_740.xls,https://webcdn.grid-india.in/files/grdw/2025/12/04.12.25_NLDC_PSP_740.xls,2026-09-24T17:21:26.363589,ok
2025-12-05,15783.0,0.0,316.54,2025-12-06,grid_india_psp_report,files/grdw/2025/12/05.12.25_NLDC_PSP_163.xls,https://webcdn.grid-india.in/files/grdw/2025/12/05.12.25_NLDC_PSP_163.xls,2026-09-24T17:21:28.040205,ok
2025-12-06,16011.0,0.0,311.66,2025-12-07,grid_india_psp_report,files/grdw/2025/12/06.12.25_NLDC_PSP_950.xls,https://webcdn.grid-india.in/files/grdw/2025/12/06.12.25_NLDC_PSP_950.xls,2026-09-24T17:21:29.557303,ok
2025-12-07,13554.0,0.0,281.93,2025-12-08,grid_india_psp_report,files/grdw/2025/12/07.12.25_NLDC_PSP_569.xls,https://webcdn.grid-india.in/files/grdw/2025/12/07.12.25_NLDC_PSP_569.xls,2026-09-24T17:21:30.977889,ok
2025-12-08,16398.0,0.0,309.25,2025-12-09,grid_india_psp_report,files/grdw/2025/12/08.12.25_NLDC_PSP_988.xls,https://webcdn.grid-india.in/files/grdw/2025/12/08.12.25_NLDC_PSP_988.xls,2026-09-24T17:21:32.644720,ok
2025-12-09,16752.0,0.0,324.08,2025-12-10,grid_india_psp_report,files/grdw/2025/12/09.12.25_NLDC_PSP_332.xls,https://webcdn.grid-india.in/files/grdw/2025/12/09.12.25_NLDC_PSP_332.xls,2026-09-24T17:21:34.415818,ok
2025-12-10,16734.0,0.0,332.1,2025-12-11,grid_india_psp_report,files/grdw/2025/12/10.12.25_NLDC_PSP_142.xls,https://webcdn.grid-india.in/files/grdw/2025/12/10.12.25_NLDC_PSP_142.xls,2026-09-24T17:21:35.898112,ok
2025-12-11,16834.0,0.0,334.83,2025-12-12,grid_india_psp_report,files/grdw/2025/12/11.12.25_NLDC_PSP_699.xls,https://webcdn.grid-india.in/files/grdw/2025/12/11.12.25_NLDC_PSP_699.xls,2026-09-24T17:21:37.664863,ok
2025-12-12,16811.0,0.0,337.65,2025-12-13,grid_india_psp_report,files/grdw/2025/12/12.12.25_NLDC_PSP_887.xls,https://webcdn.grid-india.in/files/grdw/2025/12/12.12.25_NLDC_PSP_887.xls,2026-09-24T17:21:39.436478,ok
2025-12-13,16625.0,0.0,334.24,2025-12-14,grid_india_psp_report,files/grdw/2025/12/13.12.25_NLDC_PSP_796.xls,https://webcdn.grid-india.in/files/grdw/2025/12/13.12.25_NLDC_PSP_796.xls,2026-09-24T17:21:41.107092,ok
2025-12-14,14254.0,0.0,298.93,2025-12-15,grid_india_psp_report,files/grdw/2025/12/14.12.25_NLDC_PSP_375.xls,https://webcdn.grid-india.in/files/grdw/2025/12/14.12.25_NLDC_PSP_375.xls,2026-09-24T17:21:42.349171,ok
2025-12-15,16636.0,0.0,324.25,2025-12-16,grid_india_psp_report,files/grdw/2025/12/15.12.25_NLDC_PSP_593.xls,https://webcdn.grid-india.in/files/grdw/2025/12/15.12.25_NLDC_PSP_593.xls,2026-09-24T17:21:43.696130,ok
2025-12-16,16698.0,0.0,340.31,2025-12-17,grid_india_psp_report,files/grdw/2025/12/16.12.25_NLDC_PSP_805.xls,https://webcdn.grid-india.in/files/grdw/2025/12/16.12.25_NLDC_PSP_805.xls,2026-09-24T17:21:44.849240,ok
2025-12-17,16570.0,0.0,326.7,2025-12-18,grid_india_psp_report,files/grdw/2025/12/17.12.25_NLDC_PSP_258.xls,https://webcdn.grid-india.in/files/grdw/2025/12/17.12.25_NLDC_PSP_258.xls,2026-09-24T17:21:46.200829,ok
2025-12-18,16860.0,0.0,328.45,2025-12-19,grid_india_psp_report,files/grdw/2025/12/18.12.25_NLDC_PSP_386.xls,https://webcdn.grid-india.in/files/grdw/2025/12/18.12.25_NLDC_PSP_386.xls,2026-09-24T17:21:47.672770,ok
2025-12-19,16766.0,0.0,339.26,2025-12-20,grid_india_psp_report,files/grdw/2025/12/19.12.25_NLDC_PSP_625.xls,https://webcdn.grid-india.in/files/grdw/2025/12/19.12.25_NLDC_PSP_625.xls,2026-09-24T17:21:48.959316,ok
2025-12-20,16305.0,0.0,329.69,2025-12-21,grid_india_psp_report,files/grdw/2026/03/20.12.25_NLDC_PSP_858.xls,https://webcdn.grid-india.in/files/grdw/2026/03/20.12.25_NLDC_PSP_858.xls,2026-09-24T17:21:50.313338,ok
2025-12-21,14683.0,0.0,309.7,2025-12-22,grid_india_psp_report,files/grdw/2025/12/21.12.25_NLDC_PSP_284.xls,https://webcdn.grid-india.in/files/grdw/2025/12/21.12.25_NLDC_PSP_284.xls,2026-09-24T17:21:51.560032,ok
2025-12-22,16570.0,0.0,330.33,2025-12-23,grid_india_psp_report,files/grdw/2025/12/22.12.25_NLDC_PSP_117.xls,https://webcdn.grid-india.in/files/grdw/2025/12/22.12.25_NLDC_PSP_117.xls,2026-09-24T17:21:52.863184,ok
2025-12-23,17112.0,0.0,345.72,2025-12-24,grid_india_psp_report,files/grdw/2025/12/23.12.25_NLDC_PSP_326.xls,https://webcdn.grid-india.in/files/grdw/2025/12/23.12.25_NLDC_PSP_326.xls,2026-09-24T17:21:54.090130,ok
2025-12-24,17141.0,0.0,350.22,2025-12-25,grid_india_psp_report,files/grdw/2025/12/24.12.25_NLDC_PSP_640.xls,https://webcdn.grid-india.in/files/grdw/2025/12/24.12.25_NLDC_PSP_640.xls,2026-09-24T17:21:55.460621,ok
2025-12-25,16514.0,0.0,341.22,2025-12-26,grid_india_psp_report,files/grdw/2025/12/25.12.25_NLDC_PSP_696.xls,https://webcdn.grid-india.in/files/grdw/2025/12/25.12.25_NLDC_PSP_696.xls,2026-09-24T17:21:56.766118,ok
2025-12-26,16896.0,0.0,345.53,2025-12-27,grid_india_psp_report,files/grdw/2025/12/26.12.25_NLDC_PSP_978.xls,https://webcdn.grid-india.in/files/grdw/2025/12/26.12.25_NLDC_PSP_978.xls,2026-09-24T17:21:58.039134,ok
2025-12-27,17225.0,0.0,346.29,2025-12-28,grid_india_psp_report,files/grdw/2025/12/27.12.25_NLDC_PSP_723.xls,https://webcdn.grid-india.in/files/grdw/2025/12/27.12.25_NLDC_PSP_723.xls,2026-09-24T17:21:59.735203,ok
2025-12-28,14861.0,0.0,316.95,2025-12-29,grid_india_psp_report,files/grdw/2025/12/28.12.25_NLDC_PSP_405.xls,https://webcdn.grid-india.in/files/grdw/2025/12/28.12.25_NLDC_PSP_405.xls,2026-09-24T17:22:01.323990,ok
2025-12-29,17074.0,0.0,340.79,2025-12-30,grid_india_psp_report,files/grdw/2025/12/29.12.25_NLDC_PSP_289.xls,https://webcdn.grid-india.in/files/grdw/2025/12/29.12.25_NLDC_PSP_289.xls,2026-09-24T17:22:02.756293,ok
2025-12-30,17444.0,0.0,358.55,2025-12-31,grid_india_psp_report,files/grdw/2025/12/30.12.25_NLDC_PSP_143.xls,https://webcdn.grid-india.in/files/grdw/2025/12/30.12.25_NLDC_PSP_143.xls,2026-09-24T17:22:04.062456,ok
2025-12-31,17842.0,0.0,368.9,2026-01-01,grid_india_psp_report,files/grdw/2026/01/31.12.25_NLDC_PSP_998.xls,https://webcdn.grid-india.in/files/grdw/2026/01/31.12.25_NLDC_PSP_998.xls,2026-09-24T17:22:05.409352,ok
2026-01-01,16585.0,0.0,341.83,2026-01-02,grid_india_psp_report,files/grdw/2026/01/01.01.26_NLDC_PSP_881.xls,https://webcdn.grid-india.in/files/grdw/2026/01/01.01.26_NLDC_PSP_881.xls,2026-09-24T17:22:06.995415,ok
2026-01-02,17555.0,0.0,355.9,2026-01-03,grid_india_psp_report,files/grdw/2026/01/02.01.26_NLDC_PSP_128.xls,https://webcdn.grid-india.in/files/grdw/2026/01/02.01.26_NLDC_PSP_128.xls,2026-09-24T17:22:08.772029,ok
2026-01-03,17239.0,0.0,345.63,2026-01-04,grid_india_psp_report,files/grdw/2026/01/03.01.26_NLDC_PSP_386.xls,https://webcdn.grid-india.in/files/grdw/2026/01/03.01.26_NLDC_PSP_386.xls,2026-09-24T17:22:10.714907,ok
2026-01-04,14875.0,0.0,313.91,2026-01-05,grid_india_psp_report,files/grdw/2026/01/04.01.26_NLDC_PSP_605.xls,https://webcdn.grid-india.in/files/grdw/2026/01/04.01.26_NLDC_PSP_605.xls,2026-09-24T17:22:12.307288,ok
2026-01-05,17371.0,0.0,340.66,2026-01-06,grid_india_psp_report,files/grdw/2026/01/05.01.26_NLDC_PSP_928.xls,https://webcdn.grid-india.in/files/grdw/2026/01/05.01.26_NLDC_PSP_928.xls,2026-09-24T17:22:13.825937,ok
2026-01-06,17329.0,0.0,353.11,2026-01-07,grid_india_psp_report,files/grdw/2026/01/06.01.26_NLDC_PSP_749.xls,https://webcdn.grid-india.in/files/grdw/2026/01/06.01.26_NLDC_PSP_749.xls,2026-09-24T17:22:15.377206,ok
2026-01-07,17425.0,0.0,348.52,2026-01-08,grid_india_psp_report,files/grdw/2026/01/07.01.26_NLDC_PSP_236.xls,https://webcdn.grid-india.in/files/grdw/2026/01/07.01.26_NLDC_PSP_236.xls,2026-09-24T17:22:16.723195,ok
2026-01-08,17085.0,0.0,346.1,2026-01-09,grid_india_psp_report,files/grdw/2026/01/08.01.26_NLDC_PSP_756.xls,https://webcdn.grid-india.in/files/grdw/2026/01/08.01.26_NLDC_PSP_756.xls,2026-09-24T17:22:18.357297,ok
2026-01-09,17313.0,0.0,350.51,2026-01-10,grid_india_psp_report,files/grdw/2026/01/09.01.26_NLDC_PSP_825.xls,https://webcdn.grid-india.in/files/grdw/2026/01/09.01.26_NLDC_PSP_825.xls,2026-09-24T17:22:19.907893,ok
2026-01-10,16477.0,0.0,340.56,2026-01-11,grid_india_psp_report,files/grdw/2026/01/10.01.26_NLDC_PSP_659.xls,https://webcdn.grid-india.in/files/grdw/2026/01/10.01.26_NLDC_PSP_659.xls,2026-09-24T17:22:21.571730,ok
2026-01-11,14502.0,0.0,303.14,2026-01-12,grid_india_psp_report,files/grdw/2026/01/11.01.26_NLDC_PSP_443.xls,https://webcdn.grid-india.in/files/grdw/2026/01/11.01.26_NLDC_PSP_443.xls,2026-09-24T17:22:23.073310,ok
2026-01-12,16106.0,0.0,321.24,2026-01-13,grid_india_psp_report,files/grdw/2026/01/12.01.26_NLDC_PSP_216.xls,https://webcdn.grid-india.in/files/grdw/2026/01/12.01.26_NLDC_PSP_216.xls,2026-09-24T17:22:24.628636,ok
2026-01-13,16251.0,0.0,324.23,2026-01-14,grid_india_psp_report,files/grdw/2026/01/13.01.26_NLDC_PSP_558.xls,https://webcdn.grid-india.in/files/grdw/2026/01/13.01.26_NLDC_PSP_558.xls,2026-09-24T17:22:25.987859,ok
2026-01-14,15967.0,0.0,321.47,2026-01-15,grid_india_psp_report,files/grdw/2026/01/14.01.26_NLDC_PSP_788.xls,https://webcdn.grid-india.in/files/grdw/2026/01/14.01.26_NLDC_PSP_788.xls,2026-09-24T17:22:27.201769,ok
2026-01-15,13250.0,0.0,258.74,2026-01-16,grid_india_psp_report,files/grdw/2026/01/15.01.26_NLDC_PSP_270.xls,https://webcdn.grid-india.in/files/grdw/2026/01/15.01.26_NLDC_PSP_270.xls,2026-09-24T17:22:28.713692,ok
2026-01-16,12475.0,0.0,253.84,2026-01-17,grid_india_psp_report,files/grdw/2026/01/16.01.26_NLDC_PSP_440.xls,https://webcdn.grid-india.in/files/grdw/2026/01/16.01.26_NLDC_PSP_440.xls,2026-09-24T17:22:30.277823,ok
2026-01-17,13759.0,0.0,265.32,2026-01-18,grid_india_psp_report,files/grdw/2026/01/17.01.26_NLDC_PSP_694.xls,https://webcdn.grid-india.in/files/grdw/2026/01/17.01.26_NLDC_PSP_694.xls,2026-09-24T17:22:31.989885,ok
2026-01-18,13972.0,0.0,279.75,2026-01-19,grid_india_psp_report,files/grdw/2026/01/18.01.26_NLDC_PSP_983.xls,https://webcdn.grid-india.in/files/grdw/2026/01/18.01.26_NLDC_PSP_983.xls,2026-09-24T17:22:33.749097,ok
2026-01-19,16743.0,0.0,324.25,2026-01-20,grid_india_psp_report,files/grdw/2026/01/19.01.26_NLDC_PSP_709.xls,https://webcdn.grid-india.in/files/grdw/2026/01/19.01.26_NLDC_PSP_709.xls,2026-09-24T17:22:35.164245,ok
2026-01-20,17383.0,0.0,336.45,2026-01-21,grid_india_psp_report,files/grdw/2026/01/20.01.26_NLDC_PSP_328.xls,https://webcdn.grid-india.in/files/grdw/2026/01/20.01.26_NLDC_PSP_328.xls,2026-09-24T17:22:37.004734,ok
2026-01-21,17112.0,0.0,339.74,2026-01-22,grid_india_psp_report,files/grdw/2026/01/21.01.26_NLDC_PSP_173.xls,https://webcdn.grid-india.in/files/grdw/2026/01/21.01.26_NLDC_PSP_173.xls,2026-09-24T17:22:38.489541,ok
2026-01-22,17323.0,0.0,340.04,2026-01-23,grid_india_psp_report,files/grdw/2026/01/22.01.26_NLDC_PSP_641.xls,https://webcdn.grid-india.in/files/grdw/2026/01/22.01.26_NLDC_PSP_641.xls,2026-09-24T17:22:39.908621,ok
2026-01-23,17610.0,0.0,344.83,2026-01-24,grid_india_psp_report,files/grdw/2026/01/23.01.26_NLDC_PSP_939.xls,https://webcdn.grid-india.in/files/grdw/2026/01/23.01.26_NLDC_PSP_939.xls,2026-09-24T17:25:26.116095,ok
2026-01-24,16550.0,0.0,342.3,2026-01-25,grid_india_psp_report,files/grdw/2026/01/24.01.26_NLDC_PSP_129.xls,https://webcdn.grid-india.in/files/grdw/2026/01/24.01.26_NLDC_PSP_129.xls,2026-09-24T17:25:27.531696,ok
2026-01-25,14907.0,0.0,309.19,2026-01-26,grid_india_psp_report,files/grdw/2026/01/25.01.26_NLDC_PSP_692.xls,https://webcdn.grid-india.in/files/grdw/2026/01/25.01.26_NLDC_PSP_692.xls,2026-09-24T17:25:28.651554,ok
2026-01-26,14234.0,0.0,286.72,2026-01-27,grid_india_psp_report,files/grdw/2026/01/26.01.26_NLDC_PSP_492.xls,https://webcdn.grid-india.in/files/grdw/2026/01/26.01.26_NLDC_PSP_492.xls,2026-09-24T17:25:30.325985,ok
2026-01-27,17091.0,0.0,320.29,2026-01-28,grid_india_psp_report,files/grdw/2026/01/27.01.26_NLDC_PSP_813.xls,https://webcdn.grid-india.in/files/grdw/2026/01/27.01.26_NLDC_PSP_813.xls,2026-09-24T17:25:32.252100,ok
2026-01-28,17129.0,0.0,334.54,2026-01-29,grid_india_psp_report,files/grdw/2026/01/28.01.26_NLDC_PSP_468.xls,https://webcdn.grid-india.in/files/grdw/2026/01/28.01.26_NLDC_PSP_468.xls,2026-09-24T17:25:33.519856,ok
2026-01-29,17243.0,0.0,339.44,2026-01-30,grid_india_psp_report,files/grdw/2026/01/29.01.26_NLDC_PSP_368.xls,https://webcdn.grid-india.in/files/grdw/2026/01/29.01.26_NLDC_PSP_368.xls,2026-09-24T17:25:34.744352,ok
2026-01-30,17395.0,0.0,346.05,2026-01-31,grid_india_psp_report,files/grdw/2026/01/30.01.26_NLDC_PSP_458.xls,https://webcdn.grid-india.in/files/grdw/2026/01/30.01.26_NLDC_PSP_458.xls,2026-09-24T17:25:35.996945,ok
2026-01-31,17110.0,0.0,338.67,2026-02-01,grid_india_psp_report,files/grdw/2026/02/31.01.26_NLDC_PSP_154.xls,https://webcdn.grid-india.in/files/grdw/2026/02/31.01.26_NLDC_PSP_154.xls,2026-09-24T17:25:37.493389,ok
2026-02-01,15395.0,0.0,316.41,2026-02-02,grid_india_psp_report,files/grdw/2026/02/01.02.26_NLDC_PSP_336.xls,https://webcdn.grid-india.in/files/grdw/2026/02/01.02.26_NLDC_PSP_336.xls,2026-09-24T17:25:38.927573,ok
2026-02-02,17268.0,0.0,334.89,2026-02-03,grid_india_psp_report,files/grdw/2026/02/02.02.26_NLDC_PSP_554.xls,https://webcdn.grid-india.in/files/grdw/2026/02/02.02.26_NLDC_PSP_554.xls,2026-09-24T17:25:40.668606,ok
2026-02-03,17558.0,0.0,348.66,2026-02-04,grid_india_psp_report,files/grdw/2026/02/03.02.26_NLDC_PSP_865.xls,https://webcdn.grid-india.in/files/grdw/2026/02/03.02.26_NLDC_PSP_865.xls,2026-09-24T17:25:42.575418,ok
2026-02-04,17651.0,0.0,350.04,2026-02-05,grid_india_psp_report,files/grdw/2026/02/04.02.26_NLDC_PSP_727.xls,https://webcdn.grid-india.in/files/grdw/2026/02/04.02.26_NLDC_PSP_727.xls,2026-09-24T17:25:43.781447,ok
2026-02-05,17748.0,0.0,358.42,2026-02-06,grid_india_psp_report,files/grdw/2026/02/05.02.26_NLDC_PSP_904.xls,https://webcdn.grid-india.in/files/grdw/2026/02/05.02.26_NLDC_PSP_904.xls,2026-09-24T17:25:45.485519,ok
2026-02-06,18271.0,0.0,355.58,2026-02-07,grid_india_psp_report,files/grdw/2026/02/06.02.26_NLDC_PSP_494.xls,https://webcdn.grid-india.in/files/grdw/2026/02/06.02.26_NLDC_PSP_494.xls,2026-09-24T17:25:47.528530,ok
2026-02-07,17559.0,0.0,347.1,2026-02-08,grid_india_psp_report,files/grdw/2026/02/07.02.26_NLDC_PSP_301.xls,https://webcdn.grid-india.in/files/grdw/2026/02/07.02.26_NLDC_PSP_301.xls,2026-09-24T17:25:49.570999,ok
2026-02-08,15153.0,0.0,322.2,2026-02-09,grid_india_psp_report,files/grdw/2026/02/08.02.26_NLDC_PSP_228.xls,https://webcdn.grid-india.in/files/grdw/2026/02/08.02.26_NLDC_PSP_228.xls,2026-09-24T17:25:52.412521,ok
2026-02-09,18152.0,0.0,354.91,2026-02-10,grid_india_psp_report,files/grdw/2026/02/09.02.26_NLDC_PSP_196.xls,https://webcdn.grid-india.in/files/grdw/2026/02/09.02.26_NLDC_PSP_196.xls,2026-09-24T17:25:53.911493,ok
2026-02-10,18161.0,0.0,363.95,2026-02-11,grid_india_psp_report,files/grdw/2026/02/10.02.26_NLDC_PSP_397.xls,https://webcdn.grid-india.in/files/grdw/2026/02/10.02.26_NLDC_PSP_397.xls,2026-09-24T17:25:55.370398,ok
2026-02-11,17979.0,0.0,353.63,2026-02-12,grid_india_psp_report,files/grdw/2026/02/11.02.26_NLDC_PSP_193.xls,https://webcdn.grid-india.in/files/grdw/2026/02/11.02.26_NLDC_PSP_193.xls,2026-09-24T17:25:56.603867,ok
2026-02-12,18339.0,0.0,362.59,2026-02-13,grid_india_psp_report,files/grdw/2026/02/12.02.26_NLDC_PSP_792.xls,https://webcdn.grid-india.in/files/grdw/2026/02/12.02.26_NLDC_PSP_792.xls,2026-09-24T17:25:57.784670,ok
2026-02-13,18358.0,0.0,360.0,2026-02-14,grid_india_psp_report,files/grdw/2026/02/13.02.26_NLDC_PSP_947.xls,https://webcdn.grid-india.in/files/grdw/2026/02/13.02.26_NLDC_PSP_947.xls,2026-09-24T17:25:58.892246,ok
2026-02-14,18157.0,0.0,368.16,2026-02-15,grid_india_psp_report,files/grdw/2026/02/14.02.26_NLDC_PSP_360.xls,https://webcdn.grid-india.in/files/grdw/2026/02/14.02.26_NLDC_PSP_360.xls,2026-09-24T17:26:00.729186,ok
2026-02-15,16053.0,0.0,334.85,2026-02-16,grid_india_psp_report,files/grdw/2026/02/15.02.26_NLDC_PSP_521.xls,https://webcdn.grid-india.in/files/grdw/2026/02/15.02.26_NLDC_PSP_521.xls,2026-09-24T17:26:02.460639,ok
2026-02-16,18035.0,0.0,357.61,2026-02-17,grid_india_psp_report,files/grdw/2026/02/16.02.26_NLDC_PSP_315.xls,https://webcdn.grid-india.in/files/grdw/2026/02/16.02.26_NLDC_PSP_315.xls,2026-09-24T17:26:04.268531,ok
2026-02-17,18368.0,0.0,364.89,2026-02-18,grid_india_psp_report,files/grdw/2026/02/17.02.26_NLDC_PSP_654.xls,https://webcdn.grid-india.in/files/grdw/2026/02/17.02.26_NLDC_PSP_654.xls,2026-09-24T17:26:06.054339,ok
2026-02-18,18506.0,0.0,371.1,2026-02-19,grid_india_psp_report,files/grdw/2026/02/18.02.26_NLDC_PSP_482.xls,https://webcdn.grid-india.in/files/grdw/2026/02/18.02.26_NLDC_PSP_482.xls,2026-09-24T17:26:07.997974,ok
2026-02-19,18778.0,0.0,374.96,2026-02-20,grid_india_psp_report,files/grdw/2026/02/19.02.26_NLDC_PSP_842.xls,https://webcdn.grid-india.in/files/grdw/2026/02/19.02.26_NLDC_PSP_842.xls,2026-09-24T17:26:10.117961,ok
2026-02-20,18636.0,0.0,378.63,2026-02-21,grid_india_psp_report,files/grdw/2026/02/20.02.26_NLDC_PSP_196.xls,https://webcdn.grid-india.in/files/grdw/2026/02/20.02.26_NLDC_PSP_196.xls,2026-09-24T17:26:12.075318,ok
2026-02-21,18995.0,0.0,381.47,2026-02-22,grid_india_psp_report,files/grdw/2026/02/21.02.26_NLDC_PSP_672.xls,https://webcdn.grid-india.in/files/grdw/2026/02/21.02.26_NLDC_PSP_672.xls,2026-09-24T17:26:14.247207,ok
2026-02-22,16514.0,0.0,354.28,2026-02-23,grid_india_psp_report,files/grdw/2026/02/22.02.26_NLDC_PSP_574.xls,https://webcdn.grid-india.in/files/grdw/2026/02/22.02.26_NLDC_PSP_574.xls,2026-09-24T17:26:15.678211,ok
2026-02-23,19326.0,0.0,376.34,2026-02-24,grid_india_psp_report,files/grdw/2026/02/23.02.26_NLDC_PSP_160.xls,https://webcdn.grid-india.in/files/grdw/2026/02/23.02.26_NLDC_PSP_160.xls,2026-09-24T17:26:17.178607,ok
2026-02-24,18912.0,0.0,397.15,2026-02-25,grid_india_psp_report,files/grdw/2026/02/24.02.26_NLDC_PSP_573.xls,https://webcdn.grid-india.in/files/grdw/2026/02/24.02.26_NLDC_PSP_573.xls,2026-09-24T17:26:19.056740,ok
2026-02-25,18887.0,0.0,388.45,2026-02-26,grid_india_psp_report,files/grdw/2026/02/25.02.26_NLDC_PSP_305.xls,https://webcdn.grid-india.in/files/grdw/2026/02/25.02.26_NLDC_PSP_305.xls,2026-09-24T17:26:20.899174,ok
2026-02-26,19080.0,0.0,380.82,2026-02-27,grid_india_psp_report,files/grdw/2026/02/26.02.26_NLDC_PSP_388.xls,https://webcdn.grid-india.in/files/grdw/2026/02/26.02.26_NLDC_PSP_388.xls,2026-09-24T17:26:22.279021,ok
2026-02-27,18866.0,0.0,392.1,2026-02-28,grid_india_psp_report,files/grdw/2026/02/27.02.26_NLDC_PSP_352.xls,https://webcdn.grid-india.in/files/grdw/2026/02/27.02.26_NLDC_PSP_352.xls,2026-09-24T17:26:24.175993,ok
2026-02-28,19183.0,0.0,387.35,2026-03-01,grid_india_psp_report,files/grdw/2026/03/28.02.26_NLDC_PSP_211.xls,https://webcdn.grid-india.in/files/grdw/2026/03/28.02.26_NLDC_PSP_211.xls,2026-09-24T17:26:25.898704,ok
2026-03-01,16060.0,0.0,348.95,2026-03-02,grid_india_psp_report,files/grdw/2026/03/01.03.26_NLDC_PSP_140.xls,https://webcdn.grid-india.in/files/grdw/2026/03/01.03.26_NLDC_PSP_140.xls,2026-09-24T17:26:27.747393,ok
2026-03-02,18795.0,0.0,376.76,2026-03-03,grid_india_psp_report,files/grdw/2026/03/02.03.26_NLDC_PSP_957.xls,https://webcdn.grid-india.in/files/grdw/2026/03/02.03.26_NLDC_PSP_957.xls,2026-09-24T17:26:29.603968,ok
2026-03-03,18946.0,0.0,389.46,2026-03-04,grid_india_psp_report,files/grdw/2026/03/03.03.26_NLDC_PSP_122.xls,https://webcdn.grid-india.in/files/grdw/2026/03/03.03.26_NLDC_PSP_122.xls,2026-09-24T17:26:31.678105,ok
2026-03-04,18104.0,0.0,373.66,2026-03-05,grid_india_psp_report,files/grdw/2026/03/04.03.26_NLDC_PSP_183.xls,https://webcdn.grid-india.in/files/grdw/2026/03/04.03.26_NLDC_PSP_183.xls,2026-09-24T17:26:33.496096,ok
2026-03-05,19032.0,0.0,385.22,2026-03-06,grid_india_psp_report,files/grdw/2026/03/05.03.26_NLDC_PSP_800.xls,https://webcdn.grid-india.in/files/grdw/2026/03/05.03.26_NLDC_PSP_800.xls,2026-09-24T17:26:35.440675,ok
2026-03-06,20211.0,0.0,408.08,2026-03-07,grid_india_psp_report,files/grdw/2026/03/06.03.26_NLDC_PSP_121.xls,https://webcdn.grid-india.in/files/grdw/2026/03/06.03.26_NLDC_PSP_121.xls,2026-09-24T17:26:37.389079,ok
2026-03-07,19409.0,0.0,405.63,2026-03-08,grid_india_psp_report,files/grdw/2026/03/07.03.26_NLDC_PSP_146.xls,https://webcdn.grid-india.in/files/grdw/2026/03/07.03.26_NLDC_PSP_146.xls,2026-09-24T17:26:39.224252,ok
2026-03-08,17104.0,0.0,373.31,2026-03-09,grid_india_psp_report,files/grdw/2026/03/08.03.26_NLDC_PSP_246.xls,https://webcdn.grid-india.in/files/grdw/2026/03/08.03.26_NLDC_PSP_246.xls,2026-09-24T17:26:41.280115,ok
2026-03-09,19028.0,0.0,396.08,2026-03-10,grid_india_psp_report,files/grdw/2026/03/09.03.26_NLDC_PSP_700.xls,https://webcdn.grid-india.in/files/grdw/2026/03/09.03.26_NLDC_PSP_700.xls,2026-09-24T17:26:42.772546,ok
2026-03-10,18565.0,0.0,395.72,2026-03-11,grid_india_psp_report,files/grdw/2026/03/10.03.26_NLDC_PSP_927.xls,https://webcdn.grid-india.in/files/grdw/2026/03/10.03.26_NLDC_PSP_927.xls,2026-09-24T17:26:44.049409,ok
2026-03-11,18931.0,0.0,396.32,2026-03-12,grid_india_psp_report,files/grdw/2026/06/11.03.26_NLDC_PSP_176.xls,https://webcdn.grid-india.in/files/grdw/2026/06/11.03.26_NLDC_PSP_176.xls,2026-09-24T17:26:45.907143,ok
2026-03-12,19296.0,0.0,405.32,2026-03-13,grid_india_psp_report,files/grdw/2026/03/12.03.26_NLDC_PSP_568.xls,https://webcdn.grid-india.in/files/grdw/2026/03/12.03.26_NLDC_PSP_568.xls,2026-09-24T17:26:47.840302,ok
2026-03-13,19775.0,0.0,411.07,2026-03-14,grid_india_psp_report,files/grdw/2026/03/13.03.26_NLDC_PSP_791.xls,https://webcdn.grid-india.in/files/grdw/2026/03/13.03.26_NLDC_PSP_791.xls,2026-09-24T17:26:49.676942,ok
2026-03-14,19503.0,0.0,406.82,2026-03-15,grid_india_psp_report,files/grdw/2026/03/14.03.26_NLDC_PSP_734.xls,https://webcdn.grid-india.in/files/grdw/2026/03/14.03.26_NLDC_PSP_734.xls,2026-09-24T17:26:51.512946,ok
2026-03-15,16775.0,0.0,369.86,2026-03-16,grid_india_psp_report,files/grdw/2026/03/15.03.26_NLDC_PSP_472.xls,https://webcdn.grid-india.in/files/grdw/2026/03/15.03.26_NLDC_PSP_472.xls,2026-09-24T17:26:53.522114,ok
2026-03-16,19511.0,0.0,400.79,2026-03-17,grid_india_psp_report,files/grdw/2026/03/16.03.26_NLDC_PSP_254.xls,https://webcdn.grid-india.in/files/grdw/2026/03/16.03.26_NLDC_PSP_254.xls,2026-09-24T17:26:55.304018,ok
2026-03-17,19109.0,0.0,413.42,2026-03-18,grid_india_psp_report,files/grdw/2026/03/17.03.26_NLDC_PSP_234.xls,https://webcdn.grid-india.in/files/grdw/2026/03/17.03.26_NLDC_PSP_234.xls,2026-09-24T17:26:57.189125,ok
2026-03-18,18932.0,0.0,403.95,2026-03-19,grid_india_psp_report,files/grdw/2026/03/18.03.26_NLDC_PSP_632.xls,https://webcdn.grid-india.in/files/grdw/2026/03/18.03.26_NLDC_PSP_632.xls,2026-09-24T17:26:59.102106,ok
2026-03-19,17593.0,0.0,365.37,2026-03-20,grid_india_psp_report,files/grdw/2026/03/19.03.26_NLDC_PSP_828.xls,https://webcdn.grid-india.in/files/grdw/2026/03/19.03.26_NLDC_PSP_828.xls,2026-09-24T17:27:00.627030,ok
2026-03-20,18085.0,0.0,375.77,2026-03-21,grid_india_psp_report,files/grdw/2026/03/20.03.26_NLDC_PSP_278.xls,https://webcdn.grid-india.in/files/grdw/2026/03/20.03.26_NLDC_PSP_278.xls,2026-09-24T17:27:02.089303,ok
2026-03-21,18147.0,0.0,381.57,2026-03-22,grid_india_psp_report,files/grdw/2026/03/21.03.26_NLDC_PSP_914.xls,https://webcdn.grid-india.in/files/grdw/2026/03/21.03.26_NLDC_PSP_914.xls,2026-09-24T17:27:03.915883,ok
2026-03-22,16248.0,0.0,354.52,2026-03-23,grid_india_psp_report,files/grdw/2026/03/22.03.26_NLDC_PSP_626.xls,https://webcdn.grid-india.in/files/grdw/2026/03/22.03.26_NLDC_PSP_626.xls,2026-09-24T17:27:05.401714,ok
2026-03-23,18955.0,0.0,389.51,2026-03-24,grid_india_psp_report,files/grdw/2026/03/23.03.26_NLDC_PSP_993.xls,https://webcdn.grid-india.in/files/grdw/2026/03/23.03.26_NLDC_PSP_993.xls,2026-09-24T17:27:06.982230,ok
2026-03-24,19219.0,0.0,408.62,2026-03-25,grid_india_psp_report,files/grdw/2026/03/24.03.26_NLDC_PSP_204.xls,https://webcdn.grid-india.in/files/grdw/2026/03/24.03.26_NLDC_PSP_204.xls,2026-09-24T17:27:08.373994,ok
2026-03-25,19336.0,0.0,405.48,2026-03-26,grid_india_psp_report,files/grdw/2026/03/25.03.26_NLDC_PSP_614.xls,https://webcdn.grid-india.in/files/grdw/2026/03/25.03.26_NLDC_PSP_614.xls,2026-09-24T17:27:10.111155,ok
2026-03-26,19424.0,0.0,411.11,2026-03-27,grid_india_psp_report,files/grdw/2026/03/26.03.26_NLDC_PSP_867.xls,https://webcdn.grid-india.in/files/grdw/2026/03/26.03.26_NLDC_PSP_867.xls,2026-09-24T17:27:11.845743,ok
2026-03-27,20146.0,0.0,428.27,2026-03-28,grid_india_psp_report,files/grdw/2026/03/27.03.26_NLDC_PSP_H&E%20v3_507.xls,https://webcdn.grid-india.in/files/grdw/2026/03/27.03.26_NLDC_PSP_H&E%20v3_507.xls,2026-09-24T17:27:13.444993,ok
2026-03-28,19779.0,0.0,420.38,2026-03-29,grid_india_psp_report,files/grdw/2026/03/28.03.26_NLDC_PSP_545.xls,https://webcdn.grid-india.in/files/grdw/2026/03/28.03.26_NLDC_PSP_545.xls,2026-09-24T17:27:15.055554,ok
2026-03-29,17717.0,0.0,392.42,2026-03-30,grid_india_psp_report,files/grdw/2026/03/29.03.26_NLDC_PSP_428.xls,https://webcdn.grid-india.in/files/grdw/2026/03/29.03.26_NLDC_PSP_428.xls,2026-09-24T17:27:16.710117,ok
2026-03-30,19715.0,0.0,416.46,2026-03-31,grid_india_psp_report,files/grdw/2026/03/30.03.26_NLDC_PSP_502.xls,https://webcdn.grid-india.in/files/grdw/2026/03/30.03.26_NLDC_PSP_502.xls,2026-09-24T17:27:19.723306,ok
2026-03-31,19828.0,0.0,424.02,2026-04-01,grid_india_psp_report,files/grdw/2026/04/31.03.26_NLDC_PSP_819.xls,https://webcdn.grid-india.in/files/grdw/2026/04/31.03.26_NLDC_PSP_819.xls,2026-09-24T17:27:22.480136,ok
2026-04-01,19020.0,0.0,411.32,2026-04-02,grid_india_psp_report,files/grdw/2026/04/01.04.26_NLDC_PSP_726.xls,https://webcdn.grid-india.in/files/grdw/2026/04/01.04.26_NLDC_PSP_726.xls,2026-09-24T17:27:23.612155,ok
2026-04-02,20040.0,0.0,419.95,2026-04-03,grid_india_psp_report,files/grdw/2026/04/02.04.26_NLDC_PSP_314.xls,https://webcdn.grid-india.in/files/grdw/2026/04/02.04.26_NLDC_PSP_314.xls,2026-09-24T17:27:24.895992,ok
2026-04-03,19920.0,0.0,426.83,2026-04-04,grid_india_psp_report,files/grdw/2026/04/03.04.26_NLDC_PSP_243.xls,https://webcdn.grid-india.in/files/grdw/2026/04/03.04.26_NLDC_PSP_243.xls,2026-09-24T17:27:26.524161,ok
2026-04-04,19556.0,0.0,424.48,2026-04-05,grid_india_psp_report,files/grdw/2026/04/04.04.26_NLDC_PSP_152.xls,https://webcdn.grid-india.in/files/grdw/2026/04/04.04.26_NLDC_PSP_152.xls,2026-09-24T17:27:28.482551,ok
2026-04-05,17680.0,0.0,379.19,2026-04-06,grid_india_psp_report,files/grdw/2026/04/05.04.26_NLDC_PSP_783.xls,https://webcdn.grid-india.in/files/grdw/2026/04/05.04.26_NLDC_PSP_783.xls,2026-09-24T17:27:29.849922,ok
2026-04-06,19153.0,0.0,388.51,2026-04-07,grid_india_psp_report,files/grdw/2026/04/06.04.26_NLDC_PSP_582.xls,https://webcdn.grid-india.in/files/grdw/2026/04/06.04.26_NLDC_PSP_582.xls,2026-09-24T17:27:31.266689,ok
2026-04-07,19795.0,0.0,408.54,2026-04-08,grid_india_psp_report,files/grdw/2026/04/07.04.26_NLDC_PSP_950.xls,https://webcdn.grid-india.in/files/grdw/2026/04/07.04.26_NLDC_PSP_950.xls,2026-09-24T17:27:32.837530,ok
2026-04-08,20224.0,0.0,421.5,2026-04-09,grid_india_psp_report,files/grdw/2026/04/08.04.26_NLDC_PSP_456.xls,https://webcdn.grid-india.in/files/grdw/2026/04/08.04.26_NLDC_PSP_456.xls,2026-09-24T17:27:34.424997,ok
2026-04-09,20349.0,0.0,427.37,2026-04-10,grid_india_psp_report,files/grdw/2026/04/09.04.26_NLDC_PSP_295.xls,https://webcdn.grid-india.in/files/grdw/2026/04/09.04.26_NLDC_PSP_295.xls,2026-09-24T17:27:36.284504,ok
2026-04-10,20381.0,0.0,430.54,2026-04-11,grid_india_psp_report,files/grdw/2026/04/10.04.26_NLDC_PSP_200.xls,https://webcdn.grid-india.in/files/grdw/2026/04/10.04.26_NLDC_PSP_200.xls,2026-09-24T17:27:38.273100,ok
2026-04-11,20227.0,0.0,435.3,2026-04-12,grid_india_psp_report,files/grdw/2026/04/11.04.26_NLDC_PSP_464.xls,https://webcdn.grid-india.in/files/grdw/2026/04/11.04.26_NLDC_PSP_464.xls,2026-09-24T17:27:39.947845,ok
2026-04-12,18741.0,0.0,400.99,2026-04-13,grid_india_psp_report,files/grdw/2026/04/12.04.26_NLDC_PSP_484.xls,https://webcdn.grid-india.in/files/grdw/2026/04/12.04.26_NLDC_PSP_484.xls,2026-09-24T17:27:41.806732,ok
2026-04-13,20419.0,0.0,425.52,2026-04-14,grid_india_psp_report,files/grdw/2026/04/13.04.26_NLDC_PSP_477.xls,https://webcdn.grid-india.in/files/grdw/2026/04/13.04.26_NLDC_PSP_477.xls,2026-09-24T17:27:43.641057,ok
2026-04-14,19251.0,0.0,416.53,2026-04-15,grid_india_psp_report,files/grdw/2026/04/14.04.26_NLDC_PSP_379.xls,https://webcdn.grid-india.in/files/grdw/2026/04/14.04.26_NLDC_PSP_379.xls,2026-09-24T17:27:45.381895,ok
2026-04-15,20804.0,0.0,438.42,2026-04-16,grid_india_psp_report,files/grdw/2026/04/15.04.26_NLDC_PSP_107.xls,https://webcdn.grid-india.in/files/grdw/2026/04/15.04.26_NLDC_PSP_107.xls,2026-09-24T17:27:47.530789,ok
2026-04-16,20855.0,0.0,451.65,2026-04-17,grid_india_psp_report,files/grdw/2026/04/16.04.26_NLDC_PSP_238.xls,https://webcdn.grid-india.in/files/grdw/2026/04/16.04.26_NLDC_PSP_238.xls,2026-09-24T17:27:49.377891,ok
2026-04-17,21010.0,0.0,452.75,2026-04-18,grid_india_psp_report,files/grdw/2026/04/17.04.26_NLDC_PSP_246.xls,https://webcdn.grid-india.in/files/grdw/2026/04/17.04.26_NLDC_PSP_246.xls,2026-09-24T17:27:51.185720,ok
2026-04-18,20597.0,0.0,454.76,2026-04-19,grid_india_psp_report,files/grdw/2026/04/18.04.26_NLDC_PSP_544.xls,https://webcdn.grid-india.in/files/grdw/2026/04/18.04.26_NLDC_PSP_544.xls,2026-09-24T17:27:52.959471,ok
2026-04-19,19284.0,0.0,416.78,2026-04-20,grid_india_psp_report,files/grdw/2026/04/19.04.26_NLDC_PSP_574.xls,https://webcdn.grid-india.in/files/grdw/2026/04/19.04.26_NLDC_PSP_574.xls,2026-09-24T17:27:54.902220,ok
2026-04-20,20959.0,0.0,446.29,2026-04-21,grid_india_psp_report,files/grdw/2026/04/20.04.26_NLDC_PSP_912.xls,https://webcdn.grid-india.in/files/grdw/2026/04/20.04.26_NLDC_PSP_912.xls,2026-09-24T17:27:56.849703,ok
2026-04-21,21060.0,0.0,454.76,2026-04-22,grid_india_psp_report,files/grdw/2026/04/21.04.26_NLDC_PSP_762.xls,https://webcdn.grid-india.in/files/grdw/2026/04/21.04.26_NLDC_PSP_762.xls,2026-09-24T17:27:59.196002,ok
2026-04-22,21046.0,0.0,458.18,2026-04-23,grid_india_psp_report,files/grdw/2026/04/22.04.26_NLDC_PSP_929.xls,https://webcdn.grid-india.in/files/grdw/2026/04/22.04.26_NLDC_PSP_929.xls,2026-09-24T17:28:01.148716,ok
2026-04-23,19386.0,0.0,388.26,2026-04-24,grid_india_psp_report,files/grdw/2026/04/23.04.26_NLDC_PSP_748.xls,https://webcdn.grid-india.in/files/grdw/2026/04/23.04.26_NLDC_PSP_748.xls,2026-09-24T17:28:03.104648,ok
2026-04-24,20686.0,0.0,439.98,2026-04-25,grid_india_psp_report,files/grdw/2026/04/24.04.26_NLDC_PSP_524.xls,https://webcdn.grid-india.in/files/grdw/2026/04/24.04.26_NLDC_PSP_524.xls,2026-09-24T17:28:04.808832,ok
2026-04-25,20913.0,0.0,450.17,2026-04-26,grid_india_psp_report,files/grdw/2026/04/25.04.26_NLDC_PSP_859.xls,https://webcdn.grid-india.in/files/grdw/2026/04/25.04.26_NLDC_PSP_859.xls,2026-09-24T17:28:06.575797,ok
2026-04-26,19628.0,0.0,422.33,2026-04-27,grid_india_psp_report,files/grdw/2026/04/26.04.26_NLDC_PSP_624.xls,https://webcdn.grid-india.in/files/grdw/2026/04/26.04.26_NLDC_PSP_624.xls,2026-09-24T17:28:08.317462,ok
2026-04-27,21117.0,0.0,449.08,2026-04-28,grid_india_psp_report,files/grdw/2026/04/27.04.26_NLDC_PSP_347.xls,https://webcdn.grid-india.in/files/grdw/2026/04/27.04.26_NLDC_PSP_347.xls,2026-09-24T17:28:10.090320,ok
2026-04-28,21211.0,0.0,462.73,2026-04-29,grid_india_psp_report,files/grdw/2026/04/28.04.26_NLDC_PSP_119.xls,https://webcdn.grid-india.in/files/grdw/2026/04/28.04.26_NLDC_PSP_119.xls,2026-09-24T17:28:11.597569,ok
2026-04-29,21307.0,0.0,462.85,2026-04-30,grid_india_psp_report,files/grdw/2026/04/29.04.26_NLDC_PSP_218.xls,https://webcdn.grid-india.in/files/grdw/2026/04/29.04.26_NLDC_PSP_218.xls,2026-09-24T17:28:13.499258,ok
2026-04-30,21326.0,0.0,456.71,2026-05-01,grid_india_psp_report,files/grdw/2026/05/30.04.26_NLDC_PSP_368.xls,https://webcdn.grid-india.in/files/grdw/2026/05/30.04.26_NLDC_PSP_368.xls,2026-09-24T17:28:15.149375,ok
2026-05-01,18876.0,0.0,396.3,2026-05-02,grid_india_psp_report,files/grdw/2026/05/01.05.26_NLDC_PSP_243.xls,https://webcdn.grid-india.in/files/grdw/2026/05/01.05.26_NLDC_PSP_243.xls,2026-09-24T17:28:17.202030,ok
2026-05-02,19137.0,0.0,420.68,2026-05-03,grid_india_psp_report,files/grdw/2026/05/02.05.26_NLDC_PSP_251.xls,https://webcdn.grid-india.in/files/grdw/2026/05/02.05.26_NLDC_PSP_251.xls,2026-09-24T17:28:18.793951,ok
2026-05-03,17819.0,0.0,385.59,2026-05-04,grid_india_psp_report,files/grdw/2026/05/03.05.26_NLDC_PSP_421.xls,https://webcdn.grid-india.in/files/grdw/2026/05/03.05.26_NLDC_PSP_421.xls,2026-09-24T17:28:20.322137,ok
2026-05-04,19203.0,0.0,412.02,2026-05-05,grid_india_psp_report,files/grdw/2026/05/04.05.26_NLDC_PSP_581.xls,https://webcdn.grid-india.in/files/grdw/2026/05/04.05.26_NLDC_PSP_581.xls,2026-09-24T17:28:22.043050,ok
2026-05-05,19366.0,0.0,403.92,2026-05-06,grid_india_psp_report,files/grdw/2026/05/05.05.26_NLDC_PSP_898.xls,https://webcdn.grid-india.in/files/grdw/2026/05/05.05.26_NLDC_PSP_898.xls,2026-09-24T17:28:23.214423,ok
2026-05-06,18988.0,0.0,410.06,2026-05-07,grid_india_psp_report,files/grdw/2026/05/06.05.26_NLDC_PSP_950.xls,https://webcdn.grid-india.in/files/grdw/2026/05/06.05.26_NLDC_PSP_950.xls,2026-09-24T17:28:24.264107,ok
2026-05-07,19426.0,0.0,411.37,2026-05-08,grid_india_psp_report,files/grdw/2026/05/07.05.26_NLDC_PSP_829.xls,https://webcdn.grid-india.in/files/grdw/2026/05/07.05.26_NLDC_PSP_829.xls,2026-09-24T17:28:25.771130,ok
2026-05-08,17752.0,0.0,397.82,2026-05-09,grid_india_psp_report,files/grdw/2026/05/08.05.26_NLDC_PSP_147.xls,https://webcdn.grid-india.in/files/grdw/2026/05/08.05.26_NLDC_PSP_147.xls,2026-09-24T17:28:27.430386,ok
2026-05-09,17137.0,0.0,376.28,2026-05-10,grid_india_psp_report,files/grdw/2026/05/09.05.26_NLDC_PSP_287.xls,https://webcdn.grid-india.in/files/grdw/2026/05/09.05.26_NLDC_PSP_287.xls,2026-09-24T17:28:29.052461,ok
2026-05-10,16123.0,0.0,340.86,2026-05-11,grid_india_psp_report,files/grdw/2026/05/10.05.26_NLDC_PSP_572.xls,https://webcdn.grid-india.in/files/grdw/2026/05/10.05.26_NLDC_PSP_572.xls,2026-09-24T17:28:30.640759,ok
2026-05-11,18547.0,0.0,384.35,2026-05-12,grid_india_psp_report,files/grdw/2026/05/11.05.26_NLDC_PSP_615.xls,https://webcdn.grid-india.in/files/grdw/2026/05/11.05.26_NLDC_PSP_615.xls,2026-09-24T17:28:32.281053,ok
2026-05-12,19436.0,0.0,409.52,2026-05-13,grid_india_psp_report,files/grdw/2026/05/12.05.26_NLDC_PSP_351.xls,https://webcdn.grid-india.in/files/grdw/2026/05/12.05.26_NLDC_PSP_351.xls,2026-09-24T17:28:33.459620,ok
2026-05-13,19741.0,0.0,421.43,2026-05-14,grid_india_psp_report,files/grdw/2026/05/13.05.26_NLDC_PSP_376.xls,https://webcdn.grid-india.in/files/grdw/2026/05/13.05.26_NLDC_PSP_376.xls,2026-09-24T17:28:34.757472,ok
2026-05-14,19787.0,0.0,427.5,2026-05-15,grid_india_psp_report,files/grdw/2026/05/14.05.26_NLDC_PSP_325.xls,https://webcdn.grid-india.in/files/grdw/2026/05/14.05.26_NLDC_PSP_325.xls,2026-09-24T17:28:36.200768,ok
2026-05-15,18485.0,0.0,408.99,2026-05-16,grid_india_psp_report,files/grdw/2026/05/15.05.26_NLDC_PSP_899.xls,https://webcdn.grid-india.in/files/grdw/2026/05/15.05.26_NLDC_PSP_899.xls,2026-09-24T17:28:37.559544,ok
2026-05-16,18210.0,0.0,386.73,2026-05-17,grid_india_psp_report,files/grdw/2026/05/16.05.26_NLDC_PSP_927.xls,https://webcdn.grid-india.in/files/grdw/2026/05/16.05.26_NLDC_PSP_927.xls,2026-09-24T17:28:38.723192,ok
2026-05-17,16508.0,0.0,365.75,2026-05-18,grid_india_psp_report,files/grdw/2026/05/17.05.26_NLDC_PSP_627.xls,https://webcdn.grid-india.in/files/grdw/2026/05/17.05.26_NLDC_PSP_627.xls,2026-09-24T17:28:40.438590,ok
2026-05-18,18394.0,0.0,382.07,2026-05-19,grid_india_psp_report,files/grdw/2026/05/18.05.26_NLDC_PSP_757.xls,https://webcdn.grid-india.in/files/grdw/2026/05/18.05.26_NLDC_PSP_757.xls,2026-09-24T17:28:42.628641,ok
2026-05-19,18405.0,0.0,392.7,2026-05-20,grid_india_psp_report,files/grdw/2026/05/19.05.26_NLDC_PSP_979.xls,https://webcdn.grid-india.in/files/grdw/2026/05/19.05.26_NLDC_PSP_979.xls,2026-09-24T17:28:44.356525,ok
2026-05-20,19205.0,0.0,407.69,2026-05-21,grid_india_psp_report,files/grdw/2026/05/20.05.26_NLDC_PSP_110.xls,https://webcdn.grid-india.in/files/grdw/2026/05/20.05.26_NLDC_PSP_110.xls,2026-09-24T17:28:45.672532,ok
2026-05-21,19511.0,0.0,422.97,2026-05-22,grid_india_psp_report,files/grdw/2026/05/21.05.26_NLDC_PSP_717.xls,https://webcdn.grid-india.in/files/grdw/2026/05/21.05.26_NLDC_PSP_717.xls,2026-09-24T17:28:47.332279,ok
2026-05-22,19435.0,0.0,408.91,2026-05-23,grid_india_psp_report,files/grdw/2026/05/22.05.26_NLDC_PSP_686.xls,https://webcdn.grid-india.in/files/grdw/2026/05/22.05.26_NLDC_PSP_686.xls,2026-09-24T17:28:49.101799,ok
2026-05-23,18611.0,0.0,411.28,2026-05-24,grid_india_psp_report,files/grdw/2026/05/23.05.26_NLDC_PSP_282.xls,https://webcdn.grid-india.in/files/grdw/2026/05/23.05.26_NLDC_PSP_282.xls,2026-09-24T17:28:50.712647,ok
2026-05-24,17745.0,0.0,372.9,2026-05-25,grid_india_psp_report,files/grdw/2026/05/24.05.26_NLDC_PSP_163.xls,https://webcdn.grid-india.in/files/grdw/2026/05/24.05.26_NLDC_PSP_163.xls,2026-09-24T17:28:52.554887,ok
2026-05-25,19280.0,0.0,397.62,2026-05-26,grid_india_psp_report,files/grdw/2026/05/25.05.26_NLDC_PSP_406.xls,https://webcdn.grid-india.in/files/grdw/2026/05/25.05.26_NLDC_PSP_406.xls,2026-09-24T17:28:54.376353,ok
2026-05-26,18801.0,0.0,410.17,2026-05-27,grid_india_psp_report,files/grdw/2026/05/26.05.26_NLDC_PSP_536.xls,https://webcdn.grid-india.in/files/grdw/2026/05/26.05.26_NLDC_PSP_536.xls,2026-09-24T17:28:56.346305,ok
2026-05-27,19576.0,0.0,409.94,2026-05-28,grid_india_psp_report,files/grdw/2026/05/27.05.26_NLDC_PSP_314.xls,https://webcdn.grid-india.in/files/grdw/2026/05/27.05.26_NLDC_PSP_314.xls,2026-09-24T17:28:58.041131,ok
2026-05-28,19676.0,0.0,421.18,2026-05-29,grid_india_psp_report,files/grdw/2026/05/28.05.26_NLDC_PSP_635.xls,https://webcdn.grid-india.in/files/grdw/2026/05/28.05.26_NLDC_PSP_635.xls,2026-09-24T17:28:59.622100,ok
2026-05-29,19465.0,0.0,415.27,2026-05-30,grid_india_psp_report,files/grdw/2026/05/29.05.26_NLDC_PSP_941.xls,https://webcdn.grid-india.in/files/grdw/2026/05/29.05.26_NLDC_PSP_941.xls,2026-09-24T17:29:01.020383,ok
2026-05-30,19011.0,0.0,403.33,2026-05-31,grid_india_psp_report,files/grdw/2026/05/30.05.26_NLDC_PSP_176.xls,https://webcdn.grid-india.in/files/grdw/2026/05/30.05.26_NLDC_PSP_176.xls,2026-09-24T17:29:02.725220,ok
2026-05-31,18042.0,0.0,384.67,2026-06-01,grid_india_psp_report,files/grdw/2026/06/31.05.26_NLDC_PSP_240.xls,https://webcdn.grid-india.in/files/grdw/2026/06/31.05.26_NLDC_PSP_240.xls,2026-09-24T17:29:04.340217,ok
2026-06-01,19192.0,0.0,402.46,2026-06-02,grid_india_psp_report,files/grdw/2026/06/01.06.26_NLDC_PSP_672.xls,https://webcdn.grid-india.in/files/grdw/2026/06/01.06.26_NLDC_PSP_672.xls,2026-09-24T17:29:05.763540,ok
2026-06-02,19198.0,0.0,422.1,2026-06-03,grid_india_psp_report,files/grdw/2026/06/02.06.26_NLDC_PSP_169.xls,https://webcdn.grid-india.in/files/grdw/2026/06/02.06.26_NLDC_PSP_169.xls,2026-09-24T17:29:07.171890,ok
2026-06-03,19208.0,0.0,405.84,2026-06-04,grid_india_psp_report,files/grdw/2026/06/03.06.26_NLDC_PSP_173.xls,https://webcdn.grid-india.in/files/grdw/2026/06/03.06.26_NLDC_PSP_173.xls,2026-09-24T17:29:08.734183,ok
2026-06-04,19353.0,0.0,413.03,2026-06-05,grid_india_psp_report,files/grdw/2026/06/04.06.26_NLDC_PSP_330.xls,https://webcdn.grid-india.in/files/grdw/2026/06/04.06.26_NLDC_PSP_330.xls,2026-09-24T17:29:10.549179,ok
2026-06-05,19381.0,0.0,403.64,2026-06-06,grid_india_psp_report,files/grdw/2026/06/05.06.26_NLDC_PSP_700.xls,https://webcdn.grid-india.in/files/grdw/2026/06/05.06.26_NLDC_PSP_700.xls,2026-09-24T17:29:12.531377,ok
2026-06-06,21233.0,0.0,414.93,2026-06-07,grid_india_psp_report,files/grdw/2026/06/06.06.26_NLDC_PSP_996.xls,https://webcdn.grid-india.in/files/grdw/2026/06/06.06.26_NLDC_PSP_996.xls,2026-09-24T17:29:14.470163,ok
2026-06-07,18654.0,0.0,394.19,2026-06-08,grid_india_psp_report,files/grdw/2026/06/07.06.26_NLDC_PSP_969.xls,https://webcdn.grid-india.in/files/grdw/2026/06/07.06.26_NLDC_PSP_969.xls,2026-09-24T17:29:16.416553,ok
2026-06-08,20332.0,0.0,425.11,2026-06-09,grid_india_psp_report,files/grdw/2026/06/08.06.26_NLDC_PSP_354.xls,https://webcdn.grid-india.in/files/grdw/2026/06/08.06.26_NLDC_PSP_354.xls,2026-09-24T17:29:18.318318,ok
2026-06-09,20095.0,0.0,429.28,2026-06-10,grid_india_psp_report,files/grdw/2026/06/09.06.26_NLDC_PSP_128.xls,https://webcdn.grid-india.in/files/grdw/2026/06/09.06.26_NLDC_PSP_128.xls,2026-09-24T17:29:19.952204,ok
2026-06-10,20529.0,0.0,434.46,2026-06-11,grid_india_psp_report,files/grdw/2026/06/10.06.26_NLDC_PSP_679.xls,https://webcdn.grid-india.in/files/grdw/2026/06/10.06.26_NLDC_PSP_679.xls,2026-09-24T17:29:21.942734,ok
2026-06-11,20829.0,0.0,437.15,2026-06-12,grid_india_psp_report,files/grdw/2026/06/11.06.26_NLDC_PSP_189.xls,https://webcdn.grid-india.in/files/grdw/2026/06/11.06.26_NLDC_PSP_189.xls,2026-09-24T17:29:23.659608,ok
2026-06-12,19824.0,0.0,431.92,2026-06-13,grid_india_psp_report,files/grdw/2026/06/12.06.26_NLDC_PSP_301.xls,https://webcdn.grid-india.in/files/grdw/2026/06/12.06.26_NLDC_PSP_301.xls,2026-09-24T17:29:25.630389,ok
2026-06-13,19013.0,0.0,402.09,2026-06-14,grid_india_psp_report,files/grdw/2026/06/13.06.26_NLDC_PSP_911.xls,https://webcdn.grid-india.in/files/grdw/2026/06/13.06.26_NLDC_PSP_911.xls,2026-09-24T17:29:27.506286,ok
2026-06-14,17627.0,0.0,356.31,2026-06-15,grid_india_psp_report,files/grdw/2026/06/14.06.26_NLDC_PSP_525.xls,https://webcdn.grid-india.in/files/grdw/2026/06/14.06.26_NLDC_PSP_525.xls,2026-09-24T17:29:28.947258,ok
2026-06-15,19690.0,0.0,403.57,2026-06-16,grid_india_psp_report,files/grdw/2026/06/15.06.26_NLDC_PSP_483.xls,https://webcdn.grid-india.in/files/grdw/2026/06/15.06.26_NLDC_PSP_483.xls,2026-09-24T17:29:30.957611,ok
2026-06-16,20342.0,0.0,420.69,2026-06-17,grid_india_psp_report,files/grdw/2026/06/16.06.26_NLDC_PSP_523.xls,https://webcdn.grid-india.in/files/grdw/2026/06/16.06.26_NLDC_PSP_523.xls,2026-09-24T17:29:32.688693,ok
2026-06-17,20429.0,0.0,432.06,2026-06-18,grid_india_psp_report,files/grdw/2026/06/17.06.26_NLDC_PSP_832.xls,https://webcdn.grid-india.in/files/grdw/2026/06/17.06.26_NLDC_PSP_832.xls,2026-09-24T17:29:34.000801,ok
2026-06-18,19320.0,0.0,425.76,2026-06-19,grid_india_psp_report,files/grdw/2026/06/18.06.26_NLDC_PSP_683.xls,https://webcdn.grid-india.in/files/grdw/2026/06/18.06.26_NLDC_PSP_683.xls,2026-09-24T17:29:35.316172,ok
2026-06-19,19935.0,0.0,417.01,2026-06-20,grid_india_psp_report,files/grdw/2026/06/19.06.26_NLDC_PSP_769.xls,https://webcdn.grid-india.in/files/grdw/2026/06/19.06.26_NLDC_PSP_769.xls,2026-09-24T17:29:36.804796,ok
2026-06-20,18969.0,0.0,403.44,2026-06-21,grid_india_psp_report,files/grdw/2026/06/20.06.26_NLDC_PSP_534.xls,https://webcdn.grid-india.in/files/grdw/2026/06/20.06.26_NLDC_PSP_534.xls,2026-09-24T17:29:38.216847,ok
2026-06-21,17187.0,0.0,363.72,2026-06-22,grid_india_psp_report,files/grdw/2026/06/21.06.26_NLDC_PSP_993.xls,https://webcdn.grid-india.in/files/grdw/2026/06/21.06.26_NLDC_PSP_993.xls,2026-09-24T17:29:39.688185,ok
2026-06-22,19379.0,0.0,397.18,2026-06-23,grid_india_psp_report,files/grdw/2026/06/22.06.26_NLDC_PSP_655.xls,https://webcdn.grid-india.in/files/grdw/2026/06/22.06.26_NLDC_PSP_655.xls,2026-09-24T17:29:41.161580,ok
2026-06-23,20322.0,0.0,414.43,2026-06-24,grid_india_psp_report,files/grdw/2026/06/23.06.26_NLDC_PSP_158.xls,https://webcdn.grid-india.in/files/grdw/2026/06/23.06.26_NLDC_PSP_158.xls,2026-09-24T17:29:42.663084,ok
2026-06-24,20277.0,0.0,432.41,2026-06-25,grid_india_psp_report,files/grdw/2026/06/24.06.26_NLDC_PSP_243.xls,https://webcdn.grid-india.in/files/grdw/2026/06/24.06.26_NLDC_PSP_243.xls,2026-09-24T17:29:44.158537,ok
2026-06-25,20818.0,0.0,436.01,2026-06-26,grid_india_psp_report,files/grdw/2026/06/25.06.26_NLDC_PSP_644.xls,https://webcdn.grid-india.in/files/grdw/2026/06/25.06.26_NLDC_PSP_644.xls,2026-09-24T17:29:45.448400,ok
2026-06-26,20976.0,0.0,448.34,2026-06-27,grid_india_psp_report,files/grdw/2026/06/26.06.26_NLDC_PSP_651.xls,https://webcdn.grid-india.in/files/grdw/2026/06/26.06.26_NLDC_PSP_651.xls,2026-09-24T17:29:46.904255,ok
2026-06-27,20944.0,0.0,438.32,2026-06-28,grid_india_psp_report,files/grdw/2026/06/27.06.26_NLDC_PSP_652.xls,https://webcdn.grid-india.in/files/grdw/2026/06/27.06.26_NLDC_PSP_652.xls,2026-09-24T17:29:48.471687,ok
2026-06-28,18471.0,0.0,393.2,2026-06-29,grid_india_psp_report,files/grdw/2026/06/28.06.26_NLDC_PSP_944.xls,https://webcdn.grid-india.in/files/grdw/2026/06/28.06.26_NLDC_PSP_944.xls,2026-09-24T17:29:50.202531,ok
2026-06-29,20168.0,0.0,420.65,2026-06-30,grid_india_psp_report,files/grdw/2026/06/29.06.26_NLDC_PSP_560.xls,https://webcdn.grid-india.in/files/grdw/2026/06/29.06.26_NLDC_PSP_560.xls,2026-09-24T17:29:51.564769,ok
2026-06-30,20789.0,0.0,436.86,2026-07-01,grid_india_psp_report,files/grdw/2026/07/30.06.26_NLDC_PSP_477.xls,https://webcdn.grid-india.in/files/grdw/2026/07/30.06.26_NLDC_PSP_477.xls,2026-09-24T17:29:52.915274,ok
2026-07-01,20283.0,0.0,436.7,2026-07-02,grid_india_psp_report,files/grdw/2026/07/01.07.26_NLDC_PSP_549.xls,https://webcdn.grid-india.in/files/grdw/2026/07/01.07.26_NLDC_PSP_549.xls,2026-09-24T17:29:54.501749,ok
2026-07-02,20463.0,0.0,437.99,2026-07-03,grid_india_psp_report,files/grdw/2026/07/02.07.26_NLDC_PSP_326.xls,https://webcdn.grid-india.in/files/grdw/2026/07/02.07.26_NLDC_PSP_326.xls,2026-09-24T17:29:55.805334,ok
2026-07-03,20325.0,0.0,444.54,2026-07-04,grid_india_psp_report,files/grdw/2026/07/03.07.26_NLDC_PSP_730.xls,https://webcdn.grid-india.in/files/grdw/2026/07/03.07.26_NLDC_PSP_730.xls,2026-09-24T17:29:57.048800,ok
2026-07-04,19198.0,0.0,424.77,2026-07-05,grid_india_psp_report,files/grdw/2026/07/04.07.26_NLDC_PSP_907.xls,https://webcdn.grid-india.in/files/grdw/2026/07/04.07.26_NLDC_PSP_907.xls,2026-09-24T17:29:58.500566,ok
2026-07-05,17918.0,0.0,381.85,2026-07-06,grid_india_psp_report,files/grdw/2026/07/05.07.26_NLDC_PSP_247.xls,https://webcdn.grid-india.in/files/grdw/2026/07/05.07.26_NLDC_PSP_247.xls,2026-09-24T17:29:59.707623,ok
2026-07-06,20592.0,0.0,421.21,2026-07-07,grid_india_psp_report,files/grdw/2026/07/06.07.26_NLDC_PSP_549.xls,https://webcdn.grid-india.in/files/grdw/2026/07/06.07.26_NLDC_PSP_549.xls,2026-09-24T17:30:01.146967,ok
2026-07-07,21032.0,0.0,443.72,2026-07-08,grid_india_psp_report,files/grdw/2026/07/07.07.26_NLDC_PSP_433.xls,https://webcdn.grid-india.in/files/grdw/2026/07/07.07.26_NLDC_PSP_433.xls,2026-09-24T17:30:02.629044,ok
2026-07-08,20988.0,0.0,454.54,2026-07-09,grid_india_psp_report,files/grdw/2026/07/08.07.26_NLDC_PSP_H&E%20v1_222.xls,https://webcdn.grid-india.in/files/grdw/2026/07/08.07.26_NLDC_PSP_H&E%20v1_222.xls,2026-09-24T17:30:03.927674,ok
2026-07-09,20896.0,0.0,456.46,2026-07-10,grid_india_psp_report,files/grdw/2026/07/09.07.26_NLDC_PSP_746.xls,https://webcdn.grid-india.in/files/grdw/2026/07/09.07.26_NLDC_PSP_746.xls,2026-09-24T17:30:05.076431,ok
2026-07-10,20080.0,0.0,450.08,2026-07-11,grid_india_psp_report,files/grdw/2026/07/10.07.26_NLDC_PSP_903.xls,https://webcdn.grid-india.in/files/grdw/2026/07/10.07.26_NLDC_PSP_903.xls,2026-09-24T17:30:06.587971,ok
2026-07-11,20625.0,0.0,437.18,2026-07-12,grid_india_psp_report,files/grdw/2026/07/11.07.26_NLDC_PSP_854.xls,https://webcdn.grid-india.in/files/grdw/2026/07/11.07.26_NLDC_PSP_854.xls,2026-09-24T17:30:08.026197,ok
2026-07-12,19549.0,0.0,413.49,2026-07-13,grid_india_psp_report,files/grdw/2026/07/12.07.26_NLDC_PSP_941.xls,https://webcdn.grid-india.in/files/grdw/2026/07/12.07.26_NLDC_PSP_941.xls,2026-09-24T17:30:09.736762,ok
2026-07-13,21629.0,0.0,446.58,2026-07-14,grid_india_psp_report,files/grdw/2026/07/13.07.26_NLDC_PSP_532.xls,https://webcdn.grid-india.in/files/grdw/2026/07/13.07.26_NLDC_PSP_532.xls,2026-09-24T17:30:10.980184,ok
2026-07-14,21724.0,0.0,459.06,2026-07-15,grid_india_psp_report,files/grdw/2026/07/14.07.26_NLDC_PSP_368.xls,https://webcdn.grid-india.in/files/grdw/2026/07/14.07.26_NLDC_PSP_368.xls,2026-09-24T17:30:12.296249,ok
2026-07-15,21520.0,0.0,464.77,2026-07-16,grid_india_psp_report,files/grdw/2026/07/15.07.26_NLDC_PSP_564.xls,https://webcdn.grid-india.in/files/grdw/2026/07/15.07.26_NLDC_PSP_564.xls,2026-09-24T17:30:14.027331,ok
2026-07-16,21717.0,0.0,468.69,2026-07-17,grid_india_psp_report,files/grdw/2026/07/16.07.26_NLDC_PSP_106.xls,https://webcdn.grid-india.in/files/grdw/2026/07/16.07.26_NLDC_PSP_106.xls,2026-09-24T17:30:15.890711,ok
2026-07-17,21119.0,0.0,464.92,2026-07-18,grid_india_psp_report,files/grdw/2026/07/17.07.26_NLDC_PSP_996.xls,https://webcdn.grid-india.in/files/grdw/2026/07/17.07.26_NLDC_PSP_996.xls,2026-09-24T17:30:17.407181,ok
2026-07-18,20350.0,0.0,438.14,2026-07-19,grid_india_psp_report,files/grdw/2026/07/18.07.26_NLDC_PSP_642.xls,https://webcdn.grid-india.in/files/grdw/2026/07/18.07.26_NLDC_PSP_642.xls,2026-09-24T17:30:18.834054,ok
2026-07-19,19124.0,0.0,418.33,2026-07-20,grid_india_psp_report,files/grdw/2026/07/19.07.26_NLDC_PSP_632.xls,https://webcdn.grid-india.in/files/grdw/2026/07/19.07.26_NLDC_PSP_632.xls,2026-09-24T17:30:20.217423,ok
2026-07-20,20938.0,0.0,440.58,2026-07-21,grid_india_psp_report,files/grdw/2026/07/20.07.26_NLDC_PSP_128.xls,https://webcdn.grid-india.in/files/grdw/2026/07/20.07.26_NLDC_PSP_128.xls,2026-09-24T17:30:21.823456,ok
2026-07-21,20767.0,0.0,438.08,2026-07-22,grid_india_psp_report,files/grdw/2026/07/21.07.26_NLDC_PSP_413.xls,https://webcdn.grid-india.in/files/grdw/2026/07/21.07.26_NLDC_PSP_413.xls,2026-09-24T17:30:23.663367,ok
2026-07-22,21439.0,0.0,445.85,2026-07-23,grid_india_psp_report,files/grdw/2026/07/22.07.26_NLDC_PSP_874.xls,https://webcdn.grid-india.in/files/grdw/2026/07/22.07.26_NLDC_PSP_874.xls,2026-09-24T17:30:25.463473,ok
2026-07-23,21368.0,0.0,453.19,2026-07-24,grid_india_psp_report,files/grdw/2026/07/23.07.26_NLDC_PSP_675.xls,https://webcdn.grid-india.in/files/grdw/2026/07/23.07.26_NLDC_PSP_675.xls,2026-09-24T17:30:27.013567,ok
2026-07-24,21235.0,0.0,457.24,2026-07-25,grid_india_psp_report,files/grdw/2026/07/24.07.26_NLDC_PSP_439.xls,https://webcdn.grid-india.in/files/grdw/2026/07/24.07.26_NLDC_PSP_439.xls,2026-09-24T17:30:28.817966,ok
2026-07-25,20988.0,0.0,456.08,2026-07-26,grid_india_psp_report,files/grdw/2026/07/25.07.26_NLDC_PSP_705.xls,https://webcdn.grid-india.in/files/grdw/2026/07/25.07.26_NLDC_PSP_705.xls,2026-09-24T17:30:30.444753,ok
2026-07-26,19682.0,0.0,425.57,2026-07-27,grid_india_psp_report,files/grdw/2026/07/26.07.26_NLDC_PSP_392.xls,https://webcdn.grid-india.in/files/grdw/2026/07/26.07.26_NLDC_PSP_392.xls,2026-09-24T17:30:32.178555,ok
2026-07-27,21396.0,0.0,451.15,2026-07-28,grid_india_psp_report,files/grdw/2026/07/27.07.26_NLDC_PSP_702.xls,https://webcdn.grid-india.in/files/grdw/2026/07/27.07.26_NLDC_PSP_702.xls,2026-09-24T17:30:33.747596,ok
2026-07-28,21598.0,0.0,461.82,2026-07-29,grid_india_psp_report,files/grdw/2026/07/28.07.26_NLDC_PSP_413.xls,https://webcdn.grid-india.in/files/grdw/2026/07/28.07.26_NLDC_PSP_413.xls,2026-09-24T17:30:35.004856,ok
2026-07-29,21329.0,0.0,465.19,2026-07-30,grid_india_psp_report,files/grdw/2026/07/29.07.26_NLDC_PSP_639.xls,https://webcdn.grid-india.in/files/grdw/2026/07/29.07.26_NLDC_PSP_639.xls,2026-09-24T17:30:36.230265,ok
2026-07-30,21449.0,0.0,465.37,2026-07-31,grid_india_psp_report,files/grdw/2026/07/30.07.26_NLDC_PSP_696.xls,https://webcdn.grid-india.in/files/grdw/2026/07/30.07.26_NLDC_PSP_696.xls,2026-09-24T17:30:37.706184,ok
2026-07-31,21166.0,0.0,463.36,2026-08-01,grid_india_psp_report,files/grdw/2026/08/31.07.26_NLDC_PSP_624.xls,https://webcdn.grid-india.in/files/grdw/2026/08/31.07.26_NLDC_PSP_624.xls,2026-09-24T17:30:39.565009,ok
2026-08-01,20526.0,0.0,438.42,2026-08-02,grid_india_psp_report,files/grdw/2026/08/01.08.26_NLDC_PSP_136.xls,https://webcdn.grid-india.in/files/grdw/2026/08/01.08.26_NLDC_PSP_136.xls,2026-09-24T17:30:41.125568,ok
2026-08-02,18608.0,0.0,395.67,2026-08-03,grid_india_psp_report,files/grdw/2026/08/02.08.26_NLDC_PSP_901.xls,https://webcdn.grid-india.in/files/grdw/2026/08/02.08.26_NLDC_PSP_901.xls,2026-09-24T17:30:42.465513,ok
2026-08-03,19565.0,0.0,409.96,2026-08-04,grid_india_psp_report,files/grdw/2026/08/03.08.26_NLDC_PSP_867.xls,https://webcdn.grid-india.in/files/grdw/2026/08/03.08.26_NLDC_PSP_867.xls,2026-09-24T17:30:43.748521,ok
2026-08-04,20060.0,0.0,414.28,2026-08-05,grid_india_psp_report,files/grdw/2026/08/04.08.26_NLDC_PSP_269.xls,https://webcdn.grid-india.in/files/grdw/2026/08/04.08.26_NLDC_PSP_269.xls,2026-09-24T17:30:44.951070,ok
2026-08-05,20128.0,0.0,413.99,2026-08-06,grid_india_psp_report,files/grdw/2026/08/05.08.26_NLDC_PSP_169.xls,https://webcdn.grid-india.in/files/grdw/2026/08/05.08.26_NLDC_PSP_169.xls,2026-09-24T17:30:46.177789,ok
2026-08-06,20196.0,0.0,423.54,2026-08-07,grid_india_psp_report,files/grdw/2026/08/06.08.26_NLDC_PSP_783.xls,https://webcdn.grid-india.in/files/grdw/2026/08/06.08.26_NLDC_PSP_783.xls,2026-09-24T17:30:47.472710,ok
2026-08-07,19711.0,0.0,415.1,2026-08-08,grid_india_psp_report,files/grdw/2026/08/07.08.26_NLDC_PSP_473.xls,https://webcdn.grid-india.in/files/grdw/2026/08/07.08.26_NLDC_PSP_473.xls,2026-09-24T17:30:48.957570,ok
2026-08-08,19472.0,0.0,405.9,2026-08-09,grid_india_psp_report,files/grdw/2026/08/08.08.26_NLDC_PSP_537.xls,https://webcdn.grid-india.in/files/grdw/2026/08/08.08.26_NLDC_PSP_537.xls,2026-09-24T17:30:50.610127,ok
2026-08-09,17373.0,0.0,363.49,2026-08-10,grid_india_psp_report,files/grdw/2026/08/09.08.26_NLDC_PSP_357.xls,https://webcdn.grid-india.in/files/grdw/2026/08/09.08.26_NLDC_PSP_357.xls,2026-09-24T17:30:52.326955,ok
2026-08-10,19361.0,0.0,392.95,2026-08-11,grid_india_psp_report,files/grdw/2026/08/10.08.26_NLDC_PSP_521.xls,https://webcdn.grid-india.in/files/grdw/2026/08/10.08.26_NLDC_PSP_521.xls,2026-09-24T17:30:54.085294,ok
2026-08-11,20148.0,0.0,402.89,2026-08-12,grid_india_psp_report,files/grdw/2026/08/11.08.26_NLDC_PSP_650.xls,https://webcdn.grid-india.in/files/grdw/2026/08/11.08.26_NLDC_PSP_650.xls,2026-09-24T17:30:55.523096,ok
2026-08-12,20146.0,0.0,409.87,2026-08-13,grid_india_psp_report,files/grdw/2026/08/12.08.26_NLDC_PSP_374.xls,https://webcdn.grid-india.in/files/grdw/2026/08/12.08.26_NLDC_PSP_374.xls,2026-09-24T17:30:57.073211,ok
2026-08-13,19755.0,0.0,413.8,2026-08-14,grid_india_psp_report,files/grdw/2026/08/13.08.26_NLDC_PSP_569.xls,https://webcdn.grid-india.in/files/grdw/2026/08/13.08.26_NLDC_PSP_569.xls,2026-09-24T17:30:58.406304,ok
2026-08-14,19606.0,0.0,414.12,2026-08-15,grid_india_psp_report,files/grdw/2026/08/14.08.26_NLDC_PSP_120.xls,https://webcdn.grid-india.in/files/grdw/2026/08/14.08.26_NLDC_PSP_120.xls,2026-09-24T17:31:00.209675,ok
2026-08-15,17962.0,0.0,369.97,2026-08-16,grid_india_psp_report,files/grdw/2026/08/15.08.26_NLDC_PSP_626.xls,https://webcdn.grid-india.in/files/grdw/2026/08/15.08.26_NLDC_PSP_626.xls,2026-09-24T17:31:01.584654,ok
2026-08-16,18512.0,0.0,369.32,2026-08-17,grid_india_psp_report,files/grdw/2026/08/16.08.26_NLDC_PSP_513.xls,https://webcdn.grid-india.in/files/grdw/2026/08/16.08.26_NLDC_PSP_513.xls,2026-09-24T17:31:03.117359,ok
2026-08-17,20509.0,0.0,416.63,2026-08-18,grid_india_psp_report,files/grdw/2026/08/17.08.26_NLDC_PSP_740.xls,https://webcdn.grid-india.in/files/grdw/2026/08/17.08.26_NLDC_PSP_740.xls,2026-09-24T17:31:04.880975,ok
2026-08-18,21615.0,0.0,437.79,2026-08-19,grid_india_psp_report,files/grdw/2026/08/18.08.26_NLDC_PSP_135.xls,https://webcdn.grid-india.in/files/grdw/2026/08/18.08.26_NLDC_PSP_135.xls,2026-09-24T17:31:06.559026,ok
2026-08-19,20479.0,0.0,434.46,2026-08-20,grid_india_psp_report,files/grdw/2026/08/19.08.26_NLDC_PSP_538.xls,https://webcdn.grid-india.in/files/grdw/2026/08/19.08.26_NLDC_PSP_538.xls,2026-09-24T17:31:08.258504,ok
2026-08-20,20023.0,0.0,426.47,2026-08-21,grid_india_psp_report,files/grdw/2026/08/20.08.26_NLDC_PSP_848.xls,https://webcdn.grid-india.in/files/grdw/2026/08/20.08.26_NLDC_PSP_848.xls,2026-09-24T17:31:09.645684,ok
2026-08-21,19469.0,0.0,416.8,2026-08-22,grid_india_psp_report,files/grdw/2026/08/21.08.26_NLDC_PSP_678.xls,https://webcdn.grid-india.in/files/grdw/2026/08/21.08.26_NLDC_PSP_678.xls,2026-09-24T17:31:11.062144,ok
2026-08-22,19781.0,0.0,413.68,2026-08-23,grid_india_psp_report,files/grdw/2026/08/22.08.26_NLDC_PSP_371.xls,https://webcdn.grid-india.in/files/grdw/2026/08/22.08.26_NLDC_PSP_371.xls,2026-09-24T17:31:12.439306,ok
2026-08-23,18080.0,0.0,381.44,2026-08-24,grid_india_psp_report,files/grdw/2026/08/23.08.26_NLDC_PSP_470.xls,https://webcdn.grid-india.in/files/grdw/2026/08/23.08.26_NLDC_PSP_470.xls,2026-09-24T17:31:14.122128,ok
2026-08-24,20043.0,0.0,400.07,2026-08-25,grid_india_psp_report,files/grdw/2026/08/24.08.26_NLDC_PSP_562.xls,https://webcdn.grid-india.in/files/grdw/2026/08/24.08.26_NLDC_PSP_562.xls,2026-09-24T17:31:15.595375,ok
2026-08-25,19870.0,0.0,410.48,2026-08-26,grid_india_psp_report,files/grdw/2026/08/25.08.26_NLDC_PSP_116.xls,https://webcdn.grid-india.in/files/grdw/2026/08/25.08.26_NLDC_PSP_116.xls,2026-09-24T17:31:17.218019,ok
2026-08-26,20099.0,0.0,417.37,2026-08-27,grid_india_psp_report,files/grdw/2026/08/26.08.26_NLDC_PSP_408.xls,https://webcdn.grid-india.in/files/grdw/2026/08/26.08.26_NLDC_PSP_408.xls,2026-09-24T17:31:18.858333,ok
2026-08-27,20452.0,0.0,420.5,2026-08-28,grid_india_psp_report,files/grdw/2026/08/27.08.26_NLDC_PSP_310.xls,https://webcdn.grid-india.in/files/grdw/2026/08/27.08.26_NLDC_PSP_310.xls,2026-09-24T17:31:20.440021,ok
2026-08-28,20229.0,0.0,425.62,2026-08-29,grid_india_psp_report,files/grdw/2026/08/28.08.26_NLDC_PSP_928.xls,https://webcdn.grid-india.in/files/grdw/2026/08/28.08.26_NLDC_PSP_928.xls,2026-09-24T17:31:21.957082,ok
2026-08-29,20055.0,0.0,414.9,2026-08-30,grid_india_psp_report,files/grdw/2026/08/29.08.26_NLDC_PSP_858.xls,https://webcdn.grid-india.in/files/grdw/2026/08/29.08.26_NLDC_PSP_858.xls,2026-09-24T17:31:23.362840,ok
2026-08-30,18775.0,0.0,387.47,2026-08-31,grid_india_psp_report,files/grdw/2026/08/30.08.26_NLDC_PSP_307.xls,https://webcdn.grid-india.in/files/grdw/2026/08/30.08.26_NLDC_PSP_307.xls,2026-09-24T17:31:25.157603,ok
2026-08-31,20859.0,0.0,415.32,2026-09-01,grid_india_psp_report,files/grdw/2026/09/31.08.26_NLDC_PSP_198.xls,https://webcdn.grid-india.in/files/grdw/2026/09/31.08.26_NLDC_PSP_198.xls,2026-09-24T17:31:26.545507,ok
2026-09-01,21077.0,0.0,439.9,2026-09-02,grid_india_psp_report,files/grdw/2026/09/01.09.26_NLDC_PSP_868.xls,https://webcdn.grid-india.in/files/grdw/2026/09/01.09.26_NLDC_PSP_868.xls,2026-09-24T17:31:28.208147,ok
2026-09-02,20926.0,0.0,439.72,2026-09-03,grid_india_psp_report,files/grdw/2026/09/02.09.26_NLDC_PSP_997.xls,https://webcdn.grid-india.in/files/grdw/2026/09/02.09.26_NLDC_PSP_997.xls,2026-09-24T17:31:29.814722,ok
2026-09-03,21161.0,0.0,436.2,2026-09-04,grid_india_psp_report,files/grdw/2026/09/03.09.26_NLDC_PSP_912.xls,https://webcdn.grid-india.in/files/grdw/2026/09/03.09.26_NLDC_PSP_912.xls,2026-09-24T17:31:31.428326,ok
2026-09-04,20507.0,0.0,423.33,2026-09-05,grid_india_psp_report,files/grdw/2026/09/04.09.26_NLDC_PSP_876.xls,https://webcdn.grid-india.in/files/grdw/2026/09/04.09.26_NLDC_PSP_876.xls,2026-09-24T17:31:33.361943,ok
2026-09-05,20107.0,0.0,417.16,2026-09-06,grid_india_psp_report,files/grdw/2026/09/05.09.26_NLDC_PSP_131.xls,https://webcdn.grid-india.in/files/grdw/2026/09/05.09.26_NLDC_PSP_131.xls,2026-09-24T17:31:35.124330,ok
2026-09-06,17840.0,0.0,376.46,2026-09-07,grid_india_psp_report,files/grdw/2026/09/06.09.26_NLDC_PSP_800.xls,https://webcdn.grid-india.in/files/grdw/2026/09/06.09.26_NLDC_PSP_800.xls,2026-09-24T17:31:36.852809,ok
2026-09-07,20490.0,0.0,412.47,2026-09-08,grid_india_psp_report,files/grdw/2026/09/07.09.26_NLDC_PSP_454.xls,https://webcdn.grid-india.in/files/grdw/2026/09/07.09.26_NLDC_PSP_454.xls,2026-09-24T17:31:38.477578,ok
2026-09-08,21139.0,0.0,423.12,2026-09-09,grid_india_psp_report,files/grdw/2026/09/08.09.26_NLDC_PSP_561.xls,https://webcdn.grid-india.in/files/grdw/2026/09/08.09.26_NLDC_PSP_561.xls,2026-09-24T17:31:40.079583,ok
2026-09-09,21000.0,912.0,425.15,2026-09-10,grid_india_psp_report,files/grdw/2026/09/09.09.26_NLDC_PSP_764.xls,https://webcdn.grid-india.in/files/grdw/2026/09/09.09.26_NLDC_PSP_764.xls,2026-09-24T17:31:41.513260,ok
2026-09-10,21437.0,0.0,423.46,2026-09-11,grid_india_psp_report,files/grdw/2026/09/10.09.26_NLDC_PSP_372.xls,https://webcdn.grid-india.in/files/grdw/2026/09/10.09.26_NLDC_PSP_372.xls,2026-09-24T17:31:42.972061,ok
2026-09-11,20680.0,0.0,424.05,2026-09-12,grid_india_psp_report,files/grdw/2026/09/11.09.26_NLDC_PSP_608.xls,https://webcdn.grid-india.in/files/grdw/2026/09/11.09.26_NLDC_PSP_608.xls,2026-09-24T17:31:44.476145,ok
2026-09-12,20649.0,0.0,429.04,2026-09-13,grid_india_psp_report,files/grdw/2026/09/12.09.26_NLDC_PSP_752.xls,https://webcdn.grid-india.in/files/grdw/2026/09/12.09.26_NLDC_PSP_752.xls,2026-09-24T17:31:46.018914,ok
2026-09-13,18476.0,0.0,380.75,2026-09-14,grid_india_psp_report,files/grdw/2026/09/13.09.26_NLDC_PSP_508.xls,https://webcdn.grid-india.in/files/grdw/2026/09/13.09.26_NLDC_PSP_508.xls,2026-09-24T17:31:47.455742,ok
2026-09-14,17699.0,0.0,377.72,2026-09-15,grid_india_psp_report,files/grdw/2026/09/14.09.26_NLDC_PSP_718.xls,https://webcdn.grid-india.in/files/grdw/2026/09/14.09.26_NLDC_PSP_718.xls,2026-09-24T17:31:49.089133,ok
2026-09-15,19421.0,0.0,387.33,2026-09-16,grid_india_psp_report,files/grdw/2026/09/15.09.26_NLDC_PSP_312.xls,https://webcdn.grid-india.in/files/grdw/2026/09/15.09.26_NLDC_PSP_312.xls,2026-09-24T17:31:50.558997,ok
2026-09-16,20250.0,0.0,407.1,2026-09-17,grid_india_psp_report,files/grdw/2026/09/16.09.26_NLDC_PSP_295.xls,https://webcdn.grid-india.in/files/grdw/2026/09/16.09.26_NLDC_PSP_295.xls,2026-09-24T17:31:51.889010,ok
2026-09-17,19601.0,0.0,407.41,2026-09-18,grid_india_psp_report,files/grdw/2026/09/17.09.26_NLDC_PSP_149.xls,https://webcdn.grid-india.in/files/grdw/2026/09/17.09.26_NLDC_PSP_149.xls,2026-09-24T17:31:53.305046,ok
2026-09-18,19226.0,0.0,414.05,2026-09-19,grid_india_psp_report,files/grdw/2026/09/18.09.26_NLDC_PSP_925.xls,https://webcdn.grid-india.in/files/grdw/2026/09/18.09.26_NLDC_PSP_925.xls,2026-09-24T17:31:55.243130,ok
2026-09-19,19261.0,0.0,407.59,2026-09-20,grid_india_psp_report,files/grdw/2026/09/19.09.26_NLDC_PSP_513.xls,https://webcdn.grid-india.in/files/grdw/2026/09/19.09.26_NLDC_PSP_513.xls,2026-09-20T19:47:41.776530,
2026-09-20,16914.0,0.0,354.62,2026-09-21,grid_india_psp_report,files/grdw/2026/09/20.09.26_NLDC_PSP_886.xls,https://webcdn.grid-india.in/files/grdw/2026/09/20.09.26_NLDC_PSP_886.xls,2026-09-21T06:00:44.282168,
2026-09-21,17999.0,0.0,360.16,2026-09-22,grid_india_psp_report,files/grdw/2026/09/21.09.26_NLDC_PSP_229.xls,https://webcdn.grid-india.in/files/grdw/2026/09/21.09.26_NLDC_PSP_229.xls,2026-09-22T08:43:24.945704,
2026-09-22,19439.0,0.0,377.91,2026-09-23,grid_india_psp_report,files/grdw/2026/09/22.09.26_NLDC_PSP_283.xls,https://webcdn.grid-india.in/files/grdw/2026/09/22.09.26_NLDC_PSP_283.xls,2026-09-24T16:54:23.060054,
2026-09-23,19838.0,0.0,394.58,2026-09-24,grid_india_psp_report,files/grdw/2026/09/23.09.26_NLDC_PSP_929.xls,https://webcdn.grid-india.in/files/grdw/2026/09/23.09.26_NLDC_PSP_929.xls,2026-09-24T18:07:32.514424,
